countrycode,country,date,retail,grocery,parks,transit,workplaces,residential,stringencyindex,c1_school_closing,c2_workplace_closing,c3_cancel_public_events,c4_restrictions_on_gatherings,c5_close_public_transport,c6_stay_at_home_requirements,c7_restrictions_on_internal_movement,c8_international_travel_controls,e1_income_support,confirmedcases,confirmeddeaths
BR,Brazil,2020-02-15,5.0,4.0,-5.0,8.0,6.0,0.0,11.11,0.0,0.0,0.0,0.0,0.0,0.0,0.0,0.0,0.0,,
BR,Brazil,2020-02-16,2.0,3.0,-13.0,3.0,0.0,1.0,11.11,0.0,0.0,0.0,0.0,0.0,0.0,0.0,0.0,0.0,,
BR,Brazil,2020-02-17,-2.0,0.0,-12.0,9.0,19.0,-1.0,11.11,0.0,0.0,0.0,0.0,0.0,0.0,0.0,0.0,0.0,,
BR,Brazil,2020-02-18,-3.0,-1.0,-11.0,9.0,15.0,-1.0,11.11,0.0,0.0,0.0,0.0,0.0,0.0,0.0,0.0,0.0,,
BR,Brazil,2020-02-19,-1.0,-2.0,-5.0,8.0,14.0,-1.0,11.11,0.0,0.0,0.0,0.0,0.0,0.0,0.0,0.0,0.0,,
BR,Brazil,2020-02-20,1.0,7.0,2.0,11.0,15.0,-2.0,11.11,0.0,0.0,0.0,0.0,0.0,0.0,0.0,0.0,0.0,,
BR,Brazil,2020-02-21,2.0,10.0,1.0,12.0,13.0,-1.0,11.11,0.0,0.0,0.0,0.0,0.0,0.0,0.0,0.0,0.0,,
BR,Brazil,2020-02-22,-3.0,6.0,12.0,6.0,-4.0,0.0,11.11,0.0,0.0,0.0,0.0,0.0,0.0,0.0,0.0,0.0,,
BR,Brazil,2020-02-23,4.0,7.0,32.0,2.0,-3.0,1.0,11.11,0.0,0.0,0.0,0.0,0.0,0.0,0.0,0.0,0.0,,
BR,Brazil,2020-02-24,-14.0,-7.0,69.0,-27.0,-45.0,8.0,11.11,0.0,0.0,0.0,0.0,0.0,0.0,0.0,0.0,0.0,,
BR,Brazil,2020-02-25,-31.0,-29.0,51.0,-35.0,-61.0,10.0,11.11,0.0,0.0,0.0,0.0,0.0,0.0,0.0,0.0,0.0,,
BR,Brazil,2020-02-26,-18.0,-11.0,-8.0,-17.0,-18.0,6.0,11.11,0.0,0.0,0.0,0.0,0.0,0.0,0.0,0.0,0.0,,
BR,Brazil,2020-02-27,-8.0,2.0,-11.0,1.0,10.0,1.0,11.11,0.0,0.0,0.0,0.0,0.0,0.0,0.0,0.0,0.0,,
BR,Brazil,2020-02-28,-5.0,3.0,-17.0,2.0,13.0,1.0,11.11,0.0,0.0,0.0,0.0,0.0,0.0,0.0,0.0,0.0,,
BR,Brazil,2020-02-29,-3.0,5.0,-23.0,-2.0,5.0,3.0,11.11,0.0,0.0,0.0,0.0,0.0,0.0,0.0,0.0,0.0,,
BR,Brazil,2020-03-01,-9.0,3.0,-34.0,-10.0,-1.0,5.0,11.11,0.0,0.0,0.0,0.0,0.0,0.0,0.0,0.0,0.0,,
BR,Brazil,2020-03-02,-6.0,1.0,-25.0,6.0,20.0,0.0,11.11,0.0,0.0,0.0,0.0,0.0,0.0,0.0,0.0,0.0,,
BR,Brazil,2020-03-03,-5.0,2.0,-21.0,6.0,15.0,-1.0,11.11,0.0,0.0,0.0,0.0,0.0,0.0,0.0,0.0,0.0,,
BR,Brazil,2020-03-04,-1.0,2.0,-11.0,7.0,16.0,-1.0,11.11,0.0,0.0,0.0,0.0,0.0,0.0,0.0,0.0,0.0,,
BR,Brazil,2020-03-05,0.0,7.0,-5.0,10.0,18.0,-2.0,11.11,0.0,0.0,0.0,0.0,0.0,0.0,0.0,0.0,0.0,,
BR,Brazil,2020-03-06,6.0,11.0,-7.0,13.0,18.0,-2.0,11.11,0.0,0.0,0.0,0.0,0.0,0.0,0.0,0.0,0.0,,
BR,Brazil,2020-03-07,9.0,13.0,-14.0,8.0,7.0,0.0,11.11,0.0,0.0,0.0,0.0,0.0,0.0,0.0,0.0,0.0,,
BR,Brazil,2020-03-08,8.0,11.0,-17.0,2.0,3.0,1.0,11.11,0.0,0.0,0.0,0.0,0.0,0.0,0.0,0.0,0.0,,
BR,Brazil,2020-03-09,1.0,5.0,-12.0,12.0,21.0,-2.0,11.11,0.0,0.0,0.0,0.0,0.0,0.0,0.0,0.0,0.0,,
BR,Brazil,2020-03-10,0.0,5.0,-11.0,11.0,17.0,-2.0,11.11,0.0,0.0,0.0,0.0,0.0,0.0,0.0,0.0,0.0,,
BR,Brazil,2020-03-11,1.0,2.0,-6.0,10.0,17.0,-1.0,11.11,0.0,0.0,0.0,0.0,0.0,0.0,0.0,0.0,0.0,,
BR,Brazil,2020-03-12,-2.0,4.0,-5.0,10.0,17.0,-2.0,11.11,0.0,0.0,0.0,0.0,0.0,0.0,0.0,0.0,0.0,,
BR,Brazil,2020-03-13,0.0,7.0,-8.0,10.0,18.0,-2.0,27.78,0.0,0.0,1.0,2.0,0.0,0.0,0.0,2.0,0.0,,
BR,Brazil,2020-03-14,-2.0,7.0,-15.0,0.0,6.0,1.0,27.78,0.0,0.0,1.0,2.0,0.0,0.0,0.0,2.0,0.0,,
BR,Brazil,2020-03-15,-8.0,7.0,-21.0,-7.0,0.0,3.0,27.78,0.0,0.0,1.0,2.0,0.0,0.0,0.0,2.0,0.0,,
BR,Brazil,2020-03-16,-11.0,6.0,-23.0,-4.0,14.0,1.0,30.56,0.0,0.0,1.0,3.0,0.0,0.0,0.0,2.0,0.0,,
BR,Brazil,2020-03-17,-19.0,7.0,-28.0,-15.0,3.0,4.0,39.81,3.0,0.0,1.0,3.0,0.0,0.0,0.0,2.0,0.0,3.0,0.0
BR,Brazil,2020-03-18,-25.0,5.0,-28.0,-22.0,-6.0,7.0,50.0,3.0,0.0,1.0,3.0,0.0,0.0,1.0,3.0,0.0,3.0,0.0
BR,Brazil,2020-03-19,-36.0,2.0,-34.0,-31.0,-17.0,10.0,50.0,3.0,0.0,1.0,3.0,0.0,0.0,1.0,3.0,0.0,4.0,0.0
BR,Brazil,2020-03-20,-45.0,0.0,-45.0,-37.0,-21.0,13.0,81.02,3.0,3.0,2.0,4.0,1.0,1.0,2.0,3.0,0.0,7.0,0.0
BR,Brazil,2020-03-21,-63.0,-16.0,-66.0,-50.0,-30.0,16.0,81.02,3.0,3.0,2.0,4.0,1.0,1.0,2.0,3.0,0.0,11.0,0.0
BR,Brazil,2020-03-22,-72.0,-33.0,-75.0,-60.0,-34.0,17.0,81.02,3.0,3.0,2.0,4.0,1.0,1.0,2.0,3.0,0.0,11.0,0.0
BR,Brazil,2020-03-23,-65.0,-26.0,-61.0,-58.0,-42.0,20.0,81.02,3.0,3.0,2.0,4.0,1.0,1.0,2.0,3.0,0.0,17.0,0.0
BR,Brazil,2020-03-24,-71.0,-33.0,-62.0,-63.0,-51.0,22.0,82.41,3.0,3.0,2.0,4.0,1.0,1.0,2.0,3.0,0.0,21.0,0.0
BR,Brazil,2020-03-25,-69.0,-32.0,-57.0,-63.0,-52.0,23.0,82.41,3.0,3.0,2.0,4.0,1.0,1.0,2.0,3.0,0.0,23.0,0.0
BR,Brazil,2020-03-26,-69.0,-29.0,-54.0,-62.0,-50.0,22.0,82.41,3.0,3.0,2.0,4.0,1.0,1.0,2.0,3.0,0.0,23.0,0.0
BR,Brazil,2020-03-27,-67.0,-26.0,-56.0,-60.0,-48.0,23.0,85.19,3.0,3.0,2.0,4.0,1.0,1.0,2.0,4.0,0.0,25.0,0.0
BR,Brazil,2020-03-28,-70.0,-27.0,-64.0,-59.0,-41.0,19.0,85.19,3.0,3.0,2.0,4.0,1.0,1.0,2.0,4.0,0.0,25.0,0.0
BR,Brazil,2020-03-29,-71.0,-35.0,-70.0,-62.0,-34.0,17.0,85.19,3.0,3.0,2.0,4.0,1.0,1.0,2.0,4.0,0.0,34.0,0.0
BR,Brazil,2020-03-30,-62.0,-26.0,-55.0,-59.0,-43.0,20.0,85.19,3.0,3.0,2.0,4.0,1.0,1.0,2.0,4.0,0.0,41.0,0.0
BR,Brazil,2020-03-31,-60.0,-21.0,-53.0,-58.0,-45.0,19.0,85.19,3.0,3.0,2.0,4.0,1.0,1.0,2.0,4.0,0.0,42.0,0.0
BR,Brazil,2020-04-01,-58.0,-19.0,-48.0,-57.0,-45.0,20.0,85.19,3.0,3.0,2.0,4.0,1.0,1.0,2.0,4.0,0.0,43.0,0.0
BR,Brazil,2020-04-02,-59.0,-17.0,-48.0,-57.0,-45.0,20.0,85.19,3.0,3.0,2.0,4.0,1.0,1.0,2.0,4.0,1.0,45.0,0.0
BR,Brazil,2020-04-03,-60.0,-14.0,-52.0,-55.0,-42.0,20.0,85.19,3.0,3.0,2.0,4.0,1.0,1.0,2.0,4.0,1.0,46.0,0.0
BR,Brazil,2020-04-04,-63.0,-13.0,-60.0,-53.0,-35.0,16.0,85.19,3.0,3.0,2.0,4.0,1.0,1.0,2.0,4.0,1.0,46.0,0.0
BR,Brazil,2020-04-05,-67.0,-24.0,-66.0,-57.0,-30.0,15.0,85.19,3.0,3.0,2.0,4.0,1.0,1.0,2.0,4.0,1.0,48.0,0.0
BR,Brazil,2020-04-06,-56.0,-14.0,-53.0,-53.0,-38.0,18.0,85.19,3.0,3.0,2.0,4.0,1.0,1.0,2.0,4.0,1.0,50.0,1.0
BR,Brazil,2020-04-07,-53.0,-8.0,-50.0,-53.0,-40.0,17.0,85.19,3.0,3.0,2.0,4.0,1.0,1.0,2.0,4.0,1.0,50.0,2.0
BR,Brazil,2020-04-08,-52.0,-7.0,-46.0,-52.0,-40.0,18.0,85.19,3.0,3.0,2.0,4.0,1.0,1.0,2.0,4.0,1.0,58.0,2.0
BR,Brazil,2020-04-09,-49.0,11.0,-40.0,-49.0,-41.0,16.0,85.19,3.0,3.0,2.0,4.0,1.0,1.0,2.0,4.0,1.0,62.0,2.0
BR,Brazil,2020-04-10,-76.0,-38.0,-58.0,-69.0,-72.0,27.0,85.19,3.0,3.0,2.0,4.0,1.0,1.0,2.0,4.0,1.0,70.0,2.0
BR,Brazil,2020-04-11,-59.0,-5.0,-59.0,-52.0,-36.0,16.0,85.19,3.0,3.0,2.0,4.0,1.0,1.0,2.0,4.0,1.0,72.0,2.0
BR,Brazil,2020-04-12,-67.0,-25.0,-67.0,-55.0,-26.0,13.0,85.19,3.0,3.0,2.0,4.0,1.0,1.0,2.0,4.0,1.0,77.0,2.0
BR,Brazil,2020-04-13,-54.0,-19.0,-52.0,-53.0,-35.0,17.0,85.19,3.0,3.0,2.0,4.0,1.0,1.0,2.0,4.0,1.0,90.0,3.0
BR,Brazil,2020-04-14,-56.0,-20.0,-54.0,-55.0,-39.0,18.0,85.19,3.0,3.0,2.0,4.0,1.0,1.0,2.0,4.0,1.0,99.0,3.0
BR,Brazil,2020-04-15,-54.0,-17.0,-47.0,-53.0,-38.0,18.0,85.19,3.0,3.0,2.0,4.0,1.0,1.0,2.0,4.0,1.0,101.0,4.0
BR,Brazil,2020-04-16,-56.0,-14.0,-46.0,-53.0,-38.0,18.0,85.19,3.0,3.0,2.0,4.0,1.0,1.0,2.0,4.0,1.0,115.0,5.0
BR,Brazil,2020-04-17,-55.0,-11.0,-50.0,-51.0,-36.0,19.0,85.19,3.0,3.0,2.0,4.0,1.0,1.0,2.0,4.0,1.0,135.0,5.0
BR,Brazil,2020-04-18,-61.0,-15.0,-59.0,-50.0,-28.0,15.0,85.19,3.0,3.0,2.0,4.0,1.0,1.0,2.0,4.0,1.0,142.0,6.0
BR,Brazil,2020-04-19,-67.0,-23.0,-64.0,-56.0,-25.0,14.0,85.19,3.0,3.0,2.0,4.0,1.0,1.0,2.0,4.0,1.0,163.0,6.0
BR,Brazil,2020-04-20,-53.0,-11.0,-47.0,-53.0,-39.0,17.0,85.19,3.0,3.0,2.0,4.0,1.0,1.0,2.0,4.0,1.0,176.0,8.0
BR,Brazil,2020-04-21,-71.0,-37.0,-51.0,-68.0,-67.0,23.0,85.19,3.0,3.0,2.0,4.0,1.0,1.0,2.0,4.0,1.0,195.0,8.0
BR,Brazil,2020-04-22,-53.0,-15.0,-45.0,-51.0,-34.0,17.0,85.19,3.0,3.0,2.0,4.0,1.0,1.0,2.0,4.0,1.0,214.0,8.0
BR,Brazil,2020-04-23,-56.0,-17.0,-44.0,-54.0,-36.0,18.0,85.19,3.0,3.0,2.0,4.0,1.0,1.0,2.0,4.0,1.0,227.0,10.0
BR,Brazil,2020-04-24,-55.0,-14.0,-48.0,-50.0,-32.0,18.0,85.19,3.0,3.0,2.0,4.0,1.0,1.0,2.0,4.0,1.0,234.0,11.0
BR,Brazil,2020-04-25,-59.0,-14.0,-55.0,-48.0,-25.0,15.0,85.19,3.0,3.0,2.0,4.0,1.0,1.0,2.0,4.0,1.0,258.0,11.0
BR,Brazil,2020-04-26,-65.0,-22.0,-61.0,-54.0,-23.0,14.0,85.19,3.0,3.0,2.0,4.0,1.0,1.0,2.0,4.0,1.0,279.0,11.0
BR,Brazil,2020-04-27,-54.0,-19.0,-50.0,-51.0,-30.0,17.0,85.19,3.0,3.0,2.0,4.0,1.0,1.0,2.0,4.0,1.0,301.0,14.0
BR,Brazil,2020-04-28,-53.0,-16.0,-48.0,-50.0,-33.0,13.0,85.19,3.0,3.0,2.0,4.0,1.0,1.0,2.0,4.0,1.0,317.0,16.0
BR,Brazil,2020-04-29,-52.0,-15.0,-43.0,-50.0,-32.0,17.0,85.19,3.0,3.0,2.0,4.0,1.0,1.0,2.0,4.0,1.0,354.0,18.0
BR,Brazil,2020-04-30,-48.0,3.0,-37.0,-46.0,-31.0,14.0,87.04,3.0,3.0,2.0,4.0,1.0,1.0,2.0,4.0,1.0,404.0,19.0
BR,Brazil,2020-05-01,-71.0,-33.0,-49.0,-66.0,-66.0,25.0,87.04,3.0,3.0,2.0,4.0,1.0,1.0,2.0,4.0,1.0,487.0,19.0
BR,Brazil,2020-05-02,-57.0,-7.0,-54.0,-50.0,-27.0,15.0,87.04,3.0,3.0,2.0,4.0,1.0,1.0,2.0,4.0,1.0,553.0,22.0
BR,Brazil,2020-05-03,-65.0,-21.0,-62.0,-54.0,-21.0,13.0,87.04,3.0,3.0,2.0,4.0,1.0,1.0,2.0,4.0,1.0,658.0,25.0
BR,Brazil,2020-05-04,-50.0,-10.0,-48.0,-48.0,-27.0,15.0,87.04,3.0,3.0,2.0,4.0,1.0,1.0,2.0,4.0,1.0,733.0,28.0
BR,Brazil,2020-05-05,-50.0,-7.0,-47.0,-48.0,-31.0,16.0,87.04,3.0,3.0,2.0,4.0,1.0,1.0,2.0,4.0,1.0,817.0,29.0
BR,Brazil,2020-05-06,-49.0,-6.0,-44.0,-48.0,-31.0,16.0,87.04,3.0,3.0,2.0,4.0,1.0,1.0,2.0,4.0,1.0,943.0,35.0
BR,Brazil,2020-05-07,-48.0,1.0,-43.0,-47.0,-31.0,16.0,87.04,3.0,3.0,2.0,4.0,1.0,1.0,2.0,4.0,1.0,1014.0,36.0
BR,Brazil,2020-05-08,-46.0,7.0,-43.0,-43.0,-28.0,16.0,87.04,3.0,3.0,2.0,4.0,1.0,1.0,2.0,4.0,1.0,1177.0,38.0
BR,Brazil,2020-05-09,-47.0,10.0,-52.0,-40.0,-19.0,13.0,87.04,3.0,3.0,2.0,4.0,1.0,1.0,2.0,4.0,1.0,1335.0,40.0
BR,Brazil,2020-05-10,-59.0,-4.0,-62.0,-45.0,-5.0,10.0,87.04,3.0,3.0,2.0,4.0,1.0,1.0,2.0,4.0,1.0,1447.0,41.0
BR,Brazil,2020-05-11,-49.0,-11.0,-47.0,-47.0,-27.0,16.0,87.04,3.0,3.0,2.0,4.0,1.0,1.0,2.0,4.0,1.0,1460.0,44.0
BR,Brazil,2020-05-12,-51.0,-11.0,-49.0,-48.0,-31.0,16.0,87.04,3.0,3.0,2.0,4.0,1.0,1.0,2.0,4.0,1.0,1590.0,51.0
BR,Brazil,2020-05-13,-51.0,-14.0,-46.0,-49.0,-31.0,17.0,87.04,3.0,3.0,2.0,4.0,1.0,1.0,2.0,4.0,1.0,1694.0,52.0
BR,Brazil,2020-05-14,-52.0,-12.0,-46.0,-49.0,-31.0,16.0,87.04,3.0,3.0,2.0,4.0,1.0,1.0,2.0,4.0,1.0,1740.0,55.0
BR,Brazil,2020-05-15,-52.0,-7.0,-49.0,-48.0,-29.0,18.0,87.04,3.0,3.0,2.0,4.0,1.0,1.0,2.0,4.0,1.0,1785.0,57.0
BR,Brazil,2020-05-16,-55.0,-8.0,-56.0,-46.0,-21.0,15.0,87.04,3.0,3.0,2.0,4.0,1.0,1.0,2.0,4.0,1.0,1867.0,59.0
BR,Brazil,2020-05-17,-63.0,-17.0,-61.0,-52.0,-16.0,14.0,87.04,3.0,3.0,2.0,4.0,1.0,1.0,2.0,4.0,1.0,1996.0,62.0
BR,Brazil,2020-05-18,-50.0,-13.0,-48.0,-48.0,-26.0,16.0,87.04,3.0,3.0,2.0,4.0,1.0,1.0,2.0,4.0,1.0,2234.0,67.0
BR,Brazil,2020-05-19,-51.0,-13.0,-48.0,-48.0,-29.0,16.0,87.04,3.0,3.0,2.0,4.0,1.0,1.0,2.0,4.0,1.0,2482.0,73.0
BR,Brazil,2020-05-20,-50.0,-8.0,-43.0,-49.0,-31.0,17.0,87.04,3.0,3.0,2.0,4.0,1.0,1.0,2.0,4.0,1.0,2817.0,75.0
BR,Brazil,2020-05-21,-51.0,-7.0,-43.0,-49.0,-31.0,17.0,87.04,3.0,3.0,2.0,4.0,1.0,1.0,2.0,4.0,1.0,3103.0,78.0
BR,Brazil,2020-05-22,-52.0,-6.0,-49.0,-47.0,-28.0,17.0,87.04,3.0,3.0,2.0,4.0,1.0,1.0,2.0,4.0,1.0,3343.0,80.0
BR,Brazil,2020-05-23,-56.0,-7.0,-60.0,-47.0,-20.0,15.0,87.04,3.0,3.0,2.0,4.0,1.0,1.0,2.0,4.0,1.0,3867.0,87.0
BR,Brazil,2020-05-24,-66.0,-18.0,-67.0,-54.0,-17.0,14.0,87.04,3.0,3.0,2.0,4.0,1.0,1.0,2.0,4.0,1.0,4160.0,92.0
BR,Brazil,2020-05-25,-53.0,-12.0,-50.0,-52.0,-34.0,18.0,87.04,3.0,3.0,2.0,4.0,1.0,1.0,2.0,4.0,1.0,4501.0,97.0
BR,Brazil,2020-05-26,-50.0,-9.0,-49.0,-47.0,-28.0,16.0,87.04,3.0,3.0,2.0,4.0,1.0,1.0,2.0,4.0,1.0,4781.0,105.0
BR,Brazil,2020-05-27,-48.0,-8.0,-43.0,-46.0,-27.0,16.0,87.04,3.0,3.0,2.0,4.0,1.0,1.0,2.0,4.0,1.0,5251.0,113.0
BR,Brazil,2020-05-28,-48.0,-4.0,-42.0,-45.0,-27.0,16.0,87.04,3.0,3.0,2.0,4.0,1.0,1.0,2.0,4.0,1.0,5600.0,122.0
BR,Brazil,2020-05-29,-47.0,3.0,-43.0,-42.0,-24.0,16.0,87.04,3.0,3.0,2.0,4.0,1.0,1.0,2.0,4.0,1.0,5841.0,135.0
BR,Brazil,2020-05-30,-50.0,2.0,-51.0,-40.0,-12.0,12.0,87.04,3.0,3.0,2.0,4.0,1.0,1.0,2.0,4.0,1.0,6072.0,142.0
BR,Brazil,2020-05-31,-60.0,-9.0,-58.0,-47.0,-8.0,12.0,87.04,3.0,3.0,2.0,4.0,1.0,1.0,2.0,4.0,1.0,6219.0,148.0
BR,Brazil,2020-06-01,-45.0,-3.0,-47.0,-43.0,-21.0,14.0,92.59,3.0,3.0,2.0,4.0,2.0,1.0,2.0,4.0,1.0,6326.0,161.0
BR,Brazil,2020-06-02,-46.0,-4.0,-48.0,-45.0,-25.0,15.0,92.59,3.0,3.0,2.0,4.0,2.0,1.0,2.0,4.0,1.0,6465.0,165.0
BR,Brazil,2020-06-03,-44.0,-3.0,-41.0,-43.0,-24.0,16.0,92.59,3.0,3.0,2.0,4.0,2.0,1.0,2.0,4.0,1.0,6679.0,171.0
BR,Brazil,2020-06-04,-45.0,0.0,-41.0,-42.0,-24.0,15.0,92.59,3.0,3.0,2.0,4.0,2.0,1.0,2.0,4.0,1.0,7021.0,181.0
BR,Brazil,2020-06-05,-42.0,9.0,-44.0,-38.0,-21.0,15.0,92.59,3.0,3.0,2.0,4.0,2.0,1.0,2.0,4.0,1.0,7284.0,190.0
BR,Brazil,2020-06-06,-45.0,8.0,-52.0,-36.0,-11.0,12.0,92.59,3.0,3.0,2.0,4.0,2.0,1.0,2.0,4.0,1.0,7525.0,201.0
BR,Brazil,2020-06-07,-56.0,-5.0,-58.0,-45.0,-6.0,12.0,92.59,3.0,3.0,2.0,4.0,2.0,1.0,2.0,4.0,1.0,7983.0,207.0
BR,Brazil,2020-06-08,-39.0,1.0,-42.0,-39.0,-19.0,14.0,92.59,3.0,3.0,2.0,4.0,2.0,1.0,2.0,4.0,1.0,8127.0,211.0
BR,Brazil,2020-06-09,-42.0,-2.0,-45.0,-41.0,-23.0,14.0,92.59,3.0,3.0,2.0,4.0,2.0,1.0,2.0,4.0,1.0,8457.0,223.0
BR,Brazil,2020-06-10,-36.0,5.0,-36.0,-38.0,-22.0,13.0,92.59,3.0,3.0,2.0,4.0,2.0,1.0,2.0,4.0,1.0,8746.0,237.0
BR,Brazil,2020-06-11,-54.0,-13.0,-37.0,-51.0,-51.0,20.0,92.59,3.0,3.0,2.0,4.0,2.0,1.0,2.0,4.0,1.0,9091.0,245.0
BR,Brazil,2020-06-12,-33.0,14.0,-33.0,-37.0,-27.0,15.0,92.59,3.0,3.0,2.0,4.0,2.0,1.0,2.0,4.0,1.0,9295.0,254.0
BR,Brazil,2020-06-13,-46.0,-2.0,-46.0,-38.0,-11.0,12.0,92.59,3.0,3.0,2.0,4.0,2.0,1.0,2.0,4.0,1.0,9534.0,256.0
BR,Brazil,2020-06-14,-57.0,-12.0,-59.0,-47.0,-5.0,12.0,92.59,3.0,3.0,2.0,4.0,2.0,1.0,2.0,4.0,1.0,9642.0,259.0
BR,Brazil,2020-06-15,-40.0,-4.0,-46.0,-40.0,-19.0,14.0,92.59,3.0,3.0,2.0,4.0,2.0,1.0,2.0,4.0,1.0,9771.0,265.0
BR,Brazil,2020-06-16,-41.0,-4.0,-44.0,-40.0,-22.0,14.0,92.59,3.0,3.0,2.0,4.0,2.0,1.0,2.0,4.0,1.0,10003.0,271.0
BR,Brazil,2020-06-17,-40.0,-4.0,-38.0,-40.0,-22.0,15.0,92.59,3.0,3.0,2.0,4.0,2.0,1.0,2.0,4.0,1.0,10339.0,281.0
BR,Brazil,2020-06-18,-41.0,-3.0,-37.0,-40.0,-22.0,14.0,92.59,3.0,3.0,2.0,4.0,2.0,1.0,2.0,4.0,1.0,10664.0,287.0
BR,Brazil,2020-06-19,-41.0,1.0,-40.0,-37.0,-20.0,14.0,92.59,3.0,3.0,2.0,4.0,2.0,1.0,2.0,4.0,1.0,10987.0,292.0
BR,Brazil,2020-06-20,-44.0,2.0,-45.0,-34.0,-7.0,11.0,92.59,3.0,3.0,2.0,4.0,2.0,1.0,2.0,4.0,1.0,11263.0,297.0
BR,Brazil,2020-06-21,-54.0,-8.0,-49.0,-42.0,-1.0,11.0,92.59,3.0,3.0,2.0,4.0,2.0,1.0,2.0,4.0,1.0,11381.0,300.0
BR,Brazil,2020-06-22,-40.0,-5.0,-41.0,-38.0,-19.0,14.0,92.59,3.0,3.0,2.0,4.0,2.0,1.0,2.0,4.0,1.0,11539.0,305.0
BR,Brazil,2020-06-23,-40.0,-2.0,-39.0,-38.0,-22.0,14.0,92.59,3.0,3.0,2.0,4.0,2.0,1.0,2.0,4.0,1.0,11810.0,321.0
BR,Brazil,2020-06-24,-43.0,-8.0,-36.0,-40.0,-24.0,15.0,92.59,3.0,3.0,2.0,4.0,2.0,1.0,2.0,4.0,1.0,12022.0,326.0
BR,Brazil,2020-06-25,-43.0,-3.0,-38.0,-39.0,-22.0,14.0,92.59,3.0,3.0,2.0,4.0,2.0,1.0,2.0,4.0,1.0,12304.0,335.0
BR,Brazil,2020-06-26,-43.0,1.0,-43.0,-38.0,-20.0,15.0,92.59,3.0,3.0,2.0,4.0,2.0,1.0,2.0,4.0,1.0,12644.0,343.0
BR,Brazil,2020-06-27,-50.0,-3.0,-56.0,-42.0,-12.0,14.0,92.59,3.0,3.0,2.0,4.0,2.0,1.0,2.0,4.0,1.0,12913.0,351.0
BR,Brazil,2020-06-28,-57.0,-12.0,-59.0,-47.0,-5.0,13.0,92.59,3.0,3.0,2.0,4.0,2.0,1.0,2.0,4.0,1.0,13058.0,353.0
BR,Brazil,2020-06-29,-42.0,-6.0,-47.0,-40.0,-19.0,14.0,92.59,3.0,3.0,2.0,4.0,2.0,1.0,2.0,4.0,1.0,13146.0,361.0
BR,Brazil,2020-06-30,-39.0,2.0,-44.0,-38.0,-22.0,13.0,92.59,3.0,3.0,2.0,4.0,2.0,1.0,2.0,4.0,1.0,13253.0,365.0
BR,Brazil,2020-07-01,-38.0,4.0,-39.0,-38.0,-22.0,13.0,92.59,3.0,3.0,2.0,4.0,2.0,1.0,2.0,4.0,1.0,13715.0,370.0
BR,Brazil,2020-07-02,-38.0,8.0,-36.0,-37.0,-22.0,14.0,92.59,3.0,3.0,2.0,4.0,2.0,1.0,2.0,4.0,1.0,14048.0,378.0
BR,Brazil,2020-07-03,-37.0,11.0,-39.0,-34.0,-19.0,14.0,92.59,3.0,3.0,2.0,4.0,2.0,1.0,2.0,4.0,1.0,14112.0,387.0
BR,Brazil,2020-07-04,-40.0,12.0,-45.0,-31.0,-7.0,11.0,92.59,3.0,3.0,2.0,4.0,2.0,1.0,2.0,4.0,1.0,14487.0,391.0
BR,Brazil,2020-07-05,-51.0,-4.0,-53.0,-41.0,-3.0,11.0,92.59,3.0,3.0,2.0,4.0,2.0,1.0,2.0,4.0,1.0,14622.0,391.0
BR,Brazil,2020-07-06,-35.0,7.0,-40.0,-35.0,-18.0,13.0,92.59,3.0,3.0,2.0,4.0,2.0,1.0,2.0,4.0,1.0,14688.0,394.0
BR,Brazil,2020-07-07,-34.0,9.0,-39.0,-34.0,-22.0,13.0,92.59,3.0,3.0,2.0,4.0,2.0,1.0,2.0,4.0,1.0,14941.0,399.0
BR,Brazil,2020-07-08,-34.0,6.0,-34.0,-34.0,-21.0,13.0,92.59,3.0,3.0,2.0,4.0,2.0,1.0,2.0,4.0,1.0,15167.0,404.0
BR,Brazil,2020-07-09,-36.0,8.0,-33.0,-35.0,-21.0,13.0,90.74,3.0,3.0,2.0,4.0,2.0,1.0,2.0,4.0,1.0,15465.0,411.0
BR,Brazil,2020-07-10,-34.0,12.0,-35.0,-31.0,-18.0,13.0,90.74,3.0,3.0,2.0,4.0,2.0,1.0,2.0,4.0,1.0,15768.0,417.0
BR,Brazil,2020-07-11,-40.0,8.0,-43.0,-30.0,-7.0,10.0,90.74,3.0,3.0,2.0,4.0,2.0,1.0,2.0,4.0,1.0,16080.0,419.0
BR,Brazil,2020-07-12,-50.0,-6.0,-47.0,-38.0,-3.0,10.0,90.74,3.0,3.0,2.0,4.0,2.0,1.0,2.0,4.0,1.0,16190.0,426.0
BR,Brazil,2020-07-13,-35.0,0.0,-38.0,-34.0,-17.0,13.0,90.74,3.0,3.0,2.0,4.0,2.0,1.0,2.0,4.0,1.0,16260.0,430.0
BR,Brazil,2020-07-14,-37.0,-1.0,-41.0,-37.0,-21.0,13.0,90.74,3.0,3.0,2.0,4.0,2.0,1.0,2.0,4.0,1.0,16479.0,436.0
BR,Brazil,2020-07-15,-34.0,2.0,-36.0,-36.0,-20.0,14.0,90.74,3.0,3.0,2.0,4.0,2.0,1.0,2.0,4.0,1.0,16672.0,446.0
BR,Brazil,2020-07-16,-36.0,4.0,-35.0,-35.0,-20.0,14.0,90.74,3.0,3.0,2.0,4.0,2.0,1.0,2.0,4.0,1.0,16865.0,447.0
BR,Brazil,2020-07-17,-35.0,7.0,-35.0,-32.0,-17.0,13.0,90.74,3.0,3.0,2.0,4.0,2.0,1.0,2.0,4.0,1.0,16965.0,452.0
BR,Brazil,2020-07-18,-39.0,7.0,-40.0,-30.0,-6.0,11.0,90.74,3.0,3.0,2.0,4.0,2.0,1.0,2.0,4.0,1.0,17202.0,457.0
BR,Brazil,2020-07-19,-47.0,-5.0,-42.0,-37.0,-2.0,10.0,90.74,3.0,3.0,2.0,4.0,2.0,1.0,2.0,4.0,1.0,17295.0,460.0
BR,Brazil,2020-07-20,-33.0,3.0,-35.0,-33.0,-16.0,12.0,90.74,3.0,3.0,2.0,4.0,2.0,1.0,2.0,4.0,1.0,17462.0,465.0
BR,Brazil,2020-07-21,-34.0,2.0,-34.0,-34.0,-20.0,13.0,88.89,3.0,2.0,2.0,4.0,2.0,1.0,2.0,4.0,1.0,17700.0,469.0
BR,Brazil,2020-07-22,-33.0,2.0,-28.0,-33.0,-18.0,13.0,88.89,3.0,2.0,2.0,4.0,2.0,1.0,2.0,4.0,1.0,17979.0,470.0
BR,Brazil,2020-07-23,-34.0,4.0,-25.0,-33.0,-18.0,13.0,88.89,3.0,2.0,2.0,4.0,2.0,1.0,2.0,4.0,1.0,18157.0,474.0
BR,Brazil,2020-07-24,-34.0,8.0,-29.0,-30.0,-16.0,13.0,88.89,3.0,2.0,2.0,4.0,2.0,1.0,2.0,4.0,1.0,18393.0,480.0
BR,Brazil,2020-07-25,-38.0,7.0,-35.0,-28.0,-6.0,10.0,88.89,3.0,2.0,2.0,4.0,2.0,1.0,2.0,4.0,1.0,18657.0,483.0
BR,Brazil,2020-07-26,-47.0,-6.0,-43.0,-37.0,-2.0,10.0,88.89,3.0,2.0,2.0,4.0,2.0,1.0,2.0,4.0,1.0,18745.0,486.0
BR,Brazil,2020-07-27,-33.0,1.0,-34.0,-33.0,-16.0,12.0,88.89,3.0,2.0,2.0,4.0,2.0,1.0,2.0,4.0,1.0,18783.0,493.0
BR,Brazil,2020-07-28,-35.0,1.0,-34.0,-33.0,-19.0,12.0,88.89,3.0,2.0,2.0,4.0,2.0,1.0,2.0,4.0,1.0,19132.0,500.0
BR,Brazil,2020-07-29,-34.0,1.0,-34.0,-35.0,-19.0,13.0,80.56,3.0,2.0,2.0,4.0,2.0,1.0,2.0,1.0,1.0,19366.0,510.0
BR,Brazil,2020-07-30,-34.0,5.0,-34.0,-35.0,-19.0,13.0,80.56,3.0,2.0,2.0,4.0,2.0,1.0,2.0,1.0,1.0,19573.0,521.0
BR,Brazil,2020-07-31,-30.0,15.0,-33.0,-29.0,-15.0,12.0,80.56,3.0,2.0,2.0,4.0,2.0,1.0,2.0,1.0,1.0,19625.0,531.0
BR,Brazil,2020-08-01,-32.0,16.0,-36.0,-26.0,-4.0,10.0,80.56,3.0,2.0,2.0,4.0,2.0,1.0,2.0,1.0,1.0,19930.0,535.0
BR,Brazil,2020-08-02,-42.0,1.0,-39.0,-34.0,-1.0,9.0,80.56,3.0,2.0,2.0,4.0,2.0,1.0,2.0,1.0,1.0,19966.0,537.0
BR,Brazil,2020-08-03,-28.0,8.0,-33.0,-30.0,-14.0,11.0,80.56,3.0,2.0,2.0,4.0,2.0,1.0,2.0,1.0,1.0,20339.0,539.0
BR,Brazil,2020-08-04,-28.0,9.0,-31.0,-30.0,-18.0,12.0,80.56,3.0,2.0,2.0,4.0,2.0,1.0,2.0,1.0,1.0,20710.0,545.0
BR,Brazil,2020-08-05,-25.0,11.0,-25.0,-29.0,-17.0,12.0,76.39,3.0,2.0,2.0,4.0,2.0,1.0,2.0,1.0,1.0,21033.0,547.0
BR,Brazil,2020-08-06,-24.0,17.0,-21.0,-27.0,-17.0,11.0,76.39,3.0,2.0,2.0,4.0,2.0,1.0,2.0,1.0,1.0,21263.0,552.0
BR,Brazil,2020-08-07,-21.0,22.0,-23.0,-23.0,-13.0,10.0,76.39,3.0,2.0,2.0,4.0,2.0,1.0,2.0,1.0,1.0,21376.0,556.0
BR,Brazil,2020-08-08,-21.0,26.0,-29.0,-18.0,-1.0,7.0,76.39,3.0,2.0,2.0,4.0,2.0,1.0,2.0,1.0,1.0,21498.0,559.0
BR,Brazil,2020-08-09,-39.0,9.0,-39.0,-27.0,9.0,6.0,76.39,3.0,2.0,2.0,4.0,2.0,1.0,2.0,1.0,1.0,21587.0,561.0
BR,Brazil,2020-08-10,-25.0,8.0,-29.0,-28.0,-14.0,10.0,76.39,3.0,2.0,2.0,4.0,2.0,1.0,2.0,1.0,1.0,21619.0,562.0
BR,Brazil,2020-08-11,-27.0,7.0,-29.0,-29.0,-17.0,11.0,76.39,3.0,2.0,2.0,4.0,2.0,1.0,2.0,1.0,1.0,21757.0,565.0
BR,Brazil,2020-08-12,-27.0,5.0,-26.0,-29.0,-16.0,12.0,76.39,3.0,2.0,2.0,4.0,2.0,1.0,2.0,1.0,1.0,21993.0,569.0
BR,Brazil,2020-08-13,-28.0,8.0,-24.0,-29.0,-16.0,11.0,76.39,3.0,2.0,2.0,4.0,2.0,1.0,2.0,1.0,1.0,22242.0,574.0
BR,Brazil,2020-08-14,-26.0,12.0,-25.0,-25.0,-13.0,11.0,76.39,3.0,2.0,2.0,4.0,2.0,1.0,2.0,1.0,1.0,22435.0,576.0
BR,Brazil,2020-08-15,-30.0,10.0,-32.0,-25.0,-5.0,9.0,76.39,3.0,2.0,2.0,4.0,2.0,1.0,2.0,1.0,1.0,22516.0,576.0
BR,Brazil,2020-08-16,-40.0,-3.0,-42.0,-36.0,-3.0,9.0,76.39,3.0,2.0,2.0,4.0,2.0,1.0,2.0,1.0,1.0,22548.0,576.0
BR,Brazil,2020-08-17,-30.0,3.0,-37.0,-30.0,-13.0,11.0,76.39,3.0,2.0,2.0,4.0,2.0,1.0,2.0,1.0,1.0,22605.0,582.0
BR,Brazil,2020-08-18,-31.0,2.0,-37.0,-32.0,-15.0,11.0,76.39,3.0,2.0,2.0,4.0,2.0,1.0,2.0,1.0,1.0,22933.0,590.0
BR,Brazil,2020-08-19,-29.0,3.0,-29.0,-30.0,-15.0,11.0,76.39,3.0,2.0,2.0,4.0,2.0,1.0,2.0,1.0,1.0,23146.0,591.0
BR,Brazil,2020-08-20,-31.0,6.0,-32.0,-31.0,-16.0,11.0,76.39,3.0,2.0,2.0,4.0,2.0,1.0,2.0,1.0,1.0,23322.0,595.0
BR,Brazil,2020-08-21,-32.0,6.0,-39.0,-32.0,-14.0,12.0,76.39,3.0,2.0,2.0,4.0,2.0,1.0,2.0,1.0,1.0,23337.0,598.0
BR,Brazil,2020-08-22,-32.0,8.0,-43.0,-30.0,-4.0,10.0,76.39,3.0,2.0,2.0,4.0,2.0,1.0,2.0,1.0,1.0,23665.0,598.0
BR,Brazil,2020-08-23,-40.0,-1.0,-44.0,-35.0,0.0,10.0,76.39,3.0,2.0,2.0,4.0,2.0,1.0,2.0,1.0,1.0,23719.0,600.0
BR,Brazil,2020-08-24,-27.0,4.0,-33.0,-28.0,-10.0,11.0,76.39,3.0,2.0,2.0,4.0,2.0,1.0,2.0,1.0,1.0,23729.0,604.0
BR,Brazil,2020-08-25,-27.0,6.0,-31.0,-28.0,-14.0,10.0,76.39,3.0,2.0,2.0,4.0,2.0,1.0,2.0,1.0,1.0,23936.0,607.0
BR,Brazil,2020-08-26,-25.0,6.0,-24.0,-28.0,-13.0,10.0,76.39,3.0,2.0,2.0,4.0,2.0,1.0,2.0,1.0,1.0,24119.0,607.0
BR,Brazil,2020-08-27,-27.0,8.0,-21.0,-27.0,-12.0,10.0,76.39,3.0,2.0,2.0,4.0,2.0,1.0,2.0,1.0,1.0,24269.0,607.0
BR,Brazil,2020-08-28,-24.0,13.0,-23.0,-23.0,-10.0,9.0,76.39,3.0,2.0,2.0,4.0,2.0,1.0,2.0,1.0,1.0,24462.0,608.0
BR,Brazil,2020-08-29,-25.0,13.0,-24.0,-20.0,1.0,7.0,76.39,3.0,2.0,2.0,4.0,2.0,1.0,2.0,1.0,1.0,24601.0,608.0
BR,Brazil,2020-08-30,-33.0,4.0,-27.0,-26.0,2.0,7.0,76.39,3.0,2.0,2.0,4.0,2.0,1.0,2.0,1.0,1.0,24638.0,609.0
BR,Brazil,2020-08-31,-27.0,7.0,-32.0,-27.0,-10.0,9.0,76.39,3.0,2.0,2.0,4.0,2.0,1.0,2.0,1.0,1.0,24647.0,612.0
BR,Brazil,2020-09-01,-26.0,11.0,-31.0,-27.0,-13.0,9.0,80.56,3.0,2.0,2.0,4.0,2.0,1.0,2.0,1.0,1.0,24840.0,616.0
BR,Brazil,2020-09-02,-22.0,11.0,-23.0,-25.0,-12.0,9.0,80.56,3.0,2.0,2.0,4.0,2.0,1.0,2.0,1.0,1.0,25027.0,618.0
BR,Brazil,2020-09-03,-22.0,14.0,-18.0,-23.0,-12.0,9.0,80.56,3.0,2.0,2.0,4.0,2.0,1.0,2.0,1.0,1.0,25135.0,622.0
BR,Brazil,2020-09-04,-18.0,23.0,-17.0,-17.0,-9.0,8.0,80.56,3.0,2.0,2.0,4.0,2.0,1.0,2.0,1.0,1.0,25249.0,623.0
BR,Brazil,2020-09-05,-17.0,24.0,-14.0,-12.0,-2.0,4.0,80.56,3.0,2.0,2.0,4.0,2.0,1.0,2.0,1.0,1.0,25408.0,624.0
BR,Brazil,2020-09-06,-26.0,15.0,-6.0,-23.0,-1.0,5.0,80.56,3.0,2.0,2.0,4.0,2.0,1.0,2.0,1.0,1.0,25443.0,624.0
BR,Brazil,2020-09-07,-44.0,-15.0,3.0,-49.0,-61.0,14.0,80.56,3.0,2.0,2.0,4.0,2.0,1.0,2.0,1.0,1.0,25469.0,624.0
BR,Brazil,2020-09-08,-21.0,15.0,-25.0,-22.0,-15.0,7.0,80.56,3.0,2.0,2.0,4.0,2.0,1.0,2.0,1.0,1.0,25494.0,630.0
BR,Brazil,2020-09-09,-21.0,13.0,-20.0,-23.0,-11.0,9.0,80.56,3.0,2.0,2.0,4.0,2.0,1.0,2.0,1.0,1.0,25668.0,631.0
BR,Brazil,2020-09-10,-20.0,17.0,-13.0,-21.0,-11.0,8.0,80.56,3.0,2.0,2.0,4.0,2.0,1.0,2.0,1.0,1.0,25877.0,635.0
BR,Brazil,2020-09-11,-19.0,17.0,-16.0,-18.0,-9.0,9.0,80.56,3.0,2.0,2.0,4.0,2.0,1.0,2.0,1.0,1.0,26004.0,636.0
BR,Brazil,2020-09-12,-20.0,17.0,-18.0,-15.0,2.0,6.0,80.56,3.0,2.0,2.0,4.0,2.0,1.0,2.0,1.0,1.0,26148.0,637.0
BR,Brazil,2020-09-13,-28.0,8.0,-20.0,-22.0,3.0,6.0,80.56,3.0,2.0,2.0,4.0,2.0,1.0,2.0,1.0,1.0,26166.0,640.0
BR,Brazil,2020-09-14,-23.0,8.0,-24.0,-23.0,-7.0,9.0,80.56,3.0,2.0,2.0,4.0,2.0,1.0,2.0,1.0,1.0,26176.0,640.0
BR,Brazil,2020-09-15,-23.0,11.0,-27.0,-24.0,-11.0,10.0,80.56,3.0,2.0,2.0,4.0,2.0,1.0,2.0,1.0,1.0,26287.0,642.0
BR,Brazil,2020-09-16,-23.0,6.0,-19.0,-24.0,-11.0,10.0,80.56,3.0,2.0,2.0,4.0,2.0,1.0,2.0,1.0,1.0,26463.0,643.0
BR,Brazil,2020-09-17,-24.0,10.0,-17.0,-23.0,-10.0,9.0,80.56,3.0,2.0,2.0,4.0,2.0,1.0,2.0,1.0,1.0,26716.0,646.0
BR,Brazil,2020-09-18,-21.0,14.0,-19.0,-20.0,-7.0,9.0,80.56,3.0,2.0,2.0,4.0,2.0,1.0,2.0,1.0,1.0,26942.0,647.0
BR,Brazil,2020-09-19,-21.0,15.0,-21.0,-16.0,2.0,7.0,80.56,3.0,2.0,2.0,4.0,2.0,1.0,2.0,1.0,1.0,27061.0,648.0
BR,Brazil,2020-09-20,-33.0,4.0,-35.0,-28.0,1.0,8.0,80.56,3.0,2.0,2.0,4.0,2.0,1.0,2.0,1.0,1.0,27079.0,649.0
BR,Brazil,2020-09-21,-27.0,5.0,-35.0,-26.0,-9.0,10.0,80.56,3.0,2.0,2.0,4.0,2.0,1.0,2.0,1.0,1.0,27106.0,649.0
BR,Brazil,2020-09-22,-31.0,3.0,-41.0,-29.0,-13.0,11.0,80.56,3.0,2.0,2.0,4.0,2.0,1.0,2.0,1.0,1.0,27246.0,651.0
BR,Brazil,2020-09-23,-28.0,7.0,-33.0,-25.0,-10.0,10.0,80.56,3.0,2.0,2.0,4.0,2.0,1.0,2.0,1.0,1.0,27397.0,652.0
BR,Brazil,2020-09-24,-28.0,9.0,-28.0,-23.0,-9.0,10.0,80.56,3.0,2.0,2.0,4.0,2.0,1.0,2.0,1.0,1.0,27556.0,653.0
BR,Brazil,2020-09-25,-25.0,15.0,-27.0,-20.0,-6.0,9.0,80.56,3.0,2.0,2.0,4.0,2.0,1.0,2.0,1.0,1.0,27710.0,654.0
BR,Brazil,2020-09-26,-26.0,14.0,-26.0,-17.0,4.0,7.0,80.56,3.0,2.0,2.0,4.0,2.0,1.0,2.0,1.0,1.0,27859.0,656.0
BR,Brazil,2020-09-27,-33.0,4.0,-27.0,-22.0,3.0,7.0,80.56,3.0,2.0,2.0,4.0,2.0,1.0,2.0,1.0,1.0,27874.0,657.0
BR,Brazil,2020-09-28,-31.0,5.0,-36.0,-25.0,-6.0,10.0,80.56,3.0,2.0,2.0,4.0,2.0,1.0,2.0,1.0,1.0,27885.0,657.0
BR,Brazil,2020-09-29,-28.0,9.0,-35.0,-23.0,-9.0,9.0,80.56,3.0,2.0,2.0,4.0,2.0,1.0,2.0,1.0,1.0,28030.0,657.0
BR,Brazil,2020-09-30,-24.0,14.0,-26.0,-21.0,-9.0,8.0,80.56,3.0,2.0,2.0,4.0,2.0,1.0,2.0,1.0,1.0,28222.0,659.0
BR,Brazil,2020-10-01,-24.0,20.0,-20.0,-19.0,-7.0,7.0,80.56,3.0,2.0,2.0,4.0,2.0,1.0,2.0,1.0,1.0,28409.0,661.0
BR,Brazil,2020-10-02,-20.0,21.0,-19.0,-10.0,-5.0,7.0,80.56,3.0,2.0,2.0,4.0,2.0,1.0,2.0,1.0,1.0,28555.0,664.0
BR,Brazil,2020-10-03,-21.0,20.0,-29.0,-6.0,3.0,5.0,80.56,3.0,2.0,2.0,4.0,2.0,1.0,2.0,1.0,1.0,28662.0,667.0
BR,Brazil,2020-10-04,-30.0,10.0,-37.0,-16.0,2.0,6.0,80.56,3.0,2.0,2.0,4.0,2.0,1.0,2.0,1.0,1.0,28672.0,667.0
BR,Brazil,2020-10-05,-23.0,14.0,-30.0,-13.0,-6.0,7.0,80.56,3.0,2.0,2.0,4.0,2.0,1.0,2.0,1.0,1.0,28687.0,667.0
BR,Brazil,2020-10-06,-20.0,19.0,-26.0,-12.0,-8.0,6.0,80.56,3.0,2.0,2.0,4.0,2.0,1.0,2.0,1.0,1.0,28805.0,668.0
BR,Brazil,2020-10-07,-17.0,20.0,-21.0,-12.0,-7.0,7.0,80.56,3.0,2.0,2.0,4.0,2.0,1.0,2.0,1.0,1.0,28818.0,668.0
BR,Brazil,2020-10-08,-18.0,22.0,-22.0,-12.0,-6.0,7.0,80.56,3.0,2.0,2.0,4.0,2.0,1.0,2.0,1.0,1.0,28834.0,669.0
BR,Brazil,2020-10-09,-18.0,21.0,-25.0,-11.0,-5.0,7.0,80.56,3.0,2.0,2.0,4.0,2.0,1.0,2.0,1.0,1.0,29017.0,674.0
BR,Brazil,2020-10-10,-12.0,27.0,-15.0,-1.0,5.0,4.0,80.56,3.0,2.0,2.0,4.0,2.0,1.0,2.0,1.0,1.0,29031.0,674.0
BR,Brazil,2020-10-11,-18.0,20.0,-4.0,-12.0,6.0,5.0,80.56,3.0,2.0,2.0,4.0,2.0,1.0,2.0,1.0,1.0,29050.0,674.0
BR,Brazil,2020-10-12,-34.0,-7.0,16.0,-40.0,-59.0,12.0,80.56,3.0,2.0,2.0,4.0,2.0,1.0,2.0,1.0,1.0,29063.0,675.0
BR,Brazil,2020-10-13,-21.0,15.0,-25.0,-11.0,-8.0,6.0,80.56,3.0,2.0,2.0,4.0,2.0,1.0,2.0,1.0,1.0,29272.0,675.0
BR,Brazil,2020-10-14,-20.0,14.0,-22.0,-12.0,-7.0,9.0,80.56,3.0,2.0,2.0,4.0,2.0,1.0,2.0,1.0,1.0,29301.0,676.0
BR,Brazil,2020-10-15,-21.0,20.0,-24.0,-12.0,-8.0,8.0,80.56,3.0,2.0,2.0,4.0,2.0,1.0,2.0,1.0,1.0,29406.0,677.0
BR,Brazil,2020-10-16,-20.0,20.0,-26.0,-10.0,-4.0,8.0,80.56,3.0,2.0,2.0,4.0,2.0,1.0,2.0,1.0,1.0,29598.0,679.0
BR,Brazil,2020-10-17,-18.0,20.0,-25.0,-4.0,7.0,6.0,80.56,3.0,2.0,2.0,4.0,2.0,1.0,2.0,1.0,1.0,29693.0,679.0
BR,Brazil,2020-10-18,-26.0,11.0,-26.0,-11.0,6.0,7.0,80.56,3.0,2.0,2.0,4.0,2.0,1.0,2.0,1.0,1.0,29718.0,679.0
BR,Brazil,2020-10-19,-28.0,3.0,-31.0,-16.0,-7.0,9.0,80.56,3.0,2.0,2.0,4.0,2.0,1.0,2.0,1.0,1.0,29765.0,679.0
BR,Brazil,2020-10-20,-23.0,15.0,-30.0,-12.0,-7.0,8.0,80.56,3.0,2.0,2.0,4.0,2.0,1.0,2.0,1.0,1.0,29865.0,682.0
BR,Brazil,2020-10-21,-20.0,15.0,-20.0,-11.0,-5.0,9.0,80.56,3.0,2.0,2.0,4.0,2.0,1.0,2.0,1.0,1.0,29925.0,682.0
BR,Brazil,2020-10-22,-20.0,18.0,-17.0,-10.0,-5.0,8.0,80.56,3.0,2.0,2.0,4.0,2.0,1.0,2.0,1.0,1.0,30028.0,685.0
BR,Brazil,2020-10-23,-19.0,20.0,-17.0,-7.0,-2.0,8.0,80.56,3.0,2.0,2.0,4.0,2.0,1.0,2.0,1.0,1.0,30121.0,686.0
BR,Brazil,2020-10-24,-20.0,18.0,-25.0,-4.0,7.0,6.0,80.56,3.0,2.0,2.0,4.0,2.0,1.0,2.0,1.0,1.0,30217.0,686.0
BR,Brazil,2020-10-25,-26.0,12.0,-27.0,-13.0,6.0,7.0,80.56,3.0,2.0,2.0,4.0,2.0,1.0,2.0,1.0,1.0,30304.0,687.0
BR,Brazil,2020-10-26,-24.0,12.0,-28.0,-12.0,-3.0,8.0,80.56,3.0,2.0,2.0,4.0,2.0,1.0,2.0,1.0,1.0,30317.0,689.0
BR,Brazil,2020-10-27,-22.0,14.0,-24.0,-11.0,-6.0,8.0,80.56,3.0,2.0,2.0,4.0,2.0,1.0,2.0,1.0,1.0,30380.0,690.0
BR,Brazil,2020-10-28,-20.0,13.0,-18.0,-12.0,-5.0,8.0,80.56,3.0,2.0,2.0,4.0,2.0,1.0,2.0,1.0,1.0,30545.0,691.0
BR,Brazil,2020-10-29,-21.0,16.0,-24.0,-12.0,-4.0,7.0,80.56,3.0,2.0,2.0,4.0,2.0,1.0,2.0,1.0,1.0,30638.0,692.0
BR,Brazil,2020-10-30,-21.0,21.0,-32.0,-13.0,-7.0,8.0,80.56,3.0,2.0,2.0,4.0,2.0,1.0,2.0,1.0,1.0,30758.0,693.0
BR,Brazil,2020-10-31,-18.0,23.0,-29.0,-7.0,5.0,5.0,80.56,3.0,2.0,2.0,4.0,2.0,1.0,2.0,1.0,1.0,30796.0,693.0
BR,Brazil,2020-11-01,-23.0,19.0,-22.0,-17.0,4.0,6.0,80.56,3.0,2.0,2.0,4.0,2.0,1.0,2.0,1.0,1.0,30951.0,693.0
BR,Brazil,2020-11-02,-43.0,-13.0,-7.0,-46.0,-61.0,15.0,80.56,3.0,2.0,2.0,4.0,2.0,1.0,2.0,1.0,1.0,30954.0,693.0
BR,Brazil,2020-11-03,-22.0,16.0,-33.0,-11.0,-6.0,6.0,80.56,3.0,2.0,2.0,4.0,2.0,1.0,2.0,1.0,1.0,30962.0,695.0
BR,Brazil,2020-11-04,-19.0,16.0,-27.0,-12.0,-5.0,8.0,76.39,3.0,2.0,2.0,4.0,2.0,1.0,2.0,1.0,1.0,31218.0,696.0
BR,Brazil,2020-11-05,-18.0,22.0,-24.0,-11.0,-4.0,7.0,76.39,3.0,2.0,2.0,4.0,2.0,1.0,2.0,1.0,1.0,31248.0,697.0
BR,Brazil,2020-11-06,-14.0,26.0,-22.0,-7.0,-1.0,6.0,76.39,3.0,2.0,2.0,4.0,2.0,1.0,2.0,1.0,1.0,31326.0,697.0
BR,Brazil,2020-11-07,-10.0,27.0,-19.0,1.0,10.0,4.0,76.39,3.0,2.0,2.0,4.0,2.0,1.0,2.0,1.0,1.0,31575.0,699.0
BR,Brazil,2020-11-08,-17.0,19.0,-20.0,-6.0,9.0,5.0,76.39,3.0,2.0,2.0,4.0,2.0,1.0,2.0,1.0,1.0,31707.0,699.0
BR,Brazil,2020-11-09,-19.0,17.0,-33.0,-11.0,-2.0,7.0,76.39,3.0,2.0,2.0,4.0,2.0,1.0,2.0,1.0,1.0,31788.0,701.0
BR,Brazil,2020-11-10,-17.0,19.0,-30.0,-11.0,-5.0,7.0,76.39,3.0,2.0,2.0,4.0,2.0,1.0,2.0,1.0,1.0,31926.0,704.0
BR,Brazil,2020-11-11,-18.0,14.0,-26.0,-12.0,-4.0,8.0,76.39,3.0,2.0,2.0,4.0,2.0,1.0,2.0,1.0,1.0,32113.0,705.0
BR,Brazil,2020-11-12,-17.0,19.0,-21.0,-11.0,-4.0,7.0,76.39,3.0,2.0,2.0,4.0,2.0,1.0,2.0,1.0,1.0,32515.0,707.0
BR,Brazil,2020-11-13,-15.0,21.0,-23.0,-7.0,-1.0,6.0,76.39,3.0,2.0,2.0,4.0,2.0,1.0,2.0,1.0,1.0,32661.0,707.0
BR,Brazil,2020-11-14,-11.0,23.0,-22.0,0.0,10.0,4.0,76.39,3.0,2.0,2.0,4.0,2.0,1.0,2.0,1.0,1.0,,708.0
BR,Brazil,2020-11-15,-4.0,44.0,-6.0,26.0,22.0,2.0,76.39,3.0,2.0,2.0,4.0,2.0,1.0,2.0,1.0,1.0,,708.0
BR,Brazil,2020-11-16,-21.0,11.0,-30.0,-13.0,-3.0,7.0,72.69,2.0,2.0,2.0,4.0,2.0,1.0,2.0,1.0,1.0,,708.0
BR,Brazil,2020-11-17,-22.0,12.0,-33.0,-14.0,-5.0,8.0,72.69,2.0,2.0,2.0,4.0,2.0,1.0,2.0,1.0,1.0,,709.0
BR,Brazil,2020-11-18,-22.0,9.0,-34.0,-16.0,-5.0,9.0,72.69,2.0,2.0,2.0,4.0,2.0,1.0,2.0,1.0,1.0,,709.0
BR,Brazil,2020-11-19,-19.0,17.0,-30.0,-14.0,-5.0,8.0,72.69,2.0,2.0,2.0,4.0,2.0,1.0,2.0,1.0,1.0,,710.0
BR,Brazil,2020-11-20,-19.0,19.0,-26.0,-18.0,-13.0,9.0,72.69,2.0,2.0,2.0,4.0,2.0,1.0,2.0,1.0,1.0,,711.0
BR,Brazil,2020-11-21,-13.0,20.0,-24.0,-5.0,6.0,5.0,72.69,2.0,2.0,2.0,4.0,2.0,1.0,2.0,1.0,1.0,,713.0
BR,Brazil,2020-11-22,-20.0,12.0,-27.0,-10.0,6.0,5.0,72.69,2.0,2.0,2.0,4.0,2.0,1.0,2.0,1.0,1.0,,713.0
BR,Brazil,2020-11-23,-20.0,12.0,-32.0,-13.0,-1.0,7.0,72.69,2.0,2.0,2.0,4.0,2.0,1.0,2.0,1.0,1.0,,714.0
BR,Brazil,2020-11-24,-20.0,13.0,-31.0,-13.0,-5.0,7.0,72.69,2.0,2.0,2.0,4.0,2.0,1.0,2.0,1.0,1.0,,715.0
BR,Brazil,2020-11-25,-17.0,14.0,-24.0,-13.0,-3.0,8.0,72.69,2.0,2.0,2.0,4.0,2.0,1.0,2.0,1.0,1.0,,721.0
BR,Brazil,2020-11-26,-17.0,19.0,-22.0,-13.0,-3.0,7.0,72.69,2.0,2.0,2.0,4.0,2.0,1.0,2.0,1.0,1.0,,722.0
BR,Brazil,2020-11-27,-9.0,30.0,-24.0,-8.0,0.0,6.0,72.69,2.0,2.0,2.0,4.0,2.0,1.0,2.0,1.0,1.0,,722.0
BR,Brazil,2020-11-28,-10.0,24.0,-23.0,-2.0,10.0,4.0,72.69,2.0,2.0,2.0,4.0,2.0,1.0,2.0,1.0,1.0,,723.0
BR,Brazil,2020-11-29,-13.0,27.0,-21.0,4.0,11.0,4.0,72.69,2.0,2.0,2.0,4.0,2.0,1.0,2.0,1.0,1.0,,723.0
BR,Brazil,2020-11-30,-17.0,18.0,-31.0,-13.0,-1.0,7.0,72.69,2.0,2.0,2.0,4.0,2.0,1.0,2.0,1.0,1.0,,723.0
BR,Brazil,2020-12-01,-16.0,22.0,-31.0,-12.0,-4.0,7.0,72.69,2.0,2.0,2.0,4.0,2.0,1.0,2.0,1.0,1.0,,726.0
BR,Brazil,2020-12-02,-14.0,20.0,-25.0,-12.0,-2.0,7.0,72.69,2.0,2.0,2.0,4.0,2.0,1.0,2.0,1.0,1.0,,727.0
BR,Brazil,2020-12-03,-15.0,23.0,-23.0,-11.0,-2.0,7.0,72.69,2.0,2.0,2.0,4.0,2.0,1.0,2.0,1.0,1.0,,730.0
BR,Brazil,2020-12-04,-11.0,27.0,-22.0,-7.0,1.0,6.0,72.69,2.0,2.0,2.0,4.0,2.0,1.0,2.0,1.0,1.0,,731.0
BR,Brazil,2020-12-05,-10.0,26.0,-32.0,-2.0,10.0,4.0,72.69,2.0,2.0,2.0,4.0,2.0,1.0,2.0,1.0,1.0,,732.0
BR,Brazil,2020-12-06,-19.0,17.0,-39.0,-12.0,7.0,6.0,72.69,2.0,2.0,2.0,4.0,2.0,1.0,2.0,1.0,1.0,,732.0
BR,Brazil,2020-12-07,-14.0,21.0,-35.0,-12.0,-2.0,7.0,72.69,2.0,2.0,2.0,4.0,2.0,1.0,2.0,1.0,1.0,,736.0
BR,Brazil,2020-12-08,-16.0,18.0,-28.0,-15.0,-10.0,8.0,72.69,2.0,2.0,2.0,4.0,2.0,1.0,2.0,1.0,1.0,,737.0
BR,Brazil,2020-12-09,-14.0,18.0,-23.0,-12.0,-2.0,7.0,72.69,2.0,2.0,2.0,4.0,2.0,1.0,2.0,1.0,1.0,,742.0
BR,Brazil,2020-12-10,-14.0,23.0,-18.0,-10.0,-2.0,7.0,72.69,2.0,2.0,2.0,4.0,2.0,1.0,2.0,1.0,1.0,,744.0
BR,Brazil,2020-12-11,-13.0,23.0,-21.0,-8.0,0.0,7.0,72.69,2.0,2.0,2.0,4.0,2.0,1.0,2.0,1.0,1.0,,747.0
BR,Brazil,2020-12-12,-12.0,22.0,-23.0,-1.0,11.0,5.0,72.69,2.0,2.0,2.0,4.0,2.0,1.0,2.0,1.0,1.0,,749.0
BR,Brazil,2020-12-13,-18.0,15.0,-24.0,-9.0,10.0,6.0,72.69,2.0,2.0,2.0,4.0,2.0,1.0,2.0,1.0,1.0,,750.0
BR,Brazil,2020-12-14,-15.0,17.0,-26.0,-11.0,0.0,7.0,72.69,2.0,2.0,2.0,4.0,2.0,1.0,2.0,1.0,1.0,,753.0
BR,Brazil,2020-12-15,-13.0,21.0,-25.0,-10.0,-3.0,6.0,72.69,2.0,2.0,2.0,4.0,2.0,1.0,2.0,1.0,1.0,,755.0
BR,Brazil,2020-12-16,-11.0,20.0,-18.0,-10.0,-2.0,7.0,72.69,2.0,2.0,2.0,4.0,2.0,1.0,2.0,1.0,1.0,,756.0
BR,Brazil,2020-12-17,-11.0,24.0,-17.0,-9.0,-2.0,6.0,72.69,2.0,2.0,2.0,4.0,2.0,1.0,2.0,1.0,1.0,,756.0
BR,Brazil,2020-12-18,-7.0,29.0,-16.0,-5.0,1.0,5.0,72.69,2.0,2.0,2.0,4.0,2.0,1.0,2.0,1.0,1.0,,757.0
BR,Brazil,2020-12-19,-5.0,28.0,-19.0,6.0,13.0,3.0,72.69,2.0,2.0,2.0,4.0,2.0,1.0,2.0,1.0,1.0,,758.0
BR,Brazil,2020-12-20,-6.0,27.0,-18.0,0.0,18.0,5.0,72.69,2.0,2.0,2.0,4.0,2.0,1.0,2.0,1.0,1.0,,765.0
BR,Brazil,2020-12-21,-2.0,31.0,-17.0,-7.0,-3.0,5.0,72.69,2.0,2.0,2.0,4.0,2.0,1.0,2.0,1.0,1.0,,767.0
BR,Brazil,2020-12-22,0.0,36.0,-19.0,-7.0,-9.0,5.0,72.69,2.0,2.0,2.0,4.0,2.0,1.0,2.0,1.0,1.0,,769.0
BR,Brazil,2020-12-23,7.0,55.0,-6.0,-3.0,-9.0,4.0,72.69,2.0,2.0,2.0,4.0,2.0,1.0,2.0,1.0,1.0,,776.0
BR,Brazil,2020-12-24,-16.0,67.0,-6.0,-23.0,-33.0,7.0,72.69,2.0,2.0,2.0,4.0,2.0,1.0,2.0,1.0,1.0,,779.0
BR,Brazil,2020-12-25,-71.0,-58.0,-14.0,-62.0,-70.0,15.0,72.69,2.0,2.0,2.0,4.0,2.0,1.0,2.0,1.0,1.0,,780.0
BR,Brazil,2020-12-26,-36.0,4.0,-17.0,-29.0,-18.0,10.0,72.69,2.0,2.0,2.0,4.0,2.0,1.0,2.0,1.0,1.0,,780.0
BR,Brazil,2020-12-27,-36.0,-2.0,-27.0,-23.0,1.0,8.0,72.69,2.0,2.0,2.0,4.0,2.0,1.0,2.0,1.0,1.0,,785.0
BR,Brazil,2020-12-28,-14.0,22.0,-12.0,-19.0,-15.0,10.0,72.69,2.0,2.0,2.0,4.0,2.0,1.0,2.0,1.0,1.0,,789.0
BR,Brazil,2020-12-29,-14.0,25.0,-5.0,-20.0,-19.0,9.0,72.69,2.0,2.0,2.0,4.0,2.0,1.0,2.0,1.0,1.0,,791.0
BR,Brazil,2020-12-30,-6.0,46.0,20.0,-15.0,-19.0,7.0,72.69,2.0,2.0,2.0,4.0,2.0,1.0,2.0,1.0,1.0,,793.0
BR,Brazil,2020-12-31,-29.0,60.0,30.0,-32.0,-40.0,9.0,72.69,2.0,2.0,2.0,4.0,2.0,1.0,2.0,1.0,0.0,,795.0
BR,Brazil,2021-01-01,-69.0,-59.0,24.0,-64.0,-71.0,15.0,72.69,2.0,2.0,2.0,4.0,2.0,1.0,2.0,1.0,0.0,,796.0
BR,Brazil,2021-01-02,-45.0,-2.0,-2.0,-37.0,-28.0,11.0,72.69,2.0,2.0,2.0,4.0,2.0,1.0,2.0,1.0,0.0,,798.0
BR,Brazil,2021-01-03,-37.0,-1.0,-13.0,-20.0,-1.0,6.0,72.69,2.0,2.0,2.0,4.0,2.0,1.0,2.0,1.0,0.0,,802.0
BR,Brazil,2021-01-04,-23.0,18.0,-14.0,-19.0,-10.0,8.0,72.69,2.0,2.0,2.0,4.0,2.0,1.0,2.0,1.0,0.0,,806.0
BR,Brazil,2021-01-05,-22.0,18.0,-14.0,-18.0,-12.0,8.0,72.69,2.0,2.0,2.0,4.0,2.0,1.0,2.0,1.0,0.0,,808.0
BR,Brazil,2021-01-06,-21.0,15.0,-9.0,-18.0,-10.0,9.0,72.69,2.0,2.0,2.0,4.0,2.0,1.0,2.0,1.0,0.0,,814.0
BR,Brazil,2021-01-07,-20.0,21.0,-5.0,-17.0,-9.0,8.0,72.69,2.0,2.0,2.0,4.0,2.0,1.0,2.0,1.0,0.0,,821.0
BR,Brazil,2021-01-08,-18.0,23.0,-9.0,-14.0,-6.0,8.0,72.69,2.0,2.0,2.0,4.0,2.0,1.0,2.0,1.0,0.0,,823.0
BR,Brazil,2021-01-09,-20.0,19.0,-14.0,-12.0,5.0,6.0,72.69,2.0,2.0,2.0,4.0,2.0,1.0,2.0,1.0,0.0,,823.0
BR,Brazil,2021-01-10,-27.0,10.0,-16.0,-18.0,6.0,6.0,72.69,2.0,2.0,2.0,4.0,2.0,1.0,2.0,1.0,0.0,,825.0
BR,Brazil,2021-01-11,-19.0,17.0,-20.0,-16.0,-5.0,7.0,72.69,2.0,2.0,2.0,4.0,2.0,1.0,2.0,1.0,0.0,,826.0
BR,Brazil,2021-01-12,-23.0,12.0,-21.0,-19.0,-10.0,7.0,72.69,2.0,2.0,2.0,4.0,2.0,1.0,2.0,1.0,0.0,,827.0
BR,Brazil,2021-01-13,-24.0,6.0,-20.0,-21.0,-10.0,7.0,72.69,2.0,2.0,2.0,4.0,2.0,1.0,2.0,1.0,0.0,,829.0
BR,Brazil,2021-01-14,-27.0,5.0,-20.0,-24.0,-13.0,6.0,72.69,2.0,2.0,2.0,4.0,2.0,1.0,2.0,1.0,0.0,,832.0
BR,Brazil,2021-01-15,-28.0,4.0,-24.0,-24.0,-12.0,6.0,72.69,2.0,2.0,2.0,4.0,2.0,1.0,2.0,1.0,0.0,,835.0
BR,Brazil,2021-01-16,-29.0,4.0,-25.0,-21.0,-4.0,5.0,72.69,2.0,2.0,2.0,4.0,2.0,1.0,2.0,1.0,0.0,,835.0
BR,Brazil,2021-01-17,-34.0,-2.0,-25.0,-24.0,-4.0,5.0,72.69,2.0,2.0,2.0,4.0,2.0,1.0,2.0,1.0,0.0,,836.0
BR,Brazil,2021-01-18,-29.0,0.0,-30.0,-24.0,-11.0,7.0,72.69,2.0,2.0,2.0,4.0,2.0,1.0,2.0,1.0,0.0,,837.0
BR,Brazil,2021-01-19,-29.0,2.0,-30.0,-25.0,-14.0,7.0,72.69,2.0,2.0,2.0,4.0,2.0,1.0,2.0,1.0,0.0,,839.0
BR,Brazil,2021-01-20,-27.0,3.0,-21.0,-26.0,-15.0,8.0,72.69,2.0,2.0,2.0,4.0,2.0,1.0,2.0,1.0,0.0,,840.0
BR,Brazil,2021-01-21,-27.0,6.0,-22.0,-23.0,-11.0,7.0,72.69,2.0,2.0,2.0,4.0,2.0,1.0,2.0,1.0,0.0,,844.0
BR,Brazil,2021-01-22,-26.0,7.0,-23.0,-20.0,-9.0,7.0,72.69,2.0,2.0,2.0,4.0,2.0,1.0,2.0,1.0,0.0,,846.0
BR,Brazil,2021-01-23,-28.0,7.0,-24.0,-19.0,-1.0,6.0,72.69,2.0,2.0,2.0,4.0,2.0,1.0,2.0,1.0,0.0,,848.0
BR,Brazil,2021-01-24,-33.0,0.0,-26.0,-24.0,-1.0,6.0,72.69,2.0,2.0,2.0,4.0,2.0,1.0,2.0,1.0,0.0,,850.0
BR,Brazil,2021-01-25,-30.0,2.0,-27.0,-30.0,-13.0,8.0,76.39,2.0,2.0,2.0,4.0,2.0,2.0,2.0,1.0,0.0,,854.0
BR,Brazil,2021-01-26,-30.0,2.0,-30.0,-23.0,-11.0,7.0,76.39,2.0,2.0,2.0,4.0,2.0,2.0,2.0,1.0,0.0,,856.0
BR,Brazil,2021-01-27,-28.0,2.0,-23.0,-23.0,-10.0,8.0,76.39,2.0,2.0,2.0,4.0,2.0,2.0,2.0,1.0,0.0,,858.0
BR,Brazil,2021-01-28,-28.0,6.0,-22.0,-22.0,-9.0,7.0,76.39,2.0,2.0,2.0,4.0,2.0,2.0,2.0,1.0,0.0,,860.0
BR,Brazil,2021-01-29,-24.0,13.0,-22.0,-18.0,-6.0,6.0,76.39,2.0,2.0,2.0,4.0,2.0,2.0,2.0,1.0,0.0,,861.0
BR,Brazil,2021-01-30,-31.0,10.0,-25.0,-20.0,-2.0,6.0,76.39,2.0,2.0,2.0,4.0,2.0,2.0,2.0,1.0,0.0,,864.0
BR,Brazil,2021-01-31,-36.0,5.0,-25.0,-24.0,-1.0,5.0,76.39,2.0,2.0,2.0,4.0,2.0,2.0,2.0,1.0,0.0,,867.0
DE,Germany,2020-02-15,6.0,1.0,45.0,10.0,0.0,-1.0,11.11,0.0,0.0,0.0,0.0,0.0,0.0,0.0,0.0,0.0,16.0,0.0
DE,Germany,2020-02-16,7.0,10.0,9.0,6.0,-1.0,0.0,11.11,0.0,0.0,0.0,0.0,0.0,0.0,0.0,0.0,0.0,16.0,0.0
DE,Germany,2020-02-17,2.0,2.0,7.0,1.0,-2.0,0.0,11.11,0.0,0.0,0.0,0.0,0.0,0.0,0.0,0.0,0.0,16.0,0.0
DE,Germany,2020-02-18,2.0,2.0,10.0,1.0,-1.0,1.0,11.11,0.0,0.0,0.0,0.0,0.0,0.0,0.0,0.0,0.0,16.0,0.0
DE,Germany,2020-02-19,3.0,0.0,6.0,-1.0,-1.0,1.0,11.11,0.0,0.0,0.0,0.0,0.0,0.0,0.0,0.0,0.0,16.0,0.0
DE,Germany,2020-02-20,2.0,-1.0,14.0,3.0,-4.0,1.0,11.11,0.0,0.0,0.0,0.0,0.0,0.0,0.0,0.0,0.0,16.0,0.0
DE,Germany,2020-02-21,2.0,2.0,15.0,-1.0,-8.0,2.0,11.11,0.0,0.0,0.0,0.0,0.0,0.0,0.0,0.0,0.0,16.0,0.0
DE,Germany,2020-02-22,-1.0,-2.0,26.0,9.0,-3.0,0.0,11.11,0.0,0.0,0.0,0.0,0.0,0.0,0.0,0.0,0.0,16.0,0.0
DE,Germany,2020-02-23,0.0,9.0,-24.0,2.0,-3.0,0.0,11.11,0.0,0.0,0.0,0.0,0.0,0.0,0.0,0.0,0.0,16.0,0.0
DE,Germany,2020-02-24,2.0,-5.0,17.0,-5.0,-20.0,4.0,11.11,0.0,0.0,0.0,0.0,0.0,0.0,0.0,0.0,0.0,16.0,0.0
DE,Germany,2020-02-25,-1.0,-1.0,15.0,-5.0,-13.0,4.0,11.11,0.0,0.0,0.0,0.0,0.0,0.0,0.0,0.0,0.0,16.0,0.0
DE,Germany,2020-02-26,-3.0,0.0,0.0,-7.0,-5.0,2.0,16.67,2.0,0.0,0.0,0.0,0.0,0.0,0.0,0.0,0.0,21.0,0.0
DE,Germany,2020-02-27,-5.0,3.0,-3.0,-5.0,-4.0,2.0,16.67,2.0,0.0,0.0,0.0,0.0,0.0,0.0,0.0,0.0,26.0,0.0
DE,Germany,2020-02-28,3.0,11.0,9.0,-2.0,-5.0,2.0,19.44,2.0,0.0,0.0,0.0,0.0,0.0,0.0,1.0,0.0,53.0,0.0
DE,Germany,2020-02-29,-1.0,5.0,9.0,1.0,-1.0,1.0,25.0,2.0,0.0,1.0,0.0,0.0,0.0,0.0,1.0,0.0,66.0,0.0
DE,Germany,2020-03-01,8.0,18.0,21.0,4.0,1.0,0.0,25.0,2.0,0.0,1.0,0.0,0.0,0.0,0.0,1.0,0.0,117.0,0.0
DE,Germany,2020-03-02,2.0,8.0,9.0,-1.0,0.0,0.0,25.0,2.0,0.0,1.0,0.0,0.0,0.0,0.0,1.0,0.0,150.0,0.0
DE,Germany,2020-03-03,0.0,5.0,8.0,-3.0,0.0,1.0,25.0,2.0,0.0,1.0,0.0,0.0,0.0,0.0,1.0,0.0,188.0,0.0
DE,Germany,2020-03-04,2.0,2.0,14.0,-4.0,0.0,1.0,25.0,2.0,0.0,1.0,0.0,0.0,0.0,0.0,1.0,0.0,240.0,0.0
DE,Germany,2020-03-05,-4.0,0.0,0.0,-5.0,0.0,1.0,25.0,2.0,0.0,1.0,0.0,0.0,0.0,0.0,1.0,0.0,349.0,0.0
DE,Germany,2020-03-06,-3.0,1.0,-11.0,-7.0,-1.0,2.0,25.0,2.0,0.0,1.0,0.0,0.0,0.0,0.0,1.0,0.0,534.0,0.0
DE,Germany,2020-03-07,1.0,0.0,19.0,-2.0,0.0,1.0,25.0,2.0,0.0,1.0,0.0,0.0,0.0,0.0,1.0,0.0,684.0,0.0
DE,Germany,2020-03-08,12.0,19.0,31.0,2.0,1.0,0.0,25.0,2.0,0.0,1.0,0.0,0.0,0.0,0.0,1.0,0.0,847.0,0.0
DE,Germany,2020-03-09,-1.0,2.0,7.0,-5.0,-1.0,1.0,28.07,2.0,0.0,1.0,0.0,0.0,1.0,0.0,1.0,0.0,1112.0,2.0
DE,Germany,2020-03-10,-7.0,-2.0,-13.0,-8.0,-1.0,3.0,32.87,2.0,0.0,2.0,1.0,0.0,1.0,0.0,1.0,0.0,1296.0,2.0
DE,Germany,2020-03-11,-1.0,2.0,17.0,-7.0,-1.0,2.0,32.87,2.0,0.0,2.0,1.0,0.0,1.0,0.0,1.0,0.0,1567.0,3.0
DE,Germany,2020-03-12,-7.0,6.0,4.0,-9.0,-2.0,2.0,32.87,2.0,0.0,2.0,1.0,0.0,1.0,0.0,1.0,0.0,2369.0,5.0
DE,Germany,2020-03-13,-9.0,19.0,-3.0,-15.0,-4.0,4.0,32.87,2.0,0.0,2.0,1.0,0.0,1.0,0.0,1.0,0.0,3062.0,5.0
DE,Germany,2020-03-14,-17.0,9.0,33.0,-19.0,-3.0,4.0,32.87,2.0,0.0,2.0,1.0,0.0,1.0,0.0,1.0,0.0,3795.0,8.0
DE,Germany,2020-03-15,-12.0,13.0,75.0,-16.0,-5.0,2.0,32.87,2.0,0.0,2.0,1.0,0.0,1.0,0.0,1.0,0.0,4838.0,12.0
DE,Germany,2020-03-16,-7.0,22.0,40.0,-25.0,-18.0,6.0,42.13,3.0,0.0,2.0,1.0,0.0,1.0,0.0,3.0,2.0,6012.0,12.0
DE,Germany,2020-03-17,-21.0,11.0,31.0,-35.0,-25.0,10.0,42.13,3.0,0.0,2.0,1.0,0.0,1.0,0.0,3.0,2.0,7156.0,12.0
DE,Germany,2020-03-18,-34.0,5.0,44.0,-39.0,-30.0,11.0,52.31,3.0,0.0,2.0,1.0,0.0,1.0,1.0,4.0,2.0,8198.0,12.0
DE,Germany,2020-03-19,-45.0,-3.0,15.0,-46.0,-33.0,14.0,55.09,3.0,0.0,2.0,1.0,0.0,1.0,2.0,4.0,2.0,10999.0,20.0
DE,Germany,2020-03-20,-50.0,-2.0,-14.0,-52.0,-36.0,16.0,57.87,3.0,0.0,2.0,1.0,0.0,1.0,2.0,4.0,2.0,13957.0,31.0
DE,Germany,2020-03-21,-69.0,-24.0,-31.0,-59.0,-31.0,13.0,68.06,3.0,0.0,2.0,4.0,0.0,2.0,2.0,4.0,2.0,16662.0,47.0
DE,Germany,2020-03-22,-71.0,-35.0,1.0,-58.0,-34.0,10.0,76.85,3.0,2.0,2.0,4.0,0.0,2.0,2.0,4.0,2.0,18610.0,55.0
DE,Germany,2020-03-23,-57.0,-16.0,-5.0,-56.0,-41.0,16.0,76.85,3.0,2.0,2.0,4.0,0.0,2.0,2.0,4.0,2.0,22672.0,86.0
DE,Germany,2020-03-24,-59.0,-18.0,9.0,-56.0,-43.0,18.0,76.85,3.0,2.0,2.0,4.0,0.0,2.0,2.0,4.0,2.0,27436.0,114.0
DE,Germany,2020-03-25,-58.0,-18.0,11.0,-56.0,-43.0,18.0,76.85,3.0,2.0,2.0,4.0,0.0,2.0,2.0,4.0,2.0,31554.0,149.0
DE,Germany,2020-03-26,-59.0,-16.0,3.0,-57.0,-44.0,18.0,76.85,3.0,2.0,2.0,4.0,0.0,2.0,2.0,4.0,2.0,,198.0
DE,Germany,2020-03-27,-59.0,-14.0,21.0,-56.0,-44.0,19.0,76.85,3.0,2.0,2.0,4.0,0.0,2.0,2.0,4.0,2.0,,253.0
DE,Germany,2020-03-28,-66.0,-21.0,33.0,-53.0,-33.0,12.0,76.85,3.0,2.0,2.0,4.0,0.0,2.0,2.0,4.0,2.0,,325.0
DE,Germany,2020-03-29,-77.0,-51.0,-49.0,-68.0,-39.0,11.0,76.85,3.0,2.0,2.0,4.0,0.0,2.0,2.0,4.0,2.0,,389.0
DE,Germany,2020-03-30,-54.0,-16.0,-13.0,-56.0,-43.0,17.0,76.85,3.0,2.0,2.0,4.0,0.0,2.0,2.0,4.0,2.0,,455.0
DE,Germany,2020-03-31,-53.0,-12.0,7.0,-53.0,-43.0,17.0,76.85,3.0,2.0,2.0,4.0,0.0,2.0,2.0,4.0,2.0,,583.0
DE,Germany,2020-04-01,-52.0,-13.0,20.0,-53.0,-43.0,17.0,76.85,3.0,2.0,2.0,4.0,0.0,2.0,2.0,4.0,2.0,,732.0
DE,Germany,2020-04-02,-54.0,-11.0,6.0,-54.0,-43.0,17.0,76.85,3.0,2.0,2.0,4.0,0.0,2.0,2.0,4.0,2.0,,872.0
DE,Germany,2020-04-03,-57.0,-11.0,-13.0,-57.0,-44.0,19.0,76.85,3.0,2.0,2.0,4.0,0.0,2.0,2.0,4.0,2.0,,1017.0
DE,Germany,2020-04-04,-63.0,-16.0,21.0,-52.0,-31.0,12.0,76.85,3.0,2.0,2.0,4.0,0.0,2.0,2.0,4.0,2.0,,1158.0
DE,Germany,2020-04-05,-58.0,-13.0,61.0,-47.0,-30.0,8.0,76.85,3.0,2.0,2.0,4.0,0.0,2.0,2.0,4.0,2.0,,1342.0
DE,Germany,2020-04-06,-43.0,-6.0,49.0,-49.0,-44.0,15.0,76.85,3.0,2.0,2.0,4.0,0.0,2.0,2.0,4.0,2.0,,1434.0
DE,Germany,2020-04-07,-44.0,-2.0,50.0,-50.0,-45.0,16.0,76.85,3.0,2.0,2.0,4.0,0.0,2.0,2.0,4.0,2.0,,1607.0
DE,Germany,2020-04-08,-42.0,10.0,57.0,-49.0,-45.0,15.0,76.85,3.0,2.0,2.0,4.0,0.0,2.0,2.0,4.0,2.0,,1861.0
DE,Germany,2020-04-09,-40.0,14.0,37.0,-49.0,-47.0,15.0,76.85,3.0,2.0,2.0,4.0,0.0,2.0,2.0,4.0,2.0,,2107.0
DE,Germany,2020-04-10,-80.0,-92.0,72.0,-69.0,-86.0,29.0,76.85,3.0,2.0,2.0,4.0,0.0,2.0,2.0,4.0,2.0,,2373.0
DE,Germany,2020-04-11,-56.0,0.0,35.0,-48.0,-29.0,10.0,76.85,3.0,2.0,2.0,4.0,0.0,2.0,2.0,4.0,2.0,,2544.0
DE,Germany,2020-04-12,-63.0,-23.0,59.0,-47.0,-26.0,6.0,76.85,3.0,2.0,2.0,4.0,0.0,2.0,2.0,4.0,2.0,,2673.0
DE,Germany,2020-04-13,-81.0,-93.0,29.0,-73.0,-88.0,28.0,76.85,3.0,2.0,2.0,4.0,0.0,2.0,2.0,4.0,2.0,,2799.0
DE,Germany,2020-04-14,-45.0,1.0,8.0,-52.0,-45.0,17.0,76.85,3.0,2.0,2.0,4.0,0.0,2.0,2.0,4.0,2.0,,2969.0
DE,Germany,2020-04-15,-45.0,-9.0,46.0,-49.0,-44.0,16.0,76.85,3.0,2.0,2.0,4.0,0.0,2.0,2.0,4.0,2.0,,3254.0
DE,Germany,2020-04-16,-53.0,-3.0,57.0,-48.0,-43.0,16.0,76.85,3.0,2.0,2.0,4.0,0.0,2.0,2.0,4.0,2.0,,3569.0
DE,Germany,2020-04-17,-55.0,-4.0,49.0,-49.0,-43.0,16.0,76.85,3.0,2.0,2.0,4.0,0.0,2.0,2.0,4.0,2.0,,3868.0
DE,Germany,2020-04-18,-65.0,-14.0,35.0,-46.0,-22.0,10.0,76.85,3.0,2.0,2.0,4.0,0.0,2.0,2.0,4.0,2.0,,4110.0
DE,Germany,2020-04-19,-59.0,-7.0,56.0,-44.0,-22.0,7.0,76.85,3.0,2.0,2.0,4.0,0.0,2.0,2.0,4.0,2.0,,4294.0
DE,Germany,2020-04-20,-44.0,-9.0,35.0,-44.0,-36.0,13.0,76.85,3.0,2.0,2.0,4.0,0.0,2.0,2.0,4.0,2.0,,4404.0
DE,Germany,2020-04-21,-47.0,-8.0,45.0,-44.0,-35.0,14.0,76.85,3.0,2.0,2.0,4.0,0.0,2.0,2.0,4.0,2.0,,4598.0
DE,Germany,2020-04-22,-46.0,-8.0,60.0,-43.0,-35.0,13.0,76.85,3.0,2.0,2.0,4.0,0.0,2.0,2.0,4.0,2.0,,4879.0
DE,Germany,2020-04-23,-47.0,-6.0,58.0,-42.0,-35.0,13.0,76.85,3.0,2.0,2.0,4.0,0.0,2.0,2.0,4.0,2.0,,5094.0
DE,Germany,2020-04-24,-50.0,-7.0,38.0,-46.0,-36.0,14.0,76.85,3.0,2.0,2.0,4.0,0.0,2.0,2.0,4.0,2.0,,5321.0
DE,Germany,2020-04-25,-57.0,-10.0,40.0,-41.0,-19.0,9.0,76.85,3.0,2.0,2.0,4.0,0.0,2.0,2.0,4.0,2.0,,5500.0
DE,Germany,2020-04-26,-52.0,3.0,78.0,-39.0,-18.0,6.0,76.85,3.0,2.0,2.0,4.0,0.0,2.0,2.0,4.0,2.0,,5640.0
DE,Germany,2020-04-27,-43.0,-13.0,57.0,-41.0,-33.0,12.0,76.85,3.0,2.0,2.0,4.0,0.0,2.0,2.0,4.0,2.0,,5750.0
DE,Germany,2020-04-28,-48.0,-10.0,19.0,-43.0,-33.0,13.0,76.85,3.0,2.0,2.0,4.0,0.0,2.0,2.0,4.0,2.0,,5913.0
DE,Germany,2020-04-29,-46.0,1.0,12.0,-43.0,-33.0,13.0,76.85,3.0,2.0,2.0,4.0,0.0,2.0,2.0,4.0,2.0,,6115.0
DE,Germany,2020-04-30,-34.0,19.0,-8.0,-39.0,-34.0,12.0,76.85,3.0,2.0,2.0,4.0,0.0,2.0,2.0,4.0,2.0,,6288.0
DE,Germany,2020-05-01,-82.0,-92.0,17.0,-67.0,-84.0,28.0,76.85,3.0,2.0,2.0,4.0,0.0,2.0,2.0,4.0,2.0,,6481.0
DE,Germany,2020-05-02,-46.0,3.0,-18.0,-42.0,-20.0,9.0,76.85,3.0,2.0,2.0,4.0,0.0,2.0,2.0,4.0,2.0,,6575.0
DE,Germany,2020-05-03,-57.0,4.0,43.0,-37.0,-18.0,6.0,75.46,3.0,2.0,2.0,4.0,0.0,2.0,2.0,4.0,2.0,,6649.0
DE,Germany,2020-05-04,-32.0,-5.0,-1.0,-38.0,-30.0,11.0,71.76,2.0,2.0,2.0,4.0,0.0,2.0,2.0,4.0,2.0,,6692.0
DE,Germany,2020-05-05,-36.0,-6.0,21.0,-37.0,-29.0,12.0,71.76,2.0,2.0,2.0,4.0,0.0,2.0,2.0,4.0,2.0,,6831.0
DE,Germany,2020-05-06,-33.0,-5.0,49.0,-35.0,-28.0,11.0,66.2,2.0,2.0,2.0,4.0,0.0,0.0,2.0,4.0,2.0,,6996.0
DE,Germany,2020-05-07,-33.0,-3.0,47.0,-35.0,-28.0,11.0,64.35,2.0,2.0,2.0,4.0,0.0,0.0,2.0,4.0,2.0,,7119.0
DE,Germany,2020-05-08,-36.0,-5.0,60.0,-37.0,-31.0,11.0,64.35,2.0,2.0,2.0,4.0,0.0,0.0,2.0,4.0,2.0,,7266.0
DE,Germany,2020-05-09,-40.0,-1.0,61.0,-28.0,-8.0,5.0,64.35,2.0,2.0,2.0,4.0,0.0,0.0,2.0,4.0,2.0,,7369.0
DE,Germany,2020-05-10,-50.0,9.0,29.0,-33.0,-3.0,4.0,64.35,2.0,2.0,2.0,4.0,0.0,0.0,2.0,4.0,2.0,,7395.0
DE,Germany,2020-05-11,-34.0,-12.0,-23.0,-41.0,-28.0,11.0,64.35,2.0,2.0,2.0,4.0,0.0,0.0,2.0,4.0,2.0,,7417.0
DE,Germany,2020-05-12,-31.0,-4.0,14.0,-35.0,-26.0,11.0,64.35,2.0,2.0,2.0,4.0,0.0,0.0,2.0,4.0,2.0,,7533.0
DE,Germany,2020-05-13,-31.0,-7.0,13.0,-36.0,-26.0,11.0,64.35,2.0,2.0,2.0,4.0,0.0,0.0,2.0,4.0,2.0,,7634.0
DE,Germany,2020-05-14,-29.0,-4.0,20.0,-35.0,-26.0,10.0,64.35,2.0,2.0,2.0,4.0,0.0,0.0,2.0,4.0,2.0,,7723.0
DE,Germany,2020-05-15,-29.0,-3.0,29.0,-35.0,-26.0,10.0,64.35,2.0,2.0,2.0,4.0,0.0,0.0,2.0,4.0,2.0,,7824.0
DE,Germany,2020-05-16,-35.0,-6.0,53.0,-28.0,-5.0,5.0,61.57,2.0,2.0,2.0,4.0,0.0,0.0,2.0,3.0,2.0,,7881.0
DE,Germany,2020-05-17,-36.0,16.0,92.0,-25.0,-1.0,3.0,61.57,2.0,2.0,2.0,4.0,0.0,0.0,2.0,3.0,2.0,,7914.0
DE,Germany,2020-05-18,-15.0,-3.0,55.0,-30.0,-26.0,8.0,61.57,2.0,2.0,2.0,4.0,0.0,0.0,2.0,3.0,2.0,,7935.0
DE,Germany,2020-05-19,-17.0,2.0,63.0,-30.0,-25.0,9.0,59.72,2.0,2.0,2.0,4.0,0.0,0.0,2.0,3.0,2.0,,8007.0
DE,Germany,2020-05-20,-6.0,34.0,84.0,-25.0,-26.0,6.0,59.72,2.0,2.0,2.0,4.0,0.0,0.0,2.0,3.0,2.0,,8090.0
DE,Germany,2020-05-21,-55.0,-87.0,225.0,-46.0,-81.0,18.0,59.72,2.0,2.0,2.0,4.0,0.0,0.0,2.0,3.0,2.0,,8147.0
DE,Germany,2020-05-22,-19.0,1.0,68.0,-40.0,-51.0,14.0,59.72,2.0,2.0,2.0,4.0,0.0,0.0,2.0,3.0,2.0,,8174.0
DE,Germany,2020-05-23,-35.0,-9.0,27.0,-35.0,-8.0,7.0,59.72,2.0,2.0,2.0,4.0,0.0,0.0,2.0,3.0,2.0,,8216.0
DE,Germany,2020-05-24,-42.0,3.0,37.0,-31.0,-4.0,3.0,59.72,2.0,2.0,2.0,4.0,0.0,0.0,2.0,3.0,2.0,,8247.0
DE,Germany,2020-05-25,-16.0,-2.0,33.0,-31.0,-27.0,8.0,59.72,2.0,2.0,2.0,4.0,0.0,0.0,2.0,3.0,2.0,,8257.0
DE,Germany,2020-05-26,-18.0,-4.0,73.0,-28.0,-23.0,8.0,59.72,2.0,2.0,2.0,4.0,0.0,0.0,2.0,3.0,2.0,,8302.0
DE,Germany,2020-05-27,-15.0,-3.0,86.0,-27.0,-23.0,7.0,59.72,2.0,2.0,2.0,4.0,0.0,0.0,2.0,3.0,2.0,,8349.0
DE,Germany,2020-05-28,-16.0,2.0,65.0,-27.0,-24.0,8.0,59.72,2.0,2.0,2.0,4.0,0.0,0.0,2.0,3.0,2.0,,8411.0
DE,Germany,2020-05-29,-15.0,6.0,84.0,-25.0,-25.0,7.0,59.72,2.0,2.0,2.0,4.0,0.0,0.0,2.0,3.0,2.0,,8450.0
DE,Germany,2020-05-30,-23.0,4.0,99.0,-17.0,5.0,2.0,59.72,2.0,2.0,2.0,4.0,0.0,0.0,2.0,3.0,2.0,,8489.0
DE,Germany,2020-05-31,-19.0,32.0,143.0,-13.0,8.0,0.0,59.72,2.0,2.0,2.0,4.0,0.0,0.0,2.0,3.0,2.0,,8500.0
DE,Germany,2020-06-01,-45.0,-86.0,264.0,-42.0,-80.0,16.0,59.72,2.0,2.0,2.0,4.0,0.0,0.0,2.0,3.0,2.0,,8511.0
DE,Germany,2020-06-02,-6.0,15.0,109.0,-22.0,-26.0,6.0,59.72,2.0,2.0,2.0,4.0,0.0,0.0,2.0,3.0,2.0,,8522.0
DE,Germany,2020-06-03,-11.0,1.0,91.0,-24.0,-25.0,7.0,59.72,2.0,2.0,2.0,4.0,0.0,0.0,2.0,3.0,2.0,,8551.0
DE,Germany,2020-06-04,-20.0,-2.0,12.0,-31.0,-26.0,9.0,59.72,2.0,2.0,2.0,4.0,0.0,0.0,2.0,3.0,2.0,,8581.0
DE,Germany,2020-06-05,-20.0,-2.0,21.0,-32.0,-26.0,9.0,59.72,2.0,2.0,2.0,4.0,0.0,0.0,2.0,3.0,2.0,,8613.0
DE,Germany,2020-06-06,-25.0,-5.0,44.0,-24.0,1.0,4.0,59.72,2.0,2.0,2.0,4.0,0.0,0.0,2.0,3.0,2.0,,8646.0
DE,Germany,2020-06-07,-31.0,11.0,51.0,-27.0,3.0,3.0,59.72,2.0,2.0,2.0,4.0,0.0,0.0,2.0,3.0,2.0,,8668.0
DE,Germany,2020-06-08,-8.0,-4.0,67.0,-26.0,-25.0,7.0,59.72,2.0,2.0,2.0,4.0,0.0,0.0,2.0,3.0,2.0,,8674.0
DE,Germany,2020-06-09,-12.0,-2.0,59.0,-27.0,-25.0,8.0,59.72,2.0,2.0,2.0,4.0,0.0,0.0,2.0,3.0,2.0,,8711.0
DE,Germany,2020-06-10,-5.0,16.0,70.0,-24.0,-25.0,6.0,59.72,2.0,2.0,2.0,4.0,0.0,0.0,2.0,3.0,2.0,,8729.0
DE,Germany,2020-06-11,-36.0,-54.0,112.0,-40.0,-59.0,16.0,59.72,2.0,2.0,2.0,4.0,0.0,0.0,2.0,3.0,2.0,,8755.0
DE,Germany,2020-06-12,-8.0,3.0,147.0,-25.0,-37.0,7.0,59.72,2.0,2.0,2.0,4.0,0.0,0.0,2.0,3.0,2.0,,8763.0
DE,Germany,2020-06-13,-26.0,-9.0,97.0,-21.0,4.0,2.0,59.72,2.0,2.0,2.0,4.0,0.0,0.0,2.0,3.0,2.0,,8781.0
DE,Germany,2020-06-14,-33.0,8.0,34.0,-26.0,5.0,2.0,59.72,2.0,2.0,2.0,4.0,0.0,0.0,2.0,3.0,2.0,,8787.0
DE,Germany,2020-06-15,-10.0,-2.0,63.0,-24.0,-23.0,6.0,59.72,2.0,2.0,2.0,4.0,0.0,0.0,2.0,3.0,2.0,,8791.0
DE,Germany,2020-06-16,-11.0,0.0,75.0,-22.0,-21.0,6.0,59.72,2.0,2.0,2.0,4.0,0.0,0.0,2.0,3.0,2.0,,8800.0
DE,Germany,2020-06-17,-10.0,-3.0,80.0,-22.0,-21.0,6.0,59.72,2.0,2.0,2.0,4.0,0.0,0.0,2.0,3.0,2.0,,8830.0
DE,Germany,2020-06-18,-12.0,-2.0,67.0,-23.0,-22.0,6.0,63.43,3.0,2.0,2.0,4.0,0.0,0.0,2.0,3.0,2.0,,8856.0
DE,Germany,2020-06-19,-13.0,-1.0,63.0,-23.0,-23.0,6.0,63.43,3.0,2.0,2.0,4.0,0.0,0.0,2.0,3.0,2.0,,8872.0
DE,Germany,2020-06-20,-20.0,-5.0,85.0,-18.0,7.0,2.0,63.43,3.0,2.0,2.0,4.0,0.0,0.0,2.0,3.0,2.0,,8883.0
DE,Germany,2020-06-21,-8.0,33.0,123.0,-11.0,15.0,-1.0,63.43,3.0,2.0,2.0,4.0,0.0,0.0,2.0,3.0,2.0,,8882.0
DE,Germany,2020-06-22,-6.0,-2.0,96.0,-21.0,-23.0,5.0,63.43,3.0,2.0,2.0,4.0,0.0,0.0,2.0,3.0,2.0,,8885.0
DE,Germany,2020-06-23,-6.0,-1.0,129.0,-19.0,-22.0,5.0,63.43,3.0,2.0,2.0,4.0,0.0,0.0,2.0,3.0,2.0,,8895.0
DE,Germany,2020-06-24,-6.0,-1.0,130.0,-19.0,-20.0,5.0,63.43,3.0,2.0,2.0,4.0,0.0,0.0,2.0,3.0,2.0,,8914.0
DE,Germany,2020-06-25,-11.0,-1.0,106.0,-21.0,-22.0,5.0,63.43,3.0,2.0,2.0,4.0,0.0,0.0,2.0,3.0,2.0,,8927.0
DE,Germany,2020-06-26,-14.0,-2.0,114.0,-21.0,-23.0,5.0,63.43,3.0,2.0,2.0,4.0,0.0,0.0,2.0,3.0,2.0,,8948.0
DE,Germany,2020-06-27,-23.0,-6.0,110.0,-16.0,3.0,1.0,63.43,3.0,2.0,2.0,4.0,0.0,0.0,2.0,3.0,2.0,,8954.0
DE,Germany,2020-06-28,-18.0,23.0,72.0,-18.0,10.0,0.0,63.43,3.0,2.0,2.0,4.0,0.0,0.0,2.0,3.0,2.0,,8957.0
DE,Germany,2020-06-29,-3.0,1.0,74.0,-22.0,-23.0,5.0,63.43,3.0,2.0,2.0,4.0,0.0,0.0,2.0,3.0,2.0,,8961.0
DE,Germany,2020-06-30,0.0,3.0,92.0,-20.0,-22.0,6.0,63.43,3.0,2.0,2.0,4.0,0.0,0.0,2.0,3.0,2.0,,8973.0
DE,Germany,2020-07-01,-2.0,-1.0,85.0,-21.0,-22.0,5.0,63.43,3.0,2.0,2.0,4.0,0.0,0.0,2.0,3.0,2.0,,8985.0
DE,Germany,2020-07-02,-6.0,0.0,69.0,-21.0,-23.0,6.0,63.43,3.0,2.0,2.0,4.0,0.0,0.0,2.0,3.0,2.0,,8994.0
DE,Germany,2020-07-03,-5.0,1.0,99.0,-20.0,-23.0,5.0,63.43,3.0,2.0,2.0,4.0,0.0,0.0,2.0,3.0,2.0,,9003.0
DE,Germany,2020-07-04,-16.0,-5.0,109.0,-12.0,3.0,0.0,63.43,3.0,2.0,2.0,4.0,0.0,0.0,2.0,3.0,2.0,,9010.0
DE,Germany,2020-07-05,-9.0,27.0,95.0,-12.0,7.0,0.0,63.43,3.0,2.0,2.0,4.0,0.0,0.0,2.0,3.0,2.0,,9012.0
DE,Germany,2020-07-06,-2.0,-1.0,73.0,-22.0,-26.0,5.0,63.43,3.0,2.0,2.0,4.0,0.0,0.0,2.0,3.0,2.0,,9016.0
DE,Germany,2020-07-07,-2.0,-1.0,106.0,-20.0,-25.0,6.0,55.09,1.0,2.0,2.0,3.0,0.0,0.0,2.0,3.0,2.0,,9024.0
DE,Germany,2020-07-08,-4.0,-3.0,80.0,-23.0,-25.0,6.0,55.09,1.0,2.0,2.0,3.0,0.0,0.0,2.0,3.0,2.0,,9036.0
DE,Germany,2020-07-09,-8.0,-3.0,74.0,-23.0,-26.0,6.0,55.09,1.0,2.0,2.0,3.0,0.0,0.0,2.0,3.0,2.0,,9048.0
DE,Germany,2020-07-10,-11.0,-2.0,74.0,-23.0,-26.0,6.0,55.09,1.0,2.0,2.0,3.0,0.0,0.0,2.0,3.0,2.0,,9054.0
DE,Germany,2020-07-11,-15.0,-6.0,112.0,-11.0,3.0,0.0,55.09,1.0,2.0,2.0,3.0,0.0,0.0,2.0,3.0,2.0,,9060.0
DE,Germany,2020-07-12,3.0,42.0,142.0,-4.0,10.0,-2.0,55.09,1.0,2.0,2.0,3.0,0.0,0.0,2.0,3.0,2.0,,9063.0
DE,Germany,2020-07-13,0.0,-2.0,132.0,-20.0,-26.0,4.0,55.09,1.0,2.0,2.0,3.0,0.0,0.0,2.0,3.0,2.0,,9064.0
DE,Germany,2020-07-14,-3.0,-2.0,116.0,-21.0,-26.0,6.0,55.09,1.0,2.0,2.0,3.0,0.0,0.0,2.0,3.0,2.0,,9068.0
DE,Germany,2020-07-15,-2.0,-1.0,78.0,-23.0,-26.0,6.0,55.09,1.0,2.0,2.0,3.0,0.0,0.0,2.0,3.0,2.0,,9071.0
DE,Germany,2020-07-16,-7.0,-2.0,63.0,-24.0,-27.0,6.0,55.09,1.0,2.0,2.0,3.0,0.0,0.0,2.0,3.0,2.0,,9078.0
DE,Germany,2020-07-17,-6.0,-2.0,108.0,-21.0,-28.0,5.0,55.09,1.0,2.0,2.0,3.0,0.0,0.0,2.0,3.0,2.0,,9082.0
DE,Germany,2020-07-18,-16.0,-7.0,150.0,-6.0,2.0,-1.0,55.09,1.0,2.0,2.0,3.0,0.0,0.0,2.0,3.0,2.0,,9083.0
DE,Germany,2020-07-19,3.0,40.0,152.0,-3.0,9.0,-3.0,55.09,1.0,2.0,2.0,3.0,0.0,0.0,2.0,3.0,2.0,,9084.0
DE,Germany,2020-07-20,0.0,-1.0,130.0,-22.0,-31.0,5.0,55.09,1.0,2.0,2.0,3.0,0.0,0.0,2.0,3.0,2.0,,9086.0
DE,Germany,2020-07-21,0.0,-2.0,153.0,-21.0,-30.0,5.0,55.09,1.0,2.0,2.0,3.0,0.0,0.0,2.0,3.0,2.0,,9090.0
DE,Germany,2020-07-22,2.0,-3.0,156.0,-21.0,-28.0,5.0,55.09,1.0,2.0,2.0,3.0,0.0,0.0,2.0,3.0,2.0,,9095.0
DE,Germany,2020-07-23,-3.0,-3.0,143.0,-21.0,-29.0,5.0,55.09,1.0,2.0,2.0,3.0,0.0,0.0,2.0,3.0,2.0,,9101.0
DE,Germany,2020-07-24,-8.0,-3.0,123.0,-22.0,-30.0,5.0,55.09,1.0,2.0,2.0,3.0,0.0,0.0,2.0,3.0,2.0,,9111.0
DE,Germany,2020-07-25,-17.0,-8.0,148.0,-8.0,-1.0,-1.0,55.09,1.0,2.0,2.0,3.0,0.0,0.0,2.0,3.0,2.0,,9118.0
DE,Germany,2020-07-26,-7.0,30.0,92.0,-10.0,2.0,0.0,55.09,1.0,2.0,2.0,3.0,0.0,0.0,2.0,3.0,2.0,,9118.0
DE,Germany,2020-07-27,1.0,-1.0,138.0,-22.0,-33.0,5.0,55.09,1.0,2.0,2.0,3.0,0.0,0.0,2.0,3.0,2.0,,9118.0
DE,Germany,2020-07-28,-1.0,-2.0,150.0,-22.0,-32.0,6.0,55.09,1.0,2.0,2.0,3.0,0.0,0.0,2.0,3.0,2.0,,9122.0
DE,Germany,2020-07-29,5.0,-1.0,159.0,-20.0,-32.0,5.0,55.09,1.0,2.0,2.0,3.0,0.0,0.0,2.0,3.0,2.0,,9128.0
DE,Germany,2020-07-30,1.0,0.0,154.0,-21.0,-33.0,5.0,55.09,1.0,2.0,2.0,3.0,0.0,0.0,2.0,3.0,2.0,,9134.0
DE,Germany,2020-07-31,-6.0,-1.0,161.0,-20.0,-34.0,4.0,57.87,1.0,2.0,2.0,4.0,0.0,0.0,2.0,3.0,2.0,,9141.0
DE,Germany,2020-08-01,-19.0,-8.0,156.0,-6.0,-4.0,-2.0,57.87,1.0,2.0,2.0,4.0,0.0,0.0,2.0,3.0,2.0,,9148.0
DE,Germany,2020-08-02,-5.0,35.0,89.0,-7.0,1.0,-1.0,57.87,1.0,2.0,2.0,4.0,0.0,0.0,2.0,3.0,2.0,,9141.0
DE,Germany,2020-08-03,6.0,2.0,114.0,-21.0,-35.0,5.0,57.87,1.0,2.0,2.0,4.0,0.0,0.0,2.0,3.0,2.0,,9148.0
DE,Germany,2020-08-04,5.0,0.0,143.0,-20.0,-34.0,6.0,57.87,1.0,2.0,2.0,4.0,0.0,0.0,2.0,3.0,2.0,,9156.0
DE,Germany,2020-08-05,6.0,-2.0,180.0,-19.0,-33.0,4.0,57.87,1.0,2.0,2.0,4.0,0.0,0.0,2.0,3.0,2.0,,9168.0
DE,Germany,2020-08-06,-2.0,-2.0,163.0,-21.0,-33.0,5.0,57.87,1.0,2.0,2.0,4.0,0.0,0.0,2.0,3.0,2.0,,9175.0
DE,Germany,2020-08-07,-10.0,-4.0,156.0,-22.0,-34.0,4.0,59.72,2.0,2.0,2.0,4.0,0.0,0.0,2.0,3.0,2.0,,9183.0
DE,Germany,2020-08-08,-23.0,-10.0,163.0,-10.0,-5.0,-1.0,56.94,2.0,2.0,2.0,3.0,0.0,0.0,2.0,3.0,2.0,,9195.0
DE,Germany,2020-08-09,-9.0,28.0,127.0,-7.0,3.0,-2.0,56.94,2.0,2.0,2.0,3.0,0.0,0.0,2.0,3.0,2.0,,9196.0
DE,Germany,2020-08-10,-1.0,0.0,137.0,-22.0,-34.0,5.0,56.94,2.0,2.0,2.0,3.0,0.0,0.0,2.0,3.0,2.0,,9197.0
DE,Germany,2020-08-11,-3.0,-2.0,148.0,-22.0,-33.0,6.0,56.94,2.0,2.0,2.0,3.0,0.0,0.0,2.0,3.0,2.0,,9201.0
DE,Germany,2020-08-12,-1.0,-2.0,154.0,-20.0,-32.0,5.0,56.94,2.0,2.0,2.0,3.0,0.0,0.0,2.0,3.0,2.0,,9207.0
DE,Germany,2020-08-13,-5.0,-2.0,115.0,-21.0,-32.0,5.0,56.94,2.0,2.0,2.0,3.0,0.0,0.0,2.0,3.0,2.0,,9211.0
DE,Germany,2020-08-14,-6.0,0.0,107.0,-20.0,-32.0,5.0,56.94,2.0,2.0,2.0,3.0,0.0,0.0,2.0,3.0,2.0,,9225.0
DE,Germany,2020-08-15,-20.0,-17.0,132.0,-10.0,-8.0,0.0,56.94,2.0,2.0,2.0,3.0,0.0,0.0,2.0,3.0,2.0,,9231.0
DE,Germany,2020-08-16,1.0,34.0,139.0,-4.0,4.0,-2.0,56.94,2.0,2.0,2.0,3.0,0.0,0.0,2.0,3.0,2.0,,9231.0
DE,Germany,2020-08-17,-1.0,0.0,100.0,-19.0,-32.0,4.0,56.94,2.0,2.0,2.0,3.0,0.0,0.0,2.0,3.0,2.0,,9232.0
DE,Germany,2020-08-18,-1.0,-2.0,112.0,-19.0,-28.0,5.0,56.94,2.0,2.0,2.0,3.0,0.0,0.0,2.0,3.0,2.0,,9236.0
DE,Germany,2020-08-19,2.0,-3.0,147.0,-17.0,-28.0,4.0,56.94,2.0,2.0,2.0,3.0,0.0,0.0,2.0,3.0,2.0,,9243.0
DE,Germany,2020-08-20,-6.0,-6.0,128.0,-20.0,-29.0,4.0,56.94,2.0,2.0,2.0,3.0,0.0,0.0,2.0,3.0,2.0,,9253.0
DE,Germany,2020-08-21,-12.0,-7.0,127.0,-20.0,-30.0,4.0,56.94,2.0,2.0,2.0,3.0,0.0,0.0,2.0,3.0,2.0,,9260.0
DE,Germany,2020-08-22,-17.0,-8.0,107.0,-13.0,-5.0,0.0,56.94,2.0,2.0,2.0,3.0,0.0,0.0,2.0,3.0,2.0,,9267.0
DE,Germany,2020-08-23,-2.0,32.0,105.0,-6.0,3.0,-1.0,56.94,2.0,2.0,2.0,3.0,0.0,0.0,2.0,3.0,2.0,,9269.0
DE,Germany,2020-08-24,-3.0,-3.0,92.0,-20.0,-28.0,4.0,59.72,2.0,2.0,2.0,4.0,0.0,0.0,2.0,3.0,2.0,,9272.0
DE,Germany,2020-08-25,-3.0,-3.0,113.0,-19.0,-26.0,5.0,59.72,2.0,2.0,2.0,4.0,0.0,0.0,2.0,3.0,2.0,,9277.0
DE,Germany,2020-08-26,-7.0,-6.0,70.0,-22.0,-26.0,6.0,59.72,2.0,2.0,2.0,4.0,0.0,0.0,2.0,3.0,2.0,,9280.0
DE,Germany,2020-08-27,-3.0,-3.0,104.0,-17.0,-24.0,4.0,59.72,2.0,2.0,2.0,4.0,0.0,0.0,2.0,3.0,2.0,,9285.0
DE,Germany,2020-08-28,-6.0,-2.0,84.0,-18.0,-26.0,4.0,59.72,2.0,2.0,2.0,4.0,0.0,0.0,2.0,3.0,2.0,,9288.0
DE,Germany,2020-08-29,-12.0,-7.0,105.0,-8.0,-4.0,0.0,59.72,2.0,2.0,2.0,4.0,0.0,0.0,2.0,3.0,2.0,,9289.0
DE,Germany,2020-08-30,-9.0,23.0,65.0,-12.0,-1.0,0.0,59.72,2.0,2.0,2.0,4.0,0.0,0.0,2.0,3.0,2.0,,9295.0
DE,Germany,2020-08-31,2.0,2.0,74.0,-15.0,-24.0,3.0,59.72,2.0,2.0,2.0,4.0,0.0,0.0,2.0,3.0,2.0,,9298.0
DE,Germany,2020-09-01,0.0,0.0,90.0,-14.0,-23.0,4.0,59.72,2.0,2.0,2.0,4.0,0.0,0.0,2.0,3.0,2.0,,9302.0
DE,Germany,2020-09-02,3.0,-2.0,106.0,-14.0,-22.0,3.0,59.72,2.0,2.0,2.0,4.0,0.0,0.0,2.0,3.0,2.0,,9313.0
DE,Germany,2020-09-03,-5.0,-3.0,81.0,-17.0,-23.0,3.0,57.87,1.0,2.0,2.0,4.0,0.0,0.0,2.0,3.0,2.0,,9321.0
DE,Germany,2020-09-04,-4.0,-3.0,104.0,-14.0,-23.0,3.0,49.54,1.0,2.0,2.0,4.0,0.0,0.0,0.0,3.0,2.0,,9322.0
DE,Germany,2020-09-05,-10.0,-7.0,103.0,-9.0,-7.0,0.0,49.54,1.0,2.0,2.0,4.0,0.0,0.0,0.0,3.0,2.0,,9324.0
DE,Germany,2020-09-06,5.0,40.0,110.0,-4.0,0.0,-2.0,49.54,1.0,2.0,2.0,4.0,0.0,0.0,0.0,3.0,2.0,,9325.0
DE,Germany,2020-09-07,2.0,-1.0,100.0,-14.0,-23.0,3.0,49.54,1.0,2.0,2.0,4.0,0.0,0.0,0.0,3.0,2.0,,9325.0
DE,Germany,2020-09-08,0.0,-2.0,112.0,-12.0,-21.0,3.0,49.54,1.0,2.0,2.0,4.0,0.0,0.0,0.0,3.0,2.0,,9329.0
DE,Germany,2020-09-09,1.0,-4.0,112.0,-13.0,-20.0,3.0,49.54,1.0,2.0,2.0,4.0,0.0,0.0,0.0,3.0,2.0,,9338.0
DE,Germany,2020-09-10,-2.0,-2.0,102.0,-13.0,-20.0,2.0,49.54,1.0,2.0,2.0,4.0,0.0,0.0,0.0,3.0,2.0,,9341.0
DE,Germany,2020-09-11,-2.0,-2.0,121.0,-11.0,-21.0,2.0,49.54,1.0,2.0,2.0,4.0,0.0,0.0,0.0,3.0,2.0,,9342.0
DE,Germany,2020-09-12,-8.0,-6.0,149.0,-3.0,-3.0,-2.0,49.54,1.0,2.0,2.0,4.0,0.0,0.0,0.0,3.0,2.0,,9347.0
DE,Germany,2020-09-13,15.0,49.0,152.0,4.0,3.0,-4.0,49.54,1.0,2.0,2.0,4.0,0.0,0.0,0.0,3.0,2.0,,9349.0
DE,Germany,2020-09-14,0.0,-2.0,125.0,-12.0,-17.0,1.0,49.54,1.0,2.0,2.0,4.0,0.0,0.0,0.0,3.0,2.0,,9350.0
DE,Germany,2020-09-15,-1.0,-2.0,142.0,-10.0,-16.0,2.0,49.54,1.0,2.0,2.0,4.0,0.0,0.0,0.0,3.0,2.0,,9362.0
DE,Germany,2020-09-16,0.0,-3.0,131.0,-11.0,-16.0,2.0,49.54,1.0,2.0,2.0,4.0,0.0,0.0,0.0,3.0,2.0,,9368.0
DE,Germany,2020-09-17,-4.0,-2.0,103.0,-12.0,-17.0,2.0,49.54,1.0,2.0,2.0,4.0,0.0,0.0,0.0,3.0,2.0,,9371.0
DE,Germany,2020-09-18,-4.0,-2.0,113.0,-11.0,-18.0,2.0,49.54,1.0,2.0,2.0,4.0,0.0,0.0,0.0,3.0,2.0,,9378.0
DE,Germany,2020-09-19,-9.0,-7.0,141.0,-4.0,-4.0,-1.0,49.54,1.0,2.0,2.0,4.0,0.0,0.0,0.0,3.0,2.0,,9384.0
DE,Germany,2020-09-20,14.0,45.0,149.0,2.0,2.0,-3.0,49.54,1.0,2.0,2.0,4.0,0.0,0.0,0.0,3.0,2.0,,9386.0
DE,Germany,2020-09-21,-2.0,-2.0,111.0,-12.0,-18.0,2.0,49.54,1.0,2.0,2.0,4.0,0.0,0.0,0.0,3.0,2.0,,9386.0
DE,Germany,2020-09-22,-4.0,-2.0,122.0,-11.0,-16.0,3.0,49.54,1.0,2.0,2.0,4.0,0.0,0.0,0.0,3.0,2.0,,9396.0
DE,Germany,2020-09-23,-5.0,-2.0,98.0,-12.0,-15.0,3.0,49.54,1.0,2.0,2.0,4.0,0.0,0.0,0.0,3.0,2.0,,9409.0
DE,Germany,2020-09-24,-10.0,-2.0,70.0,-14.0,-15.0,3.0,49.54,1.0,2.0,2.0,4.0,0.0,0.0,0.0,3.0,2.0,,9428.0
DE,Germany,2020-09-25,-12.0,-1.0,42.0,-16.0,-17.0,4.0,49.54,1.0,2.0,2.0,4.0,0.0,0.0,0.0,3.0,2.0,,9443.0
DE,Germany,2020-09-26,-19.0,-7.0,15.0,-21.0,-8.0,3.0,49.54,1.0,2.0,2.0,4.0,0.0,0.0,0.0,3.0,2.0,,9452.0
DE,Germany,2020-09-27,-14.0,18.0,44.0,-15.0,-3.0,1.0,49.54,1.0,2.0,2.0,4.0,0.0,0.0,0.0,3.0,2.0,,9457.0
DE,Germany,2020-09-28,-7.0,1.0,48.0,-15.0,-15.0,3.0,49.54,1.0,2.0,2.0,4.0,0.0,0.0,0.0,3.0,2.0,,9460.0
DE,Germany,2020-09-29,-8.0,1.0,50.0,-24.0,-15.0,5.0,49.54,1.0,2.0,2.0,4.0,0.0,0.0,0.0,3.0,2.0,,9471.0
DE,Germany,2020-09-30,0.0,6.0,77.0,-10.0,-13.0,3.0,49.54,1.0,2.0,2.0,4.0,0.0,0.0,0.0,3.0,2.0,,9488.0
DE,Germany,2020-10-01,-6.0,7.0,52.0,-12.0,-12.0,3.0,49.54,1.0,2.0,2.0,4.0,0.0,0.0,0.0,3.0,2.0,,9500.0
DE,Germany,2020-10-02,0.0,29.0,60.0,-10.0,-14.0,2.0,49.54,1.0,2.0,2.0,4.0,0.0,0.0,0.0,3.0,2.0,,9508.0
DE,Germany,2020-10-03,-51.0,-87.0,78.0,-22.0,-36.0,6.0,49.54,1.0,2.0,2.0,4.0,0.0,0.0,0.0,3.0,2.0,,9527.0
DE,Germany,2020-10-04,0.0,50.0,80.0,-5.0,-1.0,0.0,49.54,1.0,2.0,2.0,4.0,0.0,0.0,0.0,3.0,2.0,,9529.0
DE,Germany,2020-10-05,-3.0,10.0,40.0,-13.0,-17.0,3.0,49.54,1.0,2.0,2.0,4.0,0.0,0.0,0.0,3.0,2.0,,9534.0
DE,Germany,2020-10-06,-7.0,4.0,42.0,-14.0,-17.0,5.0,49.54,1.0,2.0,2.0,4.0,0.0,0.0,0.0,3.0,2.0,,9546.0
DE,Germany,2020-10-07,-6.0,1.0,43.0,-16.0,-16.0,4.0,49.54,1.0,2.0,2.0,4.0,0.0,0.0,0.0,3.0,2.0,,9562.0
DE,Germany,2020-10-08,-11.0,0.0,32.0,-21.0,-17.0,4.0,49.54,1.0,2.0,2.0,4.0,0.0,0.0,0.0,3.0,2.0,,9578.0
DE,Germany,2020-10-09,-10.0,1.0,45.0,-19.0,-17.0,4.0,49.54,1.0,2.0,2.0,4.0,0.0,0.0,0.0,3.0,2.0,,9589.0
DE,Germany,2020-10-10,-13.0,-6.0,48.0,-15.0,-4.0,2.0,49.54,1.0,2.0,2.0,4.0,0.0,0.0,0.0,3.0,2.0,,9604.0
DE,Germany,2020-10-11,-14.0,26.0,55.0,-16.0,-3.0,1.0,49.54,1.0,2.0,2.0,4.0,0.0,0.0,0.0,3.0,2.0,,9615.0
DE,Germany,2020-10-12,-6.0,-1.0,49.0,-21.0,-24.0,5.0,49.54,1.0,2.0,2.0,4.0,0.0,0.0,0.0,3.0,2.0,,9621.0
DE,Germany,2020-10-13,-6.0,-1.0,71.0,-20.0,-23.0,6.0,49.54,1.0,2.0,2.0,4.0,0.0,0.0,0.0,3.0,2.0,,9634.0
DE,Germany,2020-10-14,-8.0,-3.0,35.0,-23.0,-23.0,6.0,49.54,1.0,2.0,2.0,4.0,0.0,0.0,0.0,3.0,2.0,,9677.0
DE,Germany,2020-10-15,-11.0,2.0,28.0,-25.0,-24.0,7.0,58.8,1.0,2.0,2.0,4.0,0.0,1.0,1.0,3.0,2.0,,9710.0
DE,Germany,2020-10-16,-12.0,1.0,31.0,-23.0,-25.0,7.0,58.8,1.0,2.0,2.0,4.0,0.0,1.0,1.0,3.0,2.0,,9734.0
DE,Germany,2020-10-17,-18.0,-5.0,46.0,-18.0,-7.0,3.0,58.8,1.0,2.0,2.0,4.0,0.0,1.0,1.0,3.0,2.0,,9767.0
DE,Germany,2020-10-18,-19.0,19.0,49.0,-20.0,-6.0,2.0,58.8,1.0,2.0,2.0,4.0,0.0,1.0,1.0,3.0,2.0,,9777.0
DE,Germany,2020-10-19,-7.0,1.0,52.0,-24.0,-24.0,6.0,58.8,1.0,2.0,2.0,4.0,0.0,1.0,1.0,3.0,2.0,,9789.0
DE,Germany,2020-10-20,-11.0,-1.0,49.0,-26.0,-24.0,7.0,58.8,1.0,2.0,2.0,4.0,0.0,1.0,1.0,3.0,2.0,,9836.0
DE,Germany,2020-10-21,-8.0,-2.0,56.0,-23.0,-22.0,6.0,58.8,1.0,2.0,2.0,4.0,0.0,1.0,1.0,3.0,2.0,,9875.0
DE,Germany,2020-10-22,-11.0,-1.0,67.0,-22.0,-22.0,6.0,60.65,1.0,2.0,2.0,4.0,0.0,2.0,1.0,3.0,2.0,,9905.0
DE,Germany,2020-10-23,-16.0,0.0,25.0,-26.0,-24.0,8.0,60.65,1.0,2.0,2.0,4.0,0.0,2.0,1.0,3.0,2.0,,9954.0
DE,Germany,2020-10-24,-21.0,-5.0,51.0,-21.0,-5.0,4.0,60.65,1.0,2.0,2.0,4.0,0.0,2.0,1.0,3.0,2.0,,10003.0
DE,Germany,2020-10-25,-18.0,20.0,64.0,-20.0,-4.0,2.0,60.65,1.0,2.0,2.0,4.0,0.0,2.0,1.0,3.0,2.0,,10032.0
DE,Germany,2020-10-26,-15.0,-1.0,12.0,-23.0,-17.0,6.0,60.65,1.0,2.0,2.0,4.0,0.0,2.0,1.0,3.0,2.0,,10056.0
DE,Germany,2020-10-27,-14.0,0.0,35.0,-20.0,-16.0,7.0,60.65,1.0,2.0,2.0,4.0,0.0,2.0,1.0,3.0,2.0,,10098.0
DE,Germany,2020-10-28,-11.0,0.0,33.0,-21.0,-15.0,6.0,60.65,1.0,2.0,2.0,4.0,0.0,2.0,1.0,3.0,2.0,,10183.0
DE,Germany,2020-10-29,-13.0,4.0,7.0,-24.0,-16.0,7.0,60.65,1.0,2.0,2.0,4.0,0.0,2.0,1.0,3.0,2.0,,10272.0
DE,Germany,2020-10-30,-10.0,12.0,3.0,-24.0,-17.0,7.0,60.65,1.0,2.0,2.0,4.0,0.0,2.0,1.0,3.0,2.0,,10349.0
DE,Germany,2020-10-31,-30.0,-30.0,52.0,-24.0,-12.0,5.0,60.65,1.0,2.0,2.0,4.0,0.0,2.0,1.0,3.0,2.0,,10452.0
DE,Germany,2020-11-01,-27.0,-1.0,4.0,-28.0,-6.0,4.0,60.65,1.0,2.0,2.0,4.0,0.0,2.0,1.0,3.0,2.0,,10481.0
DE,Germany,2020-11-02,-24.0,-1.0,23.0,-24.0,-18.0,7.0,62.04,1.0,2.0,2.0,4.0,0.0,1.0,1.0,3.0,2.0,,10530.0
DE,Germany,2020-11-03,-27.0,-1.0,19.0,-26.0,-18.0,9.0,62.04,1.0,2.0,2.0,4.0,0.0,1.0,1.0,3.0,2.0,,10661.0
DE,Germany,2020-11-04,-27.0,-2.0,22.0,-27.0,-18.0,9.0,62.04,1.0,2.0,2.0,4.0,0.0,1.0,1.0,3.0,2.0,,10812.0
DE,Germany,2020-11-05,-29.0,0.0,15.0,-28.0,-18.0,9.0,62.04,1.0,2.0,2.0,4.0,0.0,1.0,1.0,3.0,2.0,,10930.0
DE,Germany,2020-11-06,-30.0,1.0,13.0,-31.0,-19.0,10.0,62.04,1.0,2.0,2.0,4.0,0.0,1.0,1.0,3.0,2.0,,11096.0
DE,Germany,2020-11-07,-34.0,-5.0,45.0,-33.0,-13.0,7.0,62.04,1.0,2.0,2.0,4.0,0.0,1.0,1.0,3.0,2.0,,11226.0
DE,Germany,2020-11-08,-48.0,-3.0,61.0,-33.0,-17.0,5.0,62.04,1.0,2.0,2.0,4.0,0.0,1.0,1.0,3.0,2.0,,11289.0
DE,Germany,2020-11-09,-24.0,-2.0,11.0,-27.0,-16.0,8.0,62.04,1.0,2.0,2.0,4.0,0.0,1.0,1.0,3.0,2.0,,11352.0
DE,Germany,2020-11-10,-27.0,-1.0,11.0,-26.0,-16.0,9.0,62.04,1.0,2.0,2.0,4.0,0.0,1.0,1.0,3.0,2.0,,11506.0
DE,Germany,2020-11-11,-26.0,-2.0,9.0,-27.0,-16.0,9.0,62.04,1.0,2.0,2.0,4.0,0.0,1.0,1.0,3.0,2.0,,11767.0
DE,Germany,2020-11-12,-30.0,-1.0,3.0,-28.0,-16.0,9.0,62.04,1.0,2.0,2.0,4.0,0.0,1.0,1.0,3.0,2.0,,11982.0
DE,Germany,2020-11-13,-28.0,3.0,11.0,-28.0,-17.0,10.0,62.04,1.0,2.0,2.0,4.0,0.0,1.0,1.0,3.0,2.0,,12200.0
DE,Germany,2020-11-14,-32.0,-3.0,38.0,-32.0,-13.0,7.0,62.04,1.0,2.0,2.0,4.0,0.0,1.0,1.0,3.0,2.0,,12378.0
DE,Germany,2020-11-15,-48.0,-3.0,62.0,-32.0,-17.0,5.0,62.04,1.0,2.0,2.0,4.0,0.0,1.0,1.0,3.0,2.0,,12485.0
DE,Germany,2020-11-16,-25.0,-3.0,-3.0,-28.0,-16.0,8.0,62.04,1.0,2.0,2.0,4.0,0.0,1.0,1.0,3.0,2.0,,12547.0
DE,Germany,2020-11-17,-28.0,-1.0,3.0,-27.0,-16.0,9.0,62.04,1.0,2.0,2.0,4.0,0.0,1.0,1.0,3.0,2.0,,12814.0
DE,Germany,2020-11-18,-27.0,-7.0,41.0,-28.0,-20.0,9.0,62.04,1.0,2.0,2.0,4.0,0.0,1.0,1.0,3.0,2.0,,13119.0
DE,Germany,2020-11-19,-32.0,-2.0,-13.0,-30.0,-17.0,9.0,62.04,1.0,2.0,2.0,4.0,0.0,1.0,1.0,3.0,2.0,,13370.0
DE,Germany,2020-11-20,-30.0,1.0,-3.0,-31.0,-17.0,10.0,62.04,1.0,2.0,2.0,4.0,0.0,1.0,1.0,3.0,2.0,,13630.0
DE,Germany,2020-11-21,-35.0,-4.0,0.0,-39.0,-14.0,8.0,62.04,1.0,2.0,2.0,4.0,0.0,1.0,1.0,3.0,2.0,,13884.0
DE,Germany,2020-11-22,-57.0,-16.0,5.0,-41.0,-20.0,7.0,62.04,1.0,2.0,2.0,4.0,0.0,1.0,1.0,3.0,2.0,,14022.0
DE,Germany,2020-11-23,-24.0,-4.0,1.0,-29.0,-16.0,8.0,62.04,1.0,2.0,2.0,4.0,0.0,1.0,1.0,3.0,2.0,,14112.0
DE,Germany,2020-11-24,-26.0,-2.0,5.0,-28.0,-16.0,9.0,62.04,1.0,2.0,2.0,4.0,0.0,1.0,1.0,3.0,2.0,,14361.0
DE,Germany,2020-11-25,-25.0,-2.0,8.0,-28.0,-15.0,9.0,62.04,1.0,2.0,2.0,4.0,0.0,1.0,1.0,3.0,2.0,,14771.0
DE,Germany,2020-11-26,-27.0,0.0,-5.0,-29.0,-16.0,9.0,62.04,1.0,2.0,2.0,4.0,0.0,1.0,1.0,3.0,2.0,,15160.0
DE,Germany,2020-11-27,-20.0,7.0,1.0,-29.0,-17.0,9.0,62.04,1.0,2.0,2.0,4.0,0.0,1.0,1.0,3.0,2.0,,15586.0
DE,Germany,2020-11-28,-30.0,0.0,0.0,-37.0,-12.0,7.0,62.04,1.0,2.0,2.0,4.0,0.0,1.0,1.0,3.0,2.0,,15965.0
DE,Germany,2020-11-29,-57.0,-14.0,4.0,-42.0,-19.0,6.0,62.04,1.0,2.0,2.0,4.0,0.0,1.0,1.0,3.0,2.0,,16123.0
DE,Germany,2020-11-30,-17.0,4.0,-6.0,-27.0,-16.0,7.0,67.59,1.0,2.0,2.0,4.0,1.0,1.0,1.0,3.0,2.0,,16248.0
DE,Germany,2020-12-01,-26.0,0.0,-10.0,-26.0,-16.0,9.0,67.59,1.0,2.0,2.0,4.0,1.0,1.0,1.0,3.0,2.0,,16636.0
DE,Germany,2020-12-02,-24.0,2.0,-4.0,-27.0,-14.0,9.0,67.59,1.0,2.0,2.0,4.0,1.0,1.0,1.0,3.0,2.0,,17123.0
DE,Germany,2020-12-03,-27.0,3.0,-13.0,-29.0,-14.0,9.0,67.59,1.0,2.0,2.0,4.0,1.0,1.0,1.0,3.0,2.0,,17602.0
DE,Germany,2020-12-04,-27.0,6.0,-10.0,-30.0,-15.0,10.0,67.59,1.0,2.0,2.0,4.0,1.0,1.0,1.0,3.0,2.0,,18034.0
DE,Germany,2020-12-05,-31.0,3.0,-1.0,-35.0,-11.0,8.0,67.59,1.0,2.0,2.0,4.0,1.0,1.0,1.0,3.0,2.0,,18517.0
DE,Germany,2020-12-06,-57.0,-9.0,-12.0,-42.0,-16.0,6.0,67.59,1.0,2.0,2.0,4.0,1.0,1.0,1.0,3.0,2.0,,18772.0
DE,Germany,2020-12-07,-23.0,-3.0,-10.0,-28.0,-16.0,8.0,67.59,1.0,2.0,2.0,4.0,1.0,1.0,1.0,3.0,2.0,,18919.0
DE,Germany,2020-12-08,-24.0,1.0,4.0,-27.0,-14.0,9.0,67.59,1.0,2.0,2.0,4.0,1.0,1.0,1.0,3.0,1.0,,19342.0
DE,Germany,2020-12-09,-25.0,-1.0,-7.0,-30.0,-15.0,9.0,67.59,1.0,2.0,2.0,4.0,1.0,1.0,1.0,3.0,1.0,,19932.0
DE,Germany,2020-12-10,-27.0,2.0,-11.0,-30.0,-16.0,9.0,67.59,1.0,2.0,2.0,4.0,1.0,1.0,1.0,3.0,1.0,,20372.0
DE,Germany,2020-12-11,-26.0,5.0,-15.0,-32.0,-17.0,10.0,67.59,1.0,2.0,2.0,4.0,1.0,1.0,1.0,3.0,1.0,,20970.0
DE,Germany,2020-12-12,-31.0,0.0,-15.0,-37.0,-12.0,8.0,67.59,1.0,2.0,2.0,4.0,1.0,1.0,1.0,3.0,1.0,,21466.0
DE,Germany,2020-12-13,-60.0,-17.0,-8.0,-44.0,-19.0,7.0,67.59,1.0,2.0,2.0,4.0,1.0,1.0,1.0,3.0,1.0,,21787.0
DE,Germany,2020-12-14,-2.0,13.0,-2.0,-29.0,-20.0,8.0,67.59,1.0,2.0,2.0,4.0,1.0,1.0,1.0,3.0,1.0,,21975.0
DE,Germany,2020-12-15,-6.0,14.0,-6.0,-28.0,-21.0,9.0,75.0,3.0,2.0,2.0,4.0,1.0,1.0,1.0,3.0,1.0,,22475.0
DE,Germany,2020-12-16,-52.0,-4.0,4.0,-42.0,-29.0,13.0,82.41,3.0,3.0,2.0,4.0,1.0,2.0,1.0,3.0,2.0,,23427.0
DE,Germany,2020-12-17,-53.0,-2.0,-10.0,-44.0,-31.0,14.0,82.41,3.0,3.0,2.0,4.0,1.0,2.0,1.0,3.0,2.0,,24125.0
DE,Germany,2020-12-18,-54.0,-2.0,0.0,-45.0,-32.0,15.0,82.41,3.0,3.0,2.0,4.0,1.0,2.0,1.0,3.0,2.0,,24938.0
DE,Germany,2020-12-19,-63.0,-11.0,9.0,-43.0,-21.0,10.0,82.41,3.0,3.0,2.0,4.0,1.0,2.0,1.0,3.0,2.0,,25640.0
DE,Germany,2020-12-20,-63.0,-23.0,-6.0,-47.0,-22.0,8.0,82.41,3.0,3.0,2.0,4.0,1.0,2.0,1.0,3.0,2.0,,26049.0
DE,Germany,2020-12-21,-46.0,12.0,-11.0,-48.0,-44.0,15.0,82.41,3.0,3.0,2.0,4.0,1.0,2.0,1.0,3.0,2.0,,26275.0
DE,Germany,2020-12-22,-47.0,18.0,-11.0,-48.0,-47.0,16.0,82.41,3.0,3.0,2.0,4.0,1.0,2.0,1.0,3.0,2.0,,27006.0
DE,Germany,2020-12-23,-47.0,25.0,-20.0,-50.0,-53.0,18.0,82.41,3.0,3.0,2.0,4.0,1.0,2.0,1.0,3.0,2.0,,27968.0
DE,Germany,2020-12-24,-74.0,-40.0,-32.0,-67.0,-79.0,23.0,82.41,3.0,3.0,2.0,4.0,1.0,2.0,1.0,3.0,2.0,,28770.0
DE,Germany,2020-12-25,-87.0,-94.0,-8.0,-74.0,-87.0,25.0,82.41,3.0,3.0,2.0,4.0,1.0,2.0,1.0,3.0,2.0,,29182.0
DE,Germany,2020-12-26,-86.0,-94.0,-8.0,-61.0,-53.0,12.0,82.41,3.0,3.0,2.0,4.0,1.0,2.0,1.0,3.0,2.0,,29422.0
DE,Germany,2020-12-27,-69.0,-37.0,-27.0,-53.0,-28.0,8.0,82.41,3.0,3.0,2.0,4.0,1.0,2.0,1.0,3.0,2.0,,29778.0
DE,Germany,2020-12-28,-53.0,-2.0,4.0,-56.0,-64.0,20.0,82.41,3.0,3.0,2.0,4.0,1.0,2.0,1.0,3.0,2.0,,30126.0
DE,Germany,2020-12-29,-54.0,2.0,11.0,-56.0,-64.0,21.0,82.41,3.0,3.0,2.0,4.0,1.0,2.0,1.0,3.0,2.0,,30978.0
DE,Germany,2020-12-30,-48.0,23.0,16.0,-53.0,-63.0,19.0,82.41,3.0,3.0,2.0,4.0,1.0,2.0,1.0,3.0,2.0,,32107.0
DE,Germany,2020-12-31,-69.0,-27.0,-2.0,-64.0,-78.0,24.0,82.41,3.0,3.0,2.0,4.0,1.0,2.0,1.0,3.0,2.0,,
DE,Germany,2021-01-01,-87.0,-94.0,-2.0,-75.0,-88.0,28.0,82.41,3.0,3.0,2.0,4.0,1.0,2.0,1.0,3.0,2.0,,
DE,Germany,2021-01-02,-69.0,-20.0,-3.0,-53.0,-31.0,12.0,82.41,3.0,3.0,2.0,4.0,1.0,2.0,1.0,3.0,2.0,,
DE,Germany,2021-01-03,-66.0,-34.0,-2.0,-49.0,-22.0,8.0,82.41,3.0,3.0,2.0,4.0,1.0,2.0,1.0,3.0,2.0,,
DE,Germany,2021-01-04,-55.0,-8.0,-17.0,-50.0,-42.0,16.0,82.41,3.0,3.0,2.0,4.0,1.0,2.0,1.0,3.0,2.0,,
DE,Germany,2021-01-05,-56.0,-5.0,-11.0,-50.0,-42.0,17.0,85.19,3.0,3.0,2.0,4.0,1.0,2.0,2.0,3.0,2.0,,
DE,Germany,2021-01-06,-64.0,-36.0,-4.0,-54.0,-51.0,19.0,85.19,3.0,3.0,2.0,4.0,1.0,2.0,2.0,3.0,2.0,,
DE,Germany,2021-01-07,-58.0,-10.0,-18.0,-50.0,-38.0,16.0,85.19,3.0,3.0,2.0,4.0,1.0,2.0,2.0,3.0,2.0,,
DE,Germany,2021-01-08,-60.0,-12.0,-21.0,-52.0,-37.0,17.0,85.19,3.0,3.0,2.0,4.0,1.0,2.0,2.0,3.0,2.0,,
DE,Germany,2021-01-09,-67.0,-15.0,-3.0,-50.0,-23.0,11.0,85.19,3.0,3.0,2.0,4.0,1.0,2.0,2.0,3.0,2.0,,
DE,Germany,2021-01-10,-61.0,-22.0,25.0,-45.0,-17.0,7.0,83.33,3.0,3.0,2.0,4.0,1.0,2.0,2.0,3.0,2.0,,
DE,Germany,2021-01-11,-55.0,-11.0,-16.0,-46.0,-29.0,13.0,83.33,3.0,3.0,2.0,4.0,1.0,2.0,2.0,3.0,2.0,,
DE,Germany,2021-01-12,-59.0,-15.0,-20.0,-47.0,-30.0,15.0,83.33,3.0,3.0,2.0,4.0,1.0,2.0,2.0,3.0,2.0,,
DE,Germany,2021-01-13,-57.0,-13.0,-14.0,-47.0,-30.0,13.0,83.33,3.0,3.0,2.0,4.0,1.0,2.0,2.0,3.0,2.0,,
DE,Germany,2021-01-14,-59.0,-14.0,-17.0,-47.0,-31.0,13.0,83.33,3.0,3.0,2.0,4.0,1.0,2.0,2.0,3.0,2.0,,
DE,Germany,2021-01-15,-59.0,-12.0,-19.0,-49.0,-33.0,14.0,83.33,3.0,3.0,2.0,4.0,1.0,2.0,2.0,3.0,2.0,,
DE,Germany,2021-01-16,-67.0,-16.0,-7.0,-52.0,-24.0,11.0,83.33,3.0,3.0,2.0,4.0,1.0,2.0,2.0,3.0,2.0,,
DE,Germany,2021-01-17,-65.0,-26.0,11.0,-50.0,-21.0,7.0,83.33,3.0,3.0,2.0,4.0,1.0,2.0,2.0,3.0,2.0,,
DE,Germany,2021-01-18,-56.0,-15.0,-19.0,-47.0,-32.0,12.0,83.33,3.0,3.0,2.0,4.0,1.0,2.0,2.0,3.0,2.0,,
DE,Germany,2021-01-19,-60.0,-17.0,-28.0,-49.0,-32.0,14.0,83.33,3.0,3.0,2.0,4.0,1.0,2.0,2.0,3.0,2.0,,
DE,Germany,2021-01-20,-56.0,-13.0,3.0,-46.0,-31.0,13.0,83.33,3.0,3.0,2.0,4.0,1.0,2.0,2.0,3.0,2.0,,
DE,Germany,2021-01-21,-57.0,-12.0,-7.0,-47.0,-31.0,13.0,83.33,3.0,3.0,2.0,4.0,1.0,2.0,2.0,3.0,2.0,,
DE,Germany,2021-01-22,-58.0,-11.0,-12.0,-49.0,-31.0,14.0,83.33,3.0,3.0,2.0,4.0,1.0,2.0,2.0,3.0,2.0,,
DE,Germany,2021-01-23,-65.0,-15.0,-7.0,-51.0,-22.0,11.0,83.33,3.0,3.0,2.0,4.0,1.0,2.0,2.0,3.0,2.0,,
DE,Germany,2021-01-24,-65.0,-27.0,-5.0,-51.0,-20.0,8.0,83.33,3.0,3.0,2.0,4.0,1.0,2.0,2.0,3.0,2.0,,
DE,Germany,2021-01-25,-56.0,-16.0,-7.0,-46.0,-32.0,12.0,83.33,3.0,3.0,2.0,4.0,1.0,2.0,2.0,3.0,2.0,,
DE,Germany,2021-01-26,-58.0,-16.0,-6.0,-47.0,-32.0,14.0,83.33,3.0,3.0,2.0,4.0,1.0,2.0,2.0,3.0,2.0,,
DE,Germany,2021-01-27,-57.0,-16.0,-9.0,-47.0,-31.0,14.0,83.33,3.0,3.0,2.0,4.0,1.0,2.0,2.0,3.0,2.0,,
DE,Germany,2021-01-28,-58.0,-13.0,-28.0,-48.0,-32.0,14.0,83.33,3.0,3.0,2.0,4.0,1.0,2.0,2.0,3.0,2.0,,
DE,Germany,2021-01-29,-57.0,-7.0,-23.0,-47.0,-32.0,15.0,83.33,3.0,3.0,2.0,4.0,1.0,2.0,2.0,3.0,2.0,,
DE,Germany,2021-01-30,-64.0,-12.0,-4.0,-49.0,-20.0,10.0,83.33,3.0,3.0,2.0,4.0,1.0,2.0,2.0,3.0,2.0,,
DE,Germany,2021-01-31,-57.0,-13.0,42.0,-42.0,-16.0,6.0,83.33,3.0,3.0,2.0,4.0,1.0,2.0,2.0,3.0,2.0,,
ES,Spain,2020-02-15,2.0,-1.0,26.0,8.0,0.0,-2.0,11.11,0.0,0.0,0.0,0.0,0.0,0.0,0.0,0.0,0.0,2.0,0.0
ES,Spain,2020-02-16,2.0,3.0,13.0,5.0,-1.0,-2.0,11.11,0.0,0.0,0.0,0.0,0.0,0.0,0.0,0.0,0.0,2.0,0.0
ES,Spain,2020-02-17,0.0,1.0,9.0,3.0,3.0,-1.0,11.11,0.0,0.0,0.0,0.0,0.0,0.0,0.0,0.0,0.0,2.0,0.0
ES,Spain,2020-02-18,-2.0,0.0,5.0,4.0,3.0,0.0,11.11,0.0,0.0,0.0,0.0,0.0,0.0,0.0,0.0,0.0,2.0,0.0
ES,Spain,2020-02-19,0.0,1.0,11.0,2.0,3.0,-1.0,11.11,0.0,0.0,0.0,0.0,0.0,0.0,0.0,0.0,0.0,2.0,0.0
ES,Spain,2020-02-20,1.0,1.0,15.0,5.0,3.0,-1.0,11.11,0.0,0.0,0.0,0.0,0.0,0.0,0.0,0.0,0.0,2.0,0.0
ES,Spain,2020-02-21,1.0,2.0,20.0,6.0,2.0,-2.0,11.11,0.0,0.0,0.0,0.0,0.0,0.0,0.0,0.0,0.0,2.0,0.0
ES,Spain,2020-02-22,2.0,2.0,44.0,14.0,2.0,-2.0,11.11,0.0,0.0,0.0,0.0,0.0,0.0,0.0,0.0,0.0,2.0,0.0
ES,Spain,2020-02-23,7.0,10.0,33.0,11.0,1.0,-3.0,11.11,0.0,0.0,0.0,0.0,0.0,0.0,0.0,0.0,0.0,2.0,0.0
ES,Spain,2020-02-24,5.0,3.0,36.0,4.0,-7.0,0.0,11.11,0.0,0.0,0.0,0.0,0.0,0.0,0.0,0.0,0.0,2.0,0.0
ES,Spain,2020-02-25,-2.0,-1.0,17.0,3.0,-6.0,1.0,11.11,0.0,0.0,0.0,0.0,0.0,0.0,0.0,0.0,0.0,6.0,0.0
ES,Spain,2020-02-26,0.0,4.0,11.0,1.0,0.0,0.0,11.11,0.0,0.0,0.0,0.0,0.0,0.0,0.0,0.0,0.0,13.0,0.0
ES,Spain,2020-02-27,4.0,8.0,16.0,6.0,1.0,-2.0,11.11,0.0,0.0,0.0,0.0,0.0,0.0,0.0,0.0,0.0,15.0,0.0
ES,Spain,2020-02-28,-1.0,-7.0,33.0,2.0,-11.0,0.0,11.11,0.0,0.0,0.0,0.0,0.0,0.0,0.0,0.0,0.0,32.0,0.0
ES,Spain,2020-02-29,-1.0,4.0,19.0,6.0,-1.0,-1.0,11.11,0.0,0.0,0.0,0.0,0.0,0.0,0.0,0.0,0.0,45.0,0.0
ES,Spain,2020-03-01,2.0,6.0,6.0,5.0,1.0,-2.0,11.11,0.0,0.0,0.0,0.0,0.0,0.0,0.0,0.0,0.0,84.0,0.0
ES,Spain,2020-03-02,-3.0,1.0,-7.0,-3.0,-3.0,1.0,11.11,0.0,0.0,0.0,0.0,0.0,0.0,0.0,0.0,0.0,120.0,0.0
ES,Spain,2020-03-03,-3.0,3.0,-3.0,1.0,3.0,0.0,11.11,0.0,0.0,0.0,0.0,0.0,0.0,0.0,0.0,0.0,165.0,1.0
ES,Spain,2020-03-04,0.0,4.0,9.0,2.0,3.0,0.0,11.11,0.0,0.0,0.0,0.0,0.0,0.0,0.0,0.0,0.0,222.0,2.0
ES,Spain,2020-03-05,-1.0,2.0,2.0,0.0,2.0,0.0,11.11,0.0,0.0,0.0,0.0,0.0,0.0,0.0,0.0,0.0,259.0,3.0
ES,Spain,2020-03-06,-2.0,2.0,0.0,0.0,-1.0,0.0,11.11,0.0,0.0,0.0,0.0,0.0,0.0,0.0,0.0,0.0,400.0,5.0
ES,Spain,2020-03-07,-1.0,1.0,17.0,4.0,1.0,-1.0,11.11,0.0,0.0,0.0,0.0,0.0,0.0,0.0,0.0,0.0,500.0,10.0
ES,Spain,2020-03-08,4.0,7.0,19.0,8.0,1.0,-2.0,11.11,0.0,0.0,0.0,0.0,0.0,0.0,0.0,0.0,0.0,673.0,17.0
ES,Spain,2020-03-09,-1.0,4.0,12.0,0.0,3.0,-1.0,25.0,3.0,1.0,0.0,0.0,0.0,0.0,1.0,0.0,0.0,1073.0,28.0
ES,Spain,2020-03-10,-3.0,18.0,12.0,-1.0,2.0,0.0,45.83,3.0,1.0,2.0,1.0,0.0,0.0,1.0,3.0,0.0,1695.0,35.0
ES,Spain,2020-03-11,-5.0,17.0,17.0,-9.0,-2.0,1.0,45.83,3.0,1.0,2.0,1.0,0.0,0.0,1.0,3.0,0.0,2277.0,54.0
ES,Spain,2020-03-12,-13.0,27.0,1.0,-16.0,-5.0,3.0,45.83,3.0,1.0,2.0,1.0,0.0,0.0,1.0,3.0,0.0,2277.0,55.0
ES,Spain,2020-03-13,-33.0,33.0,-22.0,-32.0,-17.0,8.0,45.83,3.0,1.0,2.0,1.0,0.0,0.0,1.0,3.0,0.0,5232.0,133.0
ES,Spain,2020-03-14,-69.0,-8.0,-44.0,-52.0,-31.0,14.0,67.13,3.0,2.0,2.0,1.0,1.0,2.0,1.0,3.0,0.0,6391.0,195.0
ES,Spain,2020-03-15,-87.0,-49.0,-76.0,-71.0,-48.0,17.0,67.13,3.0,2.0,2.0,1.0,1.0,2.0,1.0,3.0,0.0,7798.0,289.0
ES,Spain,2020-03-16,-80.0,-33.0,-72.0,-71.0,-52.0,23.0,68.98,3.0,2.0,2.0,1.0,1.0,2.0,1.0,3.0,0.0,9942.0,342.0
ES,Spain,2020-03-17,-83.0,-39.0,-73.0,-74.0,-59.0,25.0,71.76,3.0,2.0,2.0,1.0,1.0,2.0,1.0,4.0,0.0,11748.0,533.0
ES,Spain,2020-03-18,-84.0,-36.0,-73.0,-76.0,-60.0,26.0,71.76,3.0,2.0,2.0,1.0,1.0,2.0,1.0,4.0,2.0,13910.0,623.0
ES,Spain,2020-03-19,-88.0,-58.0,-77.0,-80.0,-71.0,31.0,71.76,3.0,2.0,2.0,1.0,1.0,2.0,1.0,4.0,2.0,17963.0,830.0
ES,Spain,2020-03-20,-87.0,-39.0,-79.0,-80.0,-66.0,32.0,71.76,3.0,2.0,2.0,1.0,1.0,2.0,1.0,4.0,2.0,20410.0,1043.0
ES,Spain,2020-03-21,-92.0,-53.0,-87.0,-84.0,-63.0,26.0,71.76,3.0,2.0,2.0,1.0,1.0,2.0,1.0,4.0,2.0,25374.0,1375.0
ES,Spain,2020-03-22,-94.0,-73.0,-89.0,-87.0,-65.0,22.0,71.76,3.0,2.0,2.0,1.0,1.0,2.0,1.0,4.0,2.0,28768.0,1772.0
ES,Spain,2020-03-23,-85.0,-46.0,-77.0,-81.0,-65.0,28.0,71.76,3.0,2.0,2.0,1.0,1.0,2.0,1.0,4.0,2.0,,2311.0
ES,Spain,2020-03-24,-87.0,-50.0,-79.0,-81.0,-67.0,29.0,71.76,3.0,2.0,2.0,1.0,1.0,2.0,1.0,4.0,2.0,,2808.0
ES,Spain,2020-03-25,-87.0,-51.0,-78.0,-82.0,-67.0,30.0,71.76,3.0,2.0,2.0,1.0,1.0,2.0,1.0,4.0,2.0,,3647.0
ES,Spain,2020-03-26,-87.0,-52.0,-78.0,-82.0,-68.0,30.0,71.76,3.0,2.0,2.0,1.0,1.0,2.0,1.0,4.0,2.0,,4365.0
ES,Spain,2020-03-27,-88.0,-49.0,-80.0,-83.0,-68.0,33.0,71.76,3.0,2.0,2.0,1.0,1.0,2.0,1.0,4.0,2.0,,5138.0
ES,Spain,2020-03-28,-92.0,-57.0,-86.0,-86.0,-64.0,26.0,71.76,3.0,2.0,2.0,1.0,1.0,2.0,1.0,4.0,2.0,,5982.0
ES,Spain,2020-03-29,-94.0,-76.0,-89.0,-88.0,-64.0,22.0,71.76,3.0,2.0,2.0,1.0,1.0,2.0,1.0,4.0,2.0,,6803.0
ES,Spain,2020-03-30,-89.0,-55.0,-80.0,-84.0,-74.0,31.0,85.19,3.0,3.0,2.0,4.0,1.0,2.0,1.0,4.0,2.0,,7716.0
ES,Spain,2020-03-31,-92.0,-55.0,-82.0,-84.0,-76.0,32.0,85.19,3.0,3.0,2.0,4.0,1.0,2.0,1.0,4.0,2.0,,8464.0
ES,Spain,2020-04-01,-92.0,-53.0,-81.0,-84.0,-75.0,33.0,85.19,3.0,3.0,2.0,4.0,1.0,2.0,1.0,4.0,2.0,,9387.0
ES,Spain,2020-04-02,-92.0,-52.0,-81.0,-84.0,-75.0,33.0,85.19,3.0,3.0,2.0,4.0,1.0,2.0,1.0,4.0,2.0,,10348.0
ES,Spain,2020-04-03,-89.0,-48.0,-82.0,-84.0,-74.0,36.0,85.19,3.0,3.0,2.0,4.0,1.0,2.0,1.0,4.0,2.0,,11198.0
ES,Spain,2020-04-04,-92.0,-56.0,-86.0,-86.0,-65.0,26.0,85.19,3.0,3.0,2.0,4.0,1.0,2.0,1.0,4.0,2.0,,11947.0
ES,Spain,2020-04-05,-94.0,-77.0,-90.0,-89.0,-68.0,23.0,85.19,3.0,3.0,2.0,4.0,1.0,2.0,1.0,4.0,2.0,,12641.0
ES,Spain,2020-04-06,-87.0,-51.0,-79.0,-83.0,-74.0,31.0,85.19,3.0,3.0,2.0,4.0,1.0,2.0,1.0,4.0,2.0,,13341.0
ES,Spain,2020-04-07,-89.0,-41.0,-79.0,-83.0,-74.0,31.0,85.19,3.0,3.0,2.0,4.0,1.0,2.0,1.0,4.0,2.0,,14045.0
ES,Spain,2020-04-08,-88.0,-31.0,-77.0,-82.0,-74.0,30.0,85.19,3.0,3.0,2.0,4.0,1.0,2.0,1.0,4.0,2.0,,14792.0
ES,Spain,2020-04-09,-93.0,-66.0,-83.0,-88.0,-84.0,36.0,85.19,3.0,3.0,2.0,4.0,1.0,2.0,1.0,4.0,2.0,,15447.0
ES,Spain,2020-04-10,-96.0,-90.0,-88.0,-92.0,-90.0,42.0,85.19,3.0,3.0,2.0,4.0,1.0,2.0,1.0,4.0,2.0,,16081.0
ES,Spain,2020-04-11,-92.0,-44.0,-85.0,-84.0,-63.0,26.0,85.19,3.0,3.0,2.0,4.0,1.0,2.0,1.0,4.0,2.0,,16606.0
ES,Spain,2020-04-12,-94.0,-74.0,-89.0,-89.0,-67.0,23.0,85.19,3.0,3.0,2.0,4.0,1.0,2.0,1.0,4.0,2.0,,17209.0
ES,Spain,2020-04-13,-90.0,-65.0,-80.0,-85.0,-77.0,32.0,85.19,3.0,3.0,2.0,4.0,1.0,2.0,1.0,4.0,2.0,,17756.0
ES,Spain,2020-04-14,-87.0,-41.0,-75.0,-79.0,-67.0,29.0,85.19,3.0,3.0,2.0,4.0,1.0,2.0,1.0,4.0,2.0,,18056.0
ES,Spain,2020-04-15,-88.0,-46.0,-77.0,-81.0,-68.0,30.0,85.19,3.0,3.0,2.0,4.0,1.0,2.0,1.0,4.0,2.0,,18708.0
ES,Spain,2020-04-16,-88.0,-46.0,-76.0,-80.0,-67.0,30.0,85.19,3.0,3.0,2.0,4.0,1.0,2.0,1.0,4.0,2.0,,19315.0
ES,Spain,2020-04-17,-89.0,-45.0,-77.0,-81.0,-67.0,33.0,85.19,3.0,3.0,2.0,4.0,1.0,2.0,1.0,4.0,2.0,,20002.0
ES,Spain,2020-04-18,-92.0,-54.0,-85.0,-84.0,-61.0,25.0,85.19,3.0,3.0,2.0,4.0,1.0,2.0,1.0,4.0,2.0,,20043.0
ES,Spain,2020-04-19,-95.0,-76.0,-89.0,-89.0,-65.0,22.0,85.19,3.0,3.0,2.0,4.0,1.0,2.0,1.0,4.0,2.0,,20453.0
ES,Spain,2020-04-20,-87.0,-56.0,-75.0,-80.0,-66.0,28.0,85.19,3.0,3.0,2.0,4.0,1.0,2.0,1.0,4.0,2.0,,20852.0
ES,Spain,2020-04-21,-87.0,-51.0,-77.0,-80.0,-66.0,29.0,85.19,3.0,3.0,2.0,4.0,1.0,2.0,1.0,4.0,2.0,,21282.0
ES,Spain,2020-04-22,-87.0,-47.0,-75.0,-80.0,-65.0,29.0,85.19,3.0,3.0,2.0,4.0,1.0,2.0,1.0,4.0,2.0,,21717.0
ES,Spain,2020-04-23,-87.0,-51.0,-74.0,-80.0,-67.0,30.0,85.19,3.0,3.0,2.0,4.0,1.0,2.0,1.0,4.0,2.0,,22157.0
ES,Spain,2020-04-24,-88.0,-46.0,-76.0,-79.0,-65.0,32.0,85.19,3.0,3.0,2.0,4.0,1.0,2.0,1.0,4.0,2.0,,22524.0
ES,Spain,2020-04-25,-92.0,-52.0,-84.0,-83.0,-59.0,25.0,85.19,3.0,3.0,2.0,4.0,1.0,2.0,1.0,4.0,2.0,,22902.0
ES,Spain,2020-04-26,-92.0,-66.0,-77.0,-82.0,-62.0,21.0,85.19,3.0,3.0,2.0,4.0,1.0,2.0,1.0,4.0,2.0,,23190.0
ES,Spain,2020-04-27,-85.0,-50.0,-65.0,-76.0,-63.0,27.0,85.19,3.0,3.0,2.0,4.0,1.0,2.0,1.0,4.0,2.0,,23521.0
ES,Spain,2020-04-28,-85.0,-45.0,-64.0,-75.0,-64.0,26.0,85.19,3.0,3.0,2.0,4.0,1.0,2.0,1.0,4.0,2.0,,23822.0
ES,Spain,2020-04-29,-84.0,-41.0,-64.0,-75.0,-63.0,28.0,85.19,3.0,3.0,2.0,4.0,1.0,2.0,1.0,4.0,2.0,,24275.0
ES,Spain,2020-04-30,-82.0,-30.0,-63.0,-74.0,-63.0,27.0,85.19,3.0,3.0,2.0,4.0,1.0,2.0,1.0,4.0,2.0,,24543.0
ES,Spain,2020-05-01,-94.0,-88.0,-74.0,-86.0,-86.0,40.0,85.19,3.0,3.0,2.0,4.0,1.0,2.0,1.0,4.0,2.0,,24543.0
ES,Spain,2020-05-02,-84.0,-31.0,-43.0,-63.0,-53.0,21.0,85.19,3.0,3.0,2.0,4.0,1.0,2.0,1.0,4.0,2.0,,25100.0
ES,Spain,2020-05-03,-83.0,-44.0,-44.0,-64.0,-52.0,18.0,85.19,3.0,3.0,2.0,4.0,1.0,2.0,1.0,4.0,2.0,,25264.0
ES,Spain,2020-05-04,-75.0,-35.0,-26.0,-62.0,-58.0,23.0,81.94,3.0,3.0,2.0,4.0,1.0,2.0,1.0,4.0,1.0,,25428.0
ES,Spain,2020-05-05,-76.0,-32.0,-27.0,-61.0,-58.0,23.0,81.94,3.0,3.0,2.0,4.0,1.0,2.0,1.0,4.0,1.0,,25613.0
ES,Spain,2020-05-06,-76.0,-32.0,-25.0,-61.0,-58.0,24.0,81.94,3.0,3.0,2.0,4.0,1.0,2.0,1.0,4.0,1.0,,25857.0
ES,Spain,2020-05-07,-76.0,-33.0,-29.0,-63.0,-58.0,24.0,81.94,3.0,3.0,2.0,4.0,1.0,2.0,1.0,4.0,1.0,,26070.0
ES,Spain,2020-05-08,-78.0,-34.0,-37.0,-64.0,-57.0,27.0,81.94,3.0,3.0,2.0,4.0,1.0,2.0,1.0,4.0,1.0,,26299.0
ES,Spain,2020-05-09,-84.0,-38.0,-49.0,-64.0,-47.0,21.0,81.94,3.0,3.0,2.0,4.0,1.0,2.0,1.0,4.0,1.0,,26478.0
ES,Spain,2020-05-10,-86.0,-57.0,-63.0,-72.0,-51.0,19.0,81.94,3.0,3.0,2.0,4.0,1.0,2.0,1.0,4.0,1.0,,26621.0
ES,Spain,2020-05-11,-66.0,-28.0,-21.0,-57.0,-52.0,20.0,81.94,3.0,3.0,2.0,4.0,1.0,2.0,1.0,4.0,2.0,,26744.0
ES,Spain,2020-05-12,-70.0,-29.0,-35.0,-60.0,-53.0,21.0,81.94,3.0,3.0,2.0,4.0,1.0,2.0,1.0,4.0,2.0,,26920.0
ES,Spain,2020-05-13,-69.0,-26.0,-27.0,-58.0,-53.0,21.0,83.33,3.0,3.0,2.0,4.0,1.0,2.0,1.0,4.0,2.0,,27104.0
ES,Spain,2020-05-14,-72.0,-30.0,-46.0,-64.0,-54.0,22.0,83.33,3.0,3.0,2.0,4.0,1.0,2.0,1.0,4.0,2.0,,27321.0
ES,Spain,2020-05-15,-72.0,-29.0,-36.0,-64.0,-55.0,25.0,83.33,3.0,3.0,2.0,4.0,1.0,2.0,1.0,4.0,2.0,,27459.0
ES,Spain,2020-05-16,-76.0,-31.0,-39.0,-59.0,-40.0,17.0,83.33,3.0,3.0,2.0,4.0,1.0,2.0,1.0,4.0,2.0,,27563.0
ES,Spain,2020-05-17,-75.0,-41.0,-32.0,-58.0,-38.0,14.0,79.17,3.0,3.0,2.0,4.0,1.0,2.0,1.0,4.0,2.0,,27563.0
ES,Spain,2020-05-18,-57.0,-23.0,-1.0,-51.0,-48.0,17.0,79.17,3.0,3.0,2.0,4.0,1.0,2.0,1.0,4.0,2.0,,27709.0
ES,Spain,2020-05-19,-58.0,-21.0,-3.0,-51.0,-48.0,18.0,79.17,3.0,3.0,2.0,4.0,1.0,2.0,1.0,4.0,2.0,,27778.0
ES,Spain,2020-05-20,-58.0,-20.0,-5.0,-52.0,-48.0,18.0,79.17,3.0,3.0,2.0,4.0,1.0,2.0,1.0,4.0,2.0,,27888.0
ES,Spain,2020-05-21,-58.0,-18.0,-7.0,-53.0,-48.0,19.0,79.17,3.0,3.0,2.0,4.0,1.0,2.0,1.0,4.0,2.0,,27940.0
ES,Spain,2020-05-22,-60.0,-19.0,-14.0,-53.0,-46.0,20.0,75.46,3.0,2.0,2.0,4.0,1.0,2.0,1.0,4.0,2.0,,28628.0
ES,Spain,2020-05-23,-66.0,-23.0,-21.0,-50.0,-29.0,13.0,75.46,3.0,2.0,2.0,4.0,1.0,2.0,1.0,4.0,2.0,,28678.0
ES,Spain,2020-05-24,-67.0,-33.0,-25.0,-55.0,-29.0,11.0,75.46,3.0,2.0,2.0,4.0,1.0,2.0,1.0,4.0,2.0,,28752.0
ES,Spain,2020-05-25,-44.0,-17.0,8.0,-44.0,-44.0,15.0,75.46,3.0,2.0,2.0,4.0,1.0,2.0,1.0,4.0,2.0,,26834.0
ES,Spain,2020-05-26,-45.0,-16.0,9.0,-44.0,-43.0,15.0,71.76,2.0,2.0,2.0,4.0,1.0,2.0,1.0,4.0,2.0,,27117.0
ES,Spain,2020-05-27,-45.0,-15.0,10.0,-45.0,-42.0,15.0,68.06,2.0,2.0,2.0,4.0,1.0,1.0,1.0,4.0,2.0,,27117.0
ES,Spain,2020-05-28,-44.0,-12.0,11.0,-44.0,-42.0,15.0,68.06,2.0,2.0,2.0,4.0,1.0,1.0,1.0,4.0,2.0,,27119.0
ES,Spain,2020-05-29,-47.0,-13.0,2.0,-46.0,-41.0,16.0,68.06,2.0,2.0,2.0,4.0,1.0,1.0,1.0,4.0,2.0,,27121.0
ES,Spain,2020-05-30,-52.0,-16.0,2.0,-37.0,-17.0,8.0,68.06,2.0,2.0,2.0,4.0,1.0,1.0,1.0,4.0,2.0,,27125.0
ES,Spain,2020-05-31,-57.0,-26.0,-16.0,-49.0,-16.0,7.0,68.06,2.0,2.0,2.0,4.0,1.0,1.0,1.0,4.0,2.0,,27127.0
ES,Spain,2020-06-01,-38.0,-16.0,14.0,-42.0,-42.0,14.0,66.67,2.0,2.0,2.0,3.0,1.0,1.0,1.0,4.0,2.0,,27127.0
ES,Spain,2020-06-02,-38.0,-11.0,11.0,-40.0,-39.0,13.0,66.67,2.0,2.0,2.0,3.0,1.0,1.0,1.0,4.0,2.0,,27127.0
ES,Spain,2020-06-03,-39.0,-10.0,1.0,-42.0,-39.0,14.0,66.67,2.0,2.0,2.0,3.0,1.0,1.0,1.0,4.0,2.0,,27128.0
ES,Spain,2020-06-04,-41.0,-10.0,-11.0,-44.0,-39.0,14.0,66.67,2.0,2.0,2.0,3.0,1.0,1.0,1.0,4.0,2.0,,27133.0
ES,Spain,2020-06-05,-37.0,-10.0,8.0,-40.0,-37.0,13.0,66.67,2.0,2.0,2.0,3.0,1.0,1.0,1.0,4.0,2.0,,27134.0
ES,Spain,2020-06-06,-43.0,-14.0,4.0,-35.0,-13.0,7.0,66.67,2.0,2.0,2.0,3.0,1.0,1.0,1.0,4.0,2.0,,27135.0
ES,Spain,2020-06-07,-52.0,-25.0,-21.0,-49.0,-14.0,8.0,66.67,2.0,2.0,2.0,3.0,1.0,1.0,1.0,4.0,2.0,,27136.0
ES,Spain,2020-06-08,-29.0,-12.0,0.0,-40.0,-37.0,12.0,57.41,2.0,1.0,2.0,3.0,0.0,1.0,1.0,4.0,2.0,,27136.0
ES,Spain,2020-06-09,-31.0,-14.0,6.0,-40.0,-38.0,12.0,57.41,2.0,1.0,2.0,3.0,0.0,1.0,1.0,4.0,2.0,,27136.0
ES,Spain,2020-06-10,-28.0,-8.0,12.0,-38.0,-36.0,11.0,57.41,2.0,1.0,2.0,3.0,0.0,1.0,1.0,4.0,2.0,,27136.0
ES,Spain,2020-06-11,-31.0,-13.0,-3.0,-42.0,-39.0,13.0,57.41,2.0,1.0,2.0,3.0,0.0,1.0,1.0,4.0,2.0,,27136.0
ES,Spain,2020-06-12,-31.0,-9.0,-3.0,-40.0,-36.0,12.0,57.41,2.0,1.0,2.0,3.0,0.0,1.0,1.0,4.0,2.0,,27136.0
ES,Spain,2020-06-13,-35.0,-13.0,12.0,-32.0,-7.0,5.0,57.41,2.0,1.0,2.0,3.0,0.0,1.0,1.0,4.0,2.0,,27136.0
ES,Spain,2020-06-14,-39.0,-17.0,7.0,-39.0,-3.0,4.0,57.41,2.0,1.0,2.0,3.0,0.0,1.0,1.0,4.0,2.0,,27136.0
ES,Spain,2020-06-15,-23.0,-10.0,20.0,-36.0,-34.0,10.0,57.41,2.0,1.0,2.0,3.0,0.0,1.0,1.0,4.0,2.0,,27136.0
ES,Spain,2020-06-16,-26.0,-10.0,5.0,-37.0,-34.0,11.0,57.41,2.0,1.0,2.0,3.0,0.0,1.0,1.0,4.0,2.0,,27136.0
ES,Spain,2020-06-17,-24.0,-7.0,16.0,-35.0,-34.0,10.0,57.41,2.0,1.0,2.0,3.0,0.0,1.0,1.0,4.0,2.0,,27136.0
ES,Spain,2020-06-18,-24.0,-8.0,16.0,-36.0,-34.0,10.0,57.41,2.0,1.0,2.0,3.0,0.0,1.0,1.0,4.0,2.0,,27136.0
ES,Spain,2020-06-19,-26.0,-8.0,18.0,-36.0,-32.0,9.0,57.41,2.0,1.0,2.0,3.0,0.0,1.0,1.0,4.0,2.0,,28315.0
ES,Spain,2020-06-20,-32.0,-12.0,27.0,-30.0,-4.0,2.0,57.41,2.0,1.0,2.0,3.0,0.0,1.0,1.0,4.0,2.0,,28322.0
ES,Spain,2020-06-21,-34.0,-11.0,19.0,-35.0,0.0,0.0,41.2,2.0,1.0,2.0,2.0,0.0,0.0,0.0,3.0,2.0,,28323.0
ES,Spain,2020-06-22,-17.0,-6.0,38.0,-31.0,-35.0,7.0,41.2,2.0,1.0,2.0,2.0,0.0,0.0,0.0,3.0,2.0,,28324.0
ES,Spain,2020-06-23,-16.0,2.0,42.0,-28.0,-34.0,5.0,41.2,2.0,1.0,2.0,2.0,0.0,0.0,0.0,3.0,2.0,,28325.0
ES,Spain,2020-06-24,-30.0,-29.0,42.0,-40.0,-47.0,10.0,41.2,2.0,1.0,2.0,2.0,0.0,0.0,0.0,3.0,2.0,,28327.0
ES,Spain,2020-06-25,-18.0,-1.0,24.0,-32.0,-33.0,7.0,41.2,2.0,1.0,2.0,2.0,0.0,0.0,0.0,3.0,2.0,,28330.0
ES,Spain,2020-06-26,-22.0,-4.0,24.0,-32.0,-32.0,6.0,41.2,2.0,1.0,2.0,2.0,0.0,0.0,0.0,3.0,2.0,,28338.0
ES,Spain,2020-06-27,-29.0,-11.0,33.0,-29.0,-6.0,0.0,41.2,2.0,1.0,2.0,2.0,0.0,0.0,0.0,3.0,2.0,,28341.0
ES,Spain,2020-06-28,-31.0,-9.0,19.0,-34.0,6.0,-2.0,41.2,2.0,1.0,2.0,2.0,0.0,0.0,0.0,3.0,2.0,,28343.0
ES,Spain,2020-06-29,-13.0,-6.0,37.0,-30.0,-32.0,6.0,41.2,2.0,1.0,2.0,2.0,0.0,0.0,0.0,3.0,2.0,,28346.0
ES,Spain,2020-06-30,-13.0,-4.0,35.0,-29.0,-30.0,6.0,41.2,2.0,1.0,2.0,2.0,0.0,0.0,0.0,3.0,2.0,,28355.0
ES,Spain,2020-07-01,-14.0,-3.0,30.0,-29.0,-31.0,6.0,41.2,2.0,1.0,2.0,2.0,0.0,0.0,0.0,3.0,2.0,,28364.0
ES,Spain,2020-07-02,-13.0,-1.0,29.0,-29.0,-31.0,6.0,41.2,2.0,1.0,2.0,2.0,0.0,0.0,0.0,3.0,2.0,,28368.0
ES,Spain,2020-07-03,-18.0,-3.0,31.0,-29.0,-30.0,4.0,41.2,2.0,1.0,2.0,2.0,0.0,0.0,0.0,3.0,2.0,,28385.0
ES,Spain,2020-07-04,-25.0,-10.0,43.0,-26.0,-3.0,-1.0,56.94,2.0,1.0,2.0,4.0,0.0,1.0,2.0,3.0,2.0,,28385.0
ES,Spain,2020-07-05,-24.0,2.0,28.0,-30.0,5.0,-3.0,56.94,2.0,1.0,2.0,4.0,0.0,1.0,2.0,3.0,2.0,,28385.0
ES,Spain,2020-07-06,-10.0,-3.0,45.0,-27.0,-33.0,5.0,56.94,2.0,1.0,2.0,4.0,0.0,1.0,2.0,3.0,2.0,,28388.0
ES,Spain,2020-07-07,-12.0,-4.0,51.0,-26.0,-33.0,5.0,56.94,2.0,1.0,2.0,4.0,0.0,1.0,2.0,3.0,2.0,,28392.0
ES,Spain,2020-07-08,-13.0,-4.0,47.0,-27.0,-31.0,5.0,56.94,2.0,1.0,2.0,4.0,0.0,1.0,2.0,3.0,2.0,,28396.0
ES,Spain,2020-07-09,-13.0,-3.0,46.0,-27.0,-31.0,5.0,56.94,2.0,1.0,2.0,4.0,0.0,1.0,2.0,3.0,2.0,,28401.0
ES,Spain,2020-07-10,-19.0,-6.0,37.0,-29.0,-30.0,4.0,56.94,2.0,1.0,2.0,4.0,0.0,1.0,2.0,3.0,2.0,,28403.0
ES,Spain,2020-07-11,-27.0,-12.0,44.0,-27.0,-2.0,-1.0,56.94,2.0,1.0,2.0,4.0,0.0,1.0,2.0,3.0,2.0,,28403.0
ES,Spain,2020-07-12,-27.0,-3.0,24.0,-31.0,6.0,-3.0,56.94,2.0,1.0,2.0,4.0,0.0,1.0,2.0,3.0,2.0,,28403.0
ES,Spain,2020-07-13,-10.0,-4.0,58.0,-27.0,-31.0,4.0,56.94,2.0,1.0,2.0,4.0,0.0,1.0,2.0,3.0,2.0,,28406.0
ES,Spain,2020-07-14,-12.0,-4.0,50.0,-27.0,-32.0,5.0,56.94,2.0,1.0,2.0,4.0,0.0,1.0,2.0,3.0,2.0,,28409.0
ES,Spain,2020-07-15,-12.0,-3.0,47.0,-28.0,-30.0,4.0,64.35,2.0,2.0,2.0,4.0,0.0,2.0,2.0,3.0,2.0,,28413.0
ES,Spain,2020-07-16,-13.0,-5.0,46.0,-30.0,-31.0,5.0,64.35,2.0,2.0,2.0,4.0,0.0,2.0,2.0,3.0,2.0,,28416.0
ES,Spain,2020-07-17,-20.0,-6.0,42.0,-31.0,-30.0,4.0,64.35,2.0,2.0,2.0,4.0,0.0,2.0,2.0,3.0,2.0,,28420.0
ES,Spain,2020-07-18,-29.0,-12.0,48.0,-29.0,-1.0,-1.0,64.35,2.0,2.0,2.0,4.0,0.0,2.0,2.0,3.0,2.0,,28420.0
ES,Spain,2020-07-19,-28.0,-4.0,31.0,-33.0,7.0,-3.0,64.35,2.0,2.0,2.0,4.0,0.0,2.0,2.0,3.0,2.0,,28420.0
ES,Spain,2020-07-20,-12.0,-4.0,58.0,-30.0,-33.0,4.0,64.35,2.0,2.0,2.0,4.0,0.0,2.0,2.0,3.0,2.0,,28422.0
ES,Spain,2020-07-21,-14.0,-4.0,54.0,-30.0,-33.0,5.0,64.35,2.0,2.0,2.0,4.0,0.0,2.0,2.0,3.0,2.0,,28424.0
ES,Spain,2020-07-22,-14.0,-4.0,56.0,-31.0,-30.0,5.0,64.35,2.0,2.0,2.0,4.0,0.0,2.0,2.0,3.0,2.0,,28426.0
ES,Spain,2020-07-23,-14.0,-4.0,57.0,-31.0,-31.0,5.0,64.35,2.0,2.0,2.0,4.0,0.0,2.0,2.0,3.0,2.0,,28429.0
ES,Spain,2020-07-24,-21.0,-6.0,48.0,-33.0,-30.0,4.0,64.35,2.0,2.0,2.0,4.0,0.0,2.0,2.0,3.0,2.0,,28432.0
ES,Spain,2020-07-25,-31.0,-18.0,53.0,-30.0,-3.0,-1.0,64.35,2.0,2.0,2.0,4.0,0.0,2.0,2.0,3.0,2.0,,28432.0
ES,Spain,2020-07-26,-28.0,-2.0,34.0,-33.0,9.0,-3.0,64.35,2.0,2.0,2.0,4.0,0.0,2.0,2.0,3.0,2.0,,28432.0
ES,Spain,2020-07-27,-11.0,-3.0,66.0,-31.0,-34.0,4.0,64.35,2.0,2.0,2.0,4.0,0.0,2.0,2.0,3.0,2.0,,28434.0
ES,Spain,2020-07-28,-14.0,-4.0,53.0,-32.0,-33.0,5.0,64.35,2.0,2.0,2.0,4.0,0.0,2.0,2.0,3.0,2.0,,28436.0
ES,Spain,2020-07-29,-13.0,-3.0,59.0,-32.0,-33.0,5.0,64.35,2.0,2.0,2.0,4.0,0.0,2.0,2.0,3.0,2.0,,28441.0
ES,Spain,2020-07-30,-14.0,-4.0,54.0,-32.0,-33.0,4.0,64.35,2.0,2.0,2.0,4.0,0.0,2.0,2.0,3.0,2.0,,28443.0
ES,Spain,2020-07-31,-21.0,-9.0,44.0,-34.0,-34.0,4.0,64.35,2.0,2.0,2.0,4.0,0.0,2.0,2.0,3.0,2.0,,28445.0
ES,Spain,2020-08-01,-28.0,-10.0,40.0,-31.0,-3.0,-1.0,64.35,2.0,2.0,2.0,4.0,0.0,2.0,2.0,3.0,2.0,,28445.0
ES,Spain,2020-08-02,-25.0,1.0,31.0,-33.0,7.0,-2.0,64.35,2.0,2.0,2.0,4.0,0.0,2.0,2.0,3.0,2.0,,28445.0
ES,Spain,2020-08-03,-5.0,2.0,74.0,-31.0,-39.0,4.0,64.35,2.0,2.0,2.0,4.0,0.0,2.0,2.0,3.0,2.0,,28472.0
ES,Spain,2020-08-04,-9.0,-1.0,78.0,-32.0,-39.0,5.0,64.35,2.0,2.0,2.0,4.0,0.0,2.0,2.0,3.0,2.0,,28498.0
ES,Spain,2020-08-05,-9.0,-2.0,83.0,-34.0,-39.0,5.0,64.35,2.0,2.0,2.0,4.0,0.0,2.0,2.0,3.0,2.0,,28499.0
ES,Spain,2020-08-06,-11.0,-2.0,80.0,-34.0,-39.0,5.0,64.35,2.0,2.0,2.0,4.0,0.0,2.0,2.0,3.0,2.0,,28500.0
ES,Spain,2020-08-07,-20.0,-7.0,59.0,-37.0,-38.0,5.0,64.35,2.0,2.0,2.0,4.0,0.0,2.0,2.0,3.0,2.0,,28503.0
ES,Spain,2020-08-08,-28.0,-13.0,57.0,-33.0,-5.0,-1.0,64.35,2.0,2.0,2.0,4.0,0.0,2.0,2.0,3.0,2.0,,28503.0
ES,Spain,2020-08-09,-24.0,0.0,40.0,-34.0,7.0,-3.0,64.35,2.0,2.0,2.0,4.0,0.0,2.0,2.0,3.0,2.0,,28503.0
ES,Spain,2020-08-10,-6.0,1.0,86.0,-34.0,-43.0,5.0,60.65,2.0,2.0,2.0,4.0,0.0,1.0,2.0,3.0,2.0,,28576.0
ES,Spain,2020-08-11,-12.0,-4.0,71.0,-37.0,-44.0,6.0,60.65,2.0,2.0,2.0,4.0,0.0,1.0,2.0,3.0,2.0,,28581.0
ES,Spain,2020-08-12,-9.0,-1.0,74.0,-37.0,-43.0,6.0,60.65,2.0,2.0,2.0,4.0,0.0,1.0,2.0,3.0,2.0,,28579.0
ES,Spain,2020-08-13,-11.0,-2.0,81.0,-36.0,-43.0,5.0,60.65,2.0,2.0,2.0,4.0,0.0,1.0,2.0,3.0,2.0,,28605.0
ES,Spain,2020-08-14,-20.0,0.0,62.0,-38.0,-42.0,5.0,62.5,2.0,2.0,2.0,4.0,0.0,1.0,2.0,3.0,2.0,,28617.0
ES,Spain,2020-08-15,-36.0,-40.0,55.0,-36.0,-19.0,1.0,62.5,2.0,2.0,2.0,4.0,0.0,1.0,2.0,3.0,2.0,,28617.0
ES,Spain,2020-08-16,-24.0,6.0,38.0,-34.0,7.0,-3.0,62.5,2.0,2.0,2.0,4.0,0.0,1.0,2.0,3.0,2.0,,28617.0
ES,Spain,2020-08-17,-8.0,5.0,77.0,-35.0,-45.0,5.0,62.5,2.0,2.0,2.0,4.0,0.0,1.0,2.0,3.0,2.0,,28646.0
ES,Spain,2020-08-18,-12.0,-1.0,80.0,-36.0,-43.0,6.0,62.5,2.0,2.0,2.0,4.0,0.0,1.0,2.0,3.0,2.0,,28670.0
ES,Spain,2020-08-19,-16.0,-6.0,83.0,-39.0,-44.0,6.0,62.5,2.0,2.0,2.0,4.0,0.0,1.0,2.0,3.0,2.0,,28797.0
ES,Spain,2020-08-20,-16.0,-5.0,78.0,-38.0,-44.0,6.0,62.5,2.0,2.0,2.0,4.0,0.0,1.0,2.0,3.0,2.0,,28813.0
ES,Spain,2020-08-21,-25.0,-9.0,56.0,-40.0,-43.0,7.0,62.5,2.0,2.0,2.0,4.0,0.0,1.0,2.0,3.0,2.0,,28838.0
ES,Spain,2020-08-22,-33.0,-16.0,50.0,-35.0,-7.0,1.0,62.5,2.0,2.0,2.0,4.0,0.0,1.0,2.0,3.0,2.0,,28838.0
ES,Spain,2020-08-23,-28.0,-3.0,32.0,-36.0,7.0,-2.0,62.5,2.0,2.0,2.0,4.0,0.0,1.0,2.0,3.0,2.0,,28838.0
ES,Spain,2020-08-24,-13.0,-3.0,72.0,-36.0,-41.0,6.0,62.5,2.0,2.0,2.0,4.0,0.0,1.0,2.0,3.0,2.0,,28872.0
ES,Spain,2020-08-25,-16.0,-5.0,71.0,-36.0,-40.0,6.0,62.5,2.0,2.0,2.0,4.0,0.0,1.0,2.0,3.0,2.0,,28924.0
ES,Spain,2020-08-26,-17.0,-6.0,65.0,-38.0,-39.0,6.0,62.5,2.0,2.0,2.0,4.0,0.0,1.0,2.0,3.0,2.0,,28971.0
ES,Spain,2020-08-27,-17.0,-6.0,60.0,-38.0,-39.0,6.0,62.5,2.0,2.0,2.0,4.0,0.0,1.0,2.0,3.0,2.0,,28996.0
ES,Spain,2020-08-28,-24.0,-8.0,35.0,-40.0,-39.0,7.0,62.5,2.0,2.0,2.0,4.0,0.0,1.0,2.0,3.0,2.0,,29011.0
ES,Spain,2020-08-29,-32.0,-13.0,15.0,-38.0,-9.0,3.0,62.5,2.0,2.0,2.0,4.0,0.0,1.0,2.0,3.0,2.0,,29011.0
ES,Spain,2020-08-30,-27.0,-3.0,14.0,-35.0,5.0,-1.0,62.5,2.0,2.0,2.0,4.0,0.0,1.0,2.0,3.0,2.0,,29011.0
ES,Spain,2020-08-31,-10.0,-1.0,44.0,-32.0,-36.0,6.0,62.5,2.0,2.0,2.0,4.0,0.0,1.0,2.0,3.0,2.0,,29094.0
ES,Spain,2020-09-01,-14.0,-2.0,39.0,-30.0,-34.0,6.0,62.5,2.0,2.0,2.0,4.0,0.0,1.0,2.0,3.0,2.0,,29152.0
ES,Spain,2020-09-02,-14.0,-3.0,43.0,-31.0,-33.0,6.0,62.5,2.0,2.0,2.0,4.0,0.0,1.0,2.0,3.0,2.0,,29194.0
ES,Spain,2020-09-03,-15.0,-4.0,43.0,-31.0,-33.0,6.0,62.5,2.0,2.0,2.0,4.0,0.0,1.0,2.0,3.0,2.0,,29234.0
ES,Spain,2020-09-04,-20.0,-7.0,35.0,-32.0,-32.0,5.0,62.5,2.0,2.0,2.0,4.0,0.0,1.0,2.0,3.0,2.0,,29418.0
ES,Spain,2020-09-05,-27.0,-10.0,31.0,-30.0,-7.0,1.0,62.5,2.0,2.0,2.0,4.0,0.0,1.0,2.0,3.0,2.0,,29418.0
ES,Spain,2020-09-06,-25.0,0.0,17.0,-33.0,4.0,-1.0,62.5,2.0,2.0,2.0,4.0,0.0,1.0,2.0,3.0,2.0,,29418.0
ES,Spain,2020-09-07,-11.0,-1.0,33.0,-30.0,-36.0,5.0,60.65,2.0,2.0,2.0,4.0,0.0,1.0,2.0,3.0,2.0,,29516.0
ES,Spain,2020-09-08,-16.0,-11.0,35.0,-30.0,-38.0,6.0,60.65,2.0,2.0,2.0,4.0,0.0,1.0,2.0,3.0,2.0,,29594.0
ES,Spain,2020-09-09,-15.0,-1.0,29.0,-30.0,-32.0,6.0,60.65,2.0,2.0,2.0,4.0,0.0,1.0,2.0,3.0,2.0,,29628.0
ES,Spain,2020-09-10,-13.0,1.0,36.0,-27.0,-32.0,4.0,60.65,2.0,2.0,2.0,4.0,0.0,1.0,2.0,3.0,2.0,,29699.0
ES,Spain,2020-09-11,-23.0,-14.0,39.0,-33.0,-38.0,6.0,60.65,2.0,2.0,2.0,4.0,0.0,1.0,2.0,3.0,2.0,,29747.0
ES,Spain,2020-09-12,-26.0,-9.0,36.0,-28.0,-7.0,0.0,60.65,2.0,2.0,2.0,4.0,0.0,1.0,2.0,3.0,2.0,,29747.0
ES,Spain,2020-09-13,-27.0,-4.0,20.0,-31.0,4.0,-1.0,60.65,2.0,2.0,2.0,4.0,0.0,1.0,2.0,3.0,2.0,,29747.0
ES,Spain,2020-09-14,-12.0,-2.0,31.0,-26.0,-29.0,4.0,60.65,2.0,2.0,2.0,4.0,0.0,1.0,2.0,3.0,2.0,,29848.0
ES,Spain,2020-09-15,-16.0,-5.0,29.0,-26.0,-29.0,5.0,60.65,2.0,2.0,2.0,4.0,0.0,1.0,2.0,3.0,2.0,,30004.0
ES,Spain,2020-09-16,-18.0,-5.0,25.0,-27.0,-28.0,5.0,60.65,2.0,2.0,2.0,4.0,0.0,1.0,2.0,3.0,2.0,,30243.0
ES,Spain,2020-09-17,-19.0,-5.0,13.0,-28.0,-29.0,5.0,60.65,2.0,2.0,2.0,4.0,0.0,1.0,2.0,3.0,2.0,,30405.0
ES,Spain,2020-09-18,-25.0,-9.0,0.0,-30.0,-28.0,6.0,60.65,2.0,2.0,2.0,4.0,0.0,1.0,2.0,3.0,2.0,,30495.0
ES,Spain,2020-09-19,-28.0,-9.0,6.0,-31.0,-8.0,3.0,60.65,2.0,2.0,2.0,4.0,0.0,1.0,2.0,3.0,2.0,,30495.0
ES,Spain,2020-09-20,-29.0,-7.0,6.0,-33.0,1.0,2.0,60.65,2.0,2.0,2.0,4.0,0.0,1.0,2.0,3.0,2.0,,30495.0
ES,Spain,2020-09-21,-17.0,-6.0,16.0,-27.0,-29.0,5.0,60.65,2.0,2.0,2.0,4.0,0.0,1.0,2.0,3.0,2.0,,30663.0
ES,Spain,2020-09-22,-20.0,-5.0,14.0,-24.0,-28.0,5.0,60.65,2.0,2.0,2.0,4.0,0.0,1.0,2.0,3.0,2.0,,30904.0
ES,Spain,2020-09-23,-23.0,-4.0,9.0,-25.0,-27.0,6.0,60.65,2.0,2.0,2.0,4.0,0.0,1.0,2.0,3.0,2.0,,31034.0
ES,Spain,2020-09-24,-24.0,-6.0,3.0,-29.0,-30.0,7.0,60.65,2.0,2.0,2.0,4.0,0.0,1.0,2.0,3.0,2.0,,31118.0
ES,Spain,2020-09-25,-26.0,-3.0,-3.0,-27.0,-26.0,6.0,60.65,2.0,2.0,2.0,4.0,0.0,1.0,2.0,3.0,2.0,,31232.0
ES,Spain,2020-09-26,-30.0,-7.0,0.0,-29.0,-7.0,4.0,60.65,2.0,2.0,2.0,4.0,0.0,1.0,2.0,3.0,2.0,,31232.0
ES,Spain,2020-09-27,-33.0,-8.0,-6.0,-33.0,0.0,3.0,60.65,2.0,2.0,2.0,4.0,0.0,1.0,2.0,3.0,2.0,,31232.0
ES,Spain,2020-09-28,-20.0,-3.0,8.0,-23.0,-24.0,6.0,60.65,2.0,2.0,2.0,4.0,0.0,1.0,2.0,3.0,2.0,,31411.0
ES,Spain,2020-09-29,-22.0,-3.0,8.0,-22.0,-24.0,6.0,60.65,2.0,2.0,2.0,4.0,0.0,1.0,2.0,3.0,2.0,,31411.0
ES,Spain,2020-09-30,-22.0,0.0,6.0,-22.0,-24.0,5.0,60.65,2.0,2.0,2.0,4.0,0.0,1.0,2.0,3.0,2.0,,31791.0
ES,Spain,2020-10-01,-23.0,2.0,-1.0,-22.0,-22.0,5.0,60.65,2.0,2.0,2.0,4.0,0.0,1.0,2.0,3.0,2.0,,31973.0
ES,Spain,2020-10-02,-29.0,-3.0,-25.0,-24.0,-22.0,6.0,60.65,2.0,2.0,2.0,4.0,0.0,1.0,2.0,3.0,2.0,,32086.0
ES,Spain,2020-10-03,-28.0,-2.0,-9.0,-25.0,-8.0,5.0,60.65,2.0,2.0,2.0,4.0,0.0,1.0,2.0,3.0,2.0,,32086.0
ES,Spain,2020-10-04,-34.0,-4.0,-18.0,-32.0,-4.0,5.0,60.65,2.0,2.0,2.0,4.0,0.0,1.0,2.0,3.0,2.0,,32086.0
ES,Spain,2020-10-05,-20.0,0.0,5.0,-18.0,-23.0,5.0,60.65,2.0,2.0,2.0,4.0,0.0,1.0,2.0,3.0,2.0,,32225.0
ES,Spain,2020-10-06,-22.0,0.0,4.0,-18.0,-22.0,5.0,60.65,2.0,2.0,2.0,4.0,0.0,1.0,2.0,3.0,2.0,,32486.0
ES,Spain,2020-10-07,-23.0,-2.0,5.0,-21.0,-21.0,5.0,64.35,3.0,2.0,2.0,4.0,0.0,1.0,2.0,3.0,2.0,,32562.0
ES,Spain,2020-10-08,-20.0,2.0,8.0,-20.0,-21.0,4.0,64.35,3.0,2.0,2.0,4.0,0.0,1.0,2.0,3.0,2.0,,32688.0
ES,Spain,2020-10-09,-25.0,-8.0,13.0,-21.0,-27.0,5.0,64.35,3.0,2.0,2.0,4.0,0.0,1.0,2.0,3.0,2.0,,
ES,Spain,2020-10-10,-29.0,-1.0,5.0,-27.0,-9.0,4.0,64.35,3.0,2.0,2.0,4.0,0.0,1.0,2.0,3.0,2.0,,
ES,Spain,2020-10-11,-24.0,6.0,12.0,-31.0,-4.0,3.0,64.35,3.0,2.0,2.0,4.0,0.0,1.0,2.0,3.0,2.0,,
ES,Spain,2020-10-12,-32.0,-48.0,42.0,-46.0,-72.0,14.0,64.35,3.0,2.0,2.0,4.0,0.0,1.0,2.0,3.0,2.0,,
ES,Spain,2020-10-13,-24.0,7.0,-2.0,-19.0,-22.0,5.0,64.35,3.0,2.0,2.0,4.0,0.0,1.0,2.0,3.0,2.0,,
ES,Spain,2020-10-14,-26.0,1.0,-8.0,-22.0,-20.0,7.0,64.35,3.0,2.0,2.0,4.0,0.0,1.0,2.0,3.0,2.0,,
ES,Spain,2020-10-15,-25.0,0.0,-5.0,-21.0,-20.0,6.0,64.35,3.0,2.0,2.0,4.0,0.0,1.0,2.0,3.0,2.0,,
ES,Spain,2020-10-16,-29.0,1.0,-1.0,-21.0,-19.0,6.0,64.35,3.0,2.0,2.0,4.0,0.0,1.0,2.0,3.0,2.0,,
ES,Spain,2020-10-17,-34.0,-5.0,1.0,-24.0,-10.0,6.0,64.35,3.0,2.0,2.0,4.0,0.0,1.0,2.0,3.0,2.0,,
ES,Spain,2020-10-18,-38.0,-6.0,-2.0,-30.0,-6.0,5.0,64.35,3.0,2.0,2.0,4.0,0.0,1.0,2.0,3.0,2.0,,
ES,Spain,2020-10-19,-28.0,-4.0,0.0,-21.0,-20.0,6.0,64.35,3.0,2.0,2.0,4.0,0.0,1.0,2.0,3.0,2.0,,
ES,Spain,2020-10-20,-33.0,-7.0,-19.0,-25.0,-21.0,8.0,64.35,3.0,2.0,2.0,4.0,0.0,1.0,2.0,3.0,2.0,,
ES,Spain,2020-10-21,-31.0,-2.0,-11.0,-24.0,-19.0,8.0,64.35,3.0,2.0,2.0,4.0,0.0,1.0,2.0,3.0,2.0,,
ES,Spain,2020-10-22,-32.0,-3.0,-19.0,-24.0,-20.0,8.0,58.8,1.0,2.0,2.0,4.0,0.0,1.0,2.0,3.0,2.0,,
ES,Spain,2020-10-23,-30.0,3.0,-6.0,-21.0,-19.0,7.0,58.8,1.0,2.0,2.0,4.0,0.0,1.0,2.0,3.0,2.0,,
ES,Spain,2020-10-24,-36.0,-4.0,-6.0,-26.0,-12.0,6.0,58.8,1.0,2.0,2.0,4.0,0.0,1.0,2.0,3.0,2.0,,
ES,Spain,2020-10-25,-42.0,-4.0,-25.0,-37.0,-11.0,6.0,71.3,1.0,2.0,2.0,4.0,0.0,2.0,2.0,3.0,2.0,,
ES,Spain,2020-10-26,-28.0,-2.0,-11.0,-23.0,-20.0,7.0,71.3,1.0,2.0,2.0,4.0,0.0,2.0,2.0,3.0,2.0,,
ES,Spain,2020-10-27,-30.0,-1.0,-10.0,-22.0,-20.0,7.0,71.3,1.0,2.0,2.0,4.0,0.0,2.0,2.0,3.0,2.0,,
ES,Spain,2020-10-28,-31.0,0.0,-6.0,-24.0,-19.0,8.0,71.3,1.0,2.0,2.0,4.0,0.0,2.0,2.0,3.0,2.0,,
ES,Spain,2020-10-29,-29.0,3.0,-3.0,-23.0,-20.0,7.0,71.3,1.0,2.0,2.0,4.0,0.0,2.0,2.0,3.0,2.0,,
ES,Spain,2020-10-30,-34.0,3.0,-6.0,-26.0,-21.0,9.0,71.3,1.0,2.0,2.0,4.0,0.0,2.0,2.0,3.0,2.0,,
ES,Spain,2020-10-31,-40.0,-2.0,-6.0,-32.0,-14.0,9.0,71.3,1.0,2.0,2.0,4.0,0.0,2.0,2.0,3.0,2.0,,
ES,Spain,2020-11-01,-40.0,-4.0,-8.0,-37.0,-15.0,8.0,71.3,1.0,2.0,2.0,4.0,0.0,2.0,2.0,3.0,2.0,,
ES,Spain,2020-11-02,-35.0,-21.0,8.0,-38.0,-46.0,13.0,71.3,1.0,2.0,2.0,4.0,0.0,2.0,2.0,3.0,2.0,,
ES,Spain,2020-11-03,-33.0,1.0,-17.0,-26.0,-21.0,8.0,71.3,1.0,2.0,2.0,4.0,0.0,2.0,2.0,3.0,2.0,,
ES,Spain,2020-11-04,-36.0,-2.0,-26.0,-30.0,-21.0,10.0,71.3,1.0,2.0,2.0,4.0,0.0,2.0,2.0,3.0,2.0,,
ES,Spain,2020-11-05,-36.0,-3.0,-25.0,-30.0,-22.0,10.0,71.3,1.0,2.0,2.0,4.0,0.0,2.0,2.0,3.0,2.0,,
ES,Spain,2020-11-06,-38.0,-1.0,-23.0,-30.0,-21.0,10.0,71.3,1.0,2.0,2.0,4.0,0.0,2.0,2.0,3.0,2.0,,
ES,Spain,2020-11-07,-47.0,-7.0,-30.0,-39.0,-20.0,12.0,71.3,1.0,2.0,2.0,4.0,0.0,2.0,2.0,3.0,2.0,,
ES,Spain,2020-11-08,-48.0,-8.0,-16.0,-37.0,-20.0,9.0,71.3,1.0,2.0,2.0,4.0,0.0,2.0,2.0,3.0,2.0,,
ES,Spain,2020-11-09,-32.0,-5.0,-5.0,-32.0,-27.0,9.0,71.3,1.0,2.0,2.0,4.0,0.0,2.0,2.0,3.0,2.0,,
ES,Spain,2020-11-10,-37.0,-3.0,-6.0,-26.0,-22.0,9.0,71.3,1.0,2.0,2.0,4.0,0.0,2.0,2.0,3.0,2.0,,
ES,Spain,2020-11-11,-38.0,-3.0,-8.0,-27.0,-21.0,9.0,71.3,1.0,2.0,2.0,4.0,0.0,2.0,2.0,3.0,2.0,,
ES,Spain,2020-11-12,-38.0,-2.0,-7.0,-27.0,-22.0,9.0,71.3,1.0,2.0,2.0,4.0,0.0,2.0,2.0,3.0,2.0,,
ES,Spain,2020-11-13,-40.0,0.0,-10.0,-28.0,-22.0,10.0,71.3,1.0,2.0,2.0,4.0,0.0,2.0,2.0,3.0,2.0,,
ES,Spain,2020-11-14,-48.0,-7.0,-23.0,-37.0,-21.0,11.0,71.3,1.0,2.0,2.0,4.0,0.0,2.0,2.0,3.0,2.0,,
ES,Spain,2020-11-15,-51.0,-11.0,-19.0,-40.0,-22.0,10.0,71.3,1.0,2.0,2.0,4.0,0.0,2.0,2.0,3.0,2.0,,
ES,Spain,2020-11-16,-36.0,-7.0,-5.0,-27.0,-21.0,8.0,71.3,1.0,2.0,2.0,4.0,0.0,2.0,2.0,3.0,2.0,,
ES,Spain,2020-11-17,-37.0,-5.0,-3.0,-26.0,-21.0,8.0,71.3,1.0,2.0,2.0,4.0,0.0,2.0,2.0,3.0,2.0,,
ES,Spain,2020-11-18,-38.0,-3.0,-5.0,-27.0,-20.0,9.0,71.3,1.0,2.0,2.0,4.0,0.0,2.0,2.0,3.0,2.0,,
ES,Spain,2020-11-19,-37.0,-2.0,-11.0,-27.0,-21.0,9.0,71.3,1.0,2.0,2.0,4.0,0.0,2.0,2.0,3.0,2.0,,
ES,Spain,2020-11-20,-40.0,0.0,-13.0,-27.0,-20.0,10.0,71.3,1.0,2.0,2.0,4.0,0.0,2.0,2.0,3.0,2.0,,
ES,Spain,2020-11-21,-44.0,-5.0,-12.0,-32.0,-19.0,10.0,71.3,1.0,2.0,2.0,4.0,0.0,2.0,2.0,3.0,2.0,,
ES,Spain,2020-11-22,-48.0,-7.0,-13.0,-36.0,-21.0,9.0,71.3,1.0,2.0,2.0,4.0,0.0,2.0,2.0,3.0,2.0,,
ES,Spain,2020-11-23,-32.0,-6.0,-9.0,-27.0,-20.0,8.0,71.3,1.0,2.0,2.0,4.0,0.0,2.0,2.0,3.0,2.0,,
ES,Spain,2020-11-24,-33.0,-4.0,-12.0,-26.0,-19.0,8.0,71.3,1.0,2.0,2.0,4.0,0.0,2.0,2.0,3.0,2.0,,
ES,Spain,2020-11-25,-34.0,-2.0,-21.0,-28.0,-19.0,9.0,71.3,1.0,2.0,2.0,4.0,0.0,2.0,2.0,3.0,2.0,,
ES,Spain,2020-11-26,-35.0,-2.0,-27.0,-29.0,-20.0,9.0,71.3,1.0,2.0,2.0,4.0,0.0,2.0,2.0,3.0,2.0,,
ES,Spain,2020-11-27,-36.0,-1.0,-29.0,-30.0,-20.0,10.0,71.3,1.0,2.0,2.0,4.0,0.0,2.0,2.0,3.0,2.0,,
ES,Spain,2020-11-28,-39.0,-2.0,-25.0,-32.0,-17.0,10.0,71.3,1.0,2.0,2.0,4.0,0.0,2.0,2.0,3.0,2.0,,
ES,Spain,2020-11-29,-39.0,7.0,-23.0,-34.0,-16.0,9.0,71.3,1.0,2.0,2.0,4.0,0.0,2.0,2.0,3.0,2.0,,
ES,Spain,2020-11-30,-28.0,-2.0,-8.0,-24.0,-19.0,7.0,71.3,1.0,2.0,2.0,4.0,0.0,2.0,2.0,3.0,2.0,,
ES,Spain,2020-12-01,-30.0,0.0,-11.0,-23.0,-18.0,7.0,71.3,1.0,2.0,2.0,4.0,0.0,2.0,2.0,3.0,2.0,,
ES,Spain,2020-12-02,-30.0,2.0,-15.0,-25.0,-17.0,8.0,71.3,1.0,2.0,2.0,4.0,0.0,2.0,2.0,3.0,2.0,,
ES,Spain,2020-12-03,-29.0,3.0,-15.0,-24.0,-19.0,8.0,71.3,1.0,2.0,2.0,4.0,0.0,2.0,2.0,3.0,2.0,,
ES,Spain,2020-12-04,-34.0,2.0,-30.0,-28.0,-20.0,10.0,71.3,1.0,2.0,2.0,4.0,0.0,2.0,2.0,3.0,2.0,,
ES,Spain,2020-12-05,-39.0,0.0,-30.0,-33.0,-16.0,9.0,71.3,1.0,2.0,2.0,4.0,0.0,2.0,2.0,3.0,2.0,,
ES,Spain,2020-12-06,-38.0,9.0,-29.0,-38.0,-18.0,9.0,71.3,1.0,2.0,2.0,4.0,0.0,2.0,2.0,3.0,2.0,,
ES,Spain,2020-12-07,-23.0,-3.0,-9.0,-41.0,-61.0,16.0,71.3,1.0,2.0,2.0,4.0,0.0,2.0,2.0,3.0,2.0,,
ES,Spain,2020-12-08,-46.0,-52.0,-17.0,-53.0,-75.0,22.0,71.3,1.0,2.0,2.0,4.0,0.0,2.0,2.0,3.0,2.0,,
ES,Spain,2020-12-09,-28.0,11.0,-21.0,-26.0,-18.0,7.0,71.3,1.0,2.0,2.0,4.0,0.0,2.0,2.0,3.0,2.0,,
ES,Spain,2020-12-10,-29.0,4.0,-23.0,-26.0,-19.0,8.0,71.3,1.0,2.0,2.0,4.0,0.0,2.0,2.0,3.0,2.0,,
ES,Spain,2020-12-11,-33.0,1.0,-26.0,-28.0,-18.0,10.0,71.3,1.0,2.0,2.0,4.0,0.0,2.0,2.0,3.0,2.0,,
ES,Spain,2020-12-12,-34.0,-1.0,-15.0,-27.0,-12.0,8.0,71.3,1.0,2.0,2.0,4.0,0.0,2.0,2.0,3.0,2.0,,
ES,Spain,2020-12-13,-32.0,14.0,-15.0,-31.0,-11.0,7.0,71.3,1.0,2.0,2.0,4.0,0.0,2.0,2.0,3.0,2.0,,
ES,Spain,2020-12-14,-23.0,-2.0,-15.0,-24.0,-18.0,6.0,71.3,1.0,2.0,2.0,4.0,0.0,2.0,2.0,3.0,2.0,,
ES,Spain,2020-12-15,-23.0,1.0,-10.0,-22.0,-18.0,6.0,71.3,1.0,2.0,2.0,4.0,0.0,2.0,2.0,3.0,2.0,,
ES,Spain,2020-12-16,-25.0,1.0,-17.0,-24.0,-17.0,7.0,71.3,1.0,2.0,2.0,4.0,0.0,2.0,2.0,3.0,2.0,,
ES,Spain,2020-12-17,-23.0,5.0,-11.0,-22.0,-17.0,7.0,71.3,1.0,2.0,2.0,4.0,0.0,2.0,2.0,3.0,2.0,,
ES,Spain,2020-12-18,-27.0,1.0,-17.0,-24.0,-18.0,8.0,71.3,1.0,2.0,2.0,4.0,0.0,2.0,2.0,3.0,2.0,,
ES,Spain,2020-12-19,-32.0,-1.0,-24.0,-25.0,-12.0,8.0,71.3,1.0,2.0,2.0,4.0,0.0,2.0,2.0,3.0,2.0,,
ES,Spain,2020-12-20,-25.0,29.0,-15.0,-26.0,-9.0,6.0,71.3,1.0,2.0,2.0,4.0,0.0,2.0,2.0,3.0,2.0,,
ES,Spain,2020-12-21,-13.0,12.0,-1.0,-20.0,-22.0,6.0,71.3,1.0,2.0,2.0,4.0,0.0,2.0,2.0,3.0,2.0,,
ES,Spain,2020-12-22,-14.0,17.0,1.0,-20.0,-26.0,6.0,71.3,1.0,2.0,2.0,4.0,0.0,2.0,2.0,3.0,2.0,,
ES,Spain,2020-12-23,-11.0,35.0,-3.0,-23.0,-35.0,8.0,78.7,3.0,2.0,2.0,4.0,0.0,2.0,2.0,3.0,2.0,,
ES,Spain,2020-12-24,-25.0,18.0,-14.0,-41.0,-54.0,12.0,78.7,3.0,2.0,2.0,4.0,0.0,2.0,2.0,3.0,2.0,,
ES,Spain,2020-12-25,-73.0,-79.0,-29.0,-67.0,-82.0,24.0,78.7,3.0,2.0,2.0,4.0,0.0,2.0,2.0,3.0,2.0,,
ES,Spain,2020-12-26,-42.0,-21.0,-15.0,-35.0,-26.0,9.0,78.7,3.0,2.0,2.0,4.0,0.0,2.0,2.0,3.0,2.0,,
ES,Spain,2020-12-27,-32.0,17.0,-22.0,-35.0,-14.0,7.0,78.7,3.0,2.0,2.0,4.0,0.0,2.0,2.0,3.0,2.0,,
ES,Spain,2020-12-28,-16.0,7.0,-12.0,-34.0,-44.0,12.0,78.7,3.0,2.0,2.0,4.0,0.0,2.0,2.0,3.0,2.0,,
ES,Spain,2020-12-29,-17.0,13.0,-7.0,-32.0,-44.0,11.0,78.7,3.0,2.0,2.0,4.0,0.0,2.0,2.0,3.0,2.0,,
ES,Spain,2020-12-30,-14.0,32.0,-4.0,-31.0,-42.0,10.0,78.7,3.0,2.0,2.0,4.0,0.0,2.0,2.0,3.0,2.0,,
ES,Spain,2020-12-31,-28.0,17.0,-15.0,-44.0,-55.0,13.0,78.7,3.0,2.0,2.0,4.0,0.0,2.0,2.0,3.0,2.0,,
ES,Spain,2021-01-01,-75.0,-82.0,-37.0,-70.0,-83.0,26.0,78.7,3.0,2.0,2.0,4.0,0.0,2.0,2.0,3.0,2.0,,
ES,Spain,2021-01-02,-36.0,-7.0,-22.0,-34.0,-21.0,10.0,78.7,3.0,2.0,2.0,4.0,0.0,2.0,2.0,3.0,2.0,,
ES,Spain,2021-01-03,-29.0,20.0,-24.0,-34.0,-11.0,7.0,78.7,3.0,2.0,2.0,4.0,0.0,2.0,2.0,3.0,2.0,,
ES,Spain,2021-01-04,-9.0,16.0,-7.0,-30.0,-40.0,10.0,78.7,3.0,2.0,2.0,4.0,0.0,2.0,2.0,3.0,2.0,,
ES,Spain,2021-01-05,-9.0,29.0,-3.0,-29.0,-42.0,10.0,78.7,3.0,2.0,2.0,4.0,0.0,2.0,2.0,3.0,2.0,,
ES,Spain,2021-01-06,-56.0,-70.0,-22.0,-57.0,-76.0,21.0,78.7,3.0,2.0,2.0,4.0,0.0,2.0,2.0,3.0,2.0,,
ES,Spain,2021-01-07,-35.0,1.0,-32.0,-39.0,-37.0,14.0,71.3,1.0,2.0,2.0,4.0,0.0,2.0,2.0,3.0,2.0,,
ES,Spain,2021-01-08,-45.0,-7.0,-39.0,-41.0,-36.0,17.0,71.3,1.0,2.0,2.0,4.0,0.0,2.0,2.0,3.0,2.0,,
ES,Spain,2021-01-09,-58.0,-22.0,-44.0,-50.0,-32.0,17.0,71.3,1.0,2.0,2.0,4.0,0.0,2.0,2.0,3.0,2.0,,
ES,Spain,2021-01-10,-58.0,-21.0,-46.0,-50.0,-28.0,13.0,71.3,1.0,2.0,2.0,4.0,0.0,2.0,2.0,3.0,2.0,,
ES,Spain,2021-01-11,-36.0,-1.0,-25.0,-35.0,-31.0,13.0,71.3,1.0,2.0,2.0,4.0,0.0,2.0,2.0,3.0,2.0,,
ES,Spain,2021-01-12,-40.0,-5.0,-26.0,-35.0,-30.0,12.0,71.3,1.0,2.0,2.0,4.0,0.0,2.0,2.0,3.0,2.0,,
ES,Spain,2021-01-13,-42.0,-5.0,-26.0,-35.0,-28.0,11.0,71.3,1.0,2.0,2.0,4.0,0.0,2.0,2.0,3.0,2.0,,
ES,Spain,2021-01-14,-43.0,-7.0,-30.0,-36.0,-30.0,11.0,71.3,1.0,2.0,2.0,4.0,0.0,2.0,2.0,3.0,2.0,,
ES,Spain,2021-01-15,-46.0,-7.0,-31.0,-37.0,-30.0,12.0,71.3,1.0,2.0,2.0,4.0,0.0,2.0,2.0,3.0,2.0,,
ES,Spain,2021-01-16,-52.0,-12.0,-28.0,-39.0,-25.0,11.0,71.3,1.0,2.0,2.0,4.0,0.0,2.0,2.0,3.0,2.0,,
ES,Spain,2021-01-17,-55.0,-18.0,-31.0,-45.0,-27.0,10.0,71.3,1.0,2.0,2.0,4.0,0.0,2.0,2.0,3.0,2.0,,
ES,Spain,2021-01-18,-40.0,-10.0,-21.0,-34.0,-28.0,9.0,71.3,1.0,2.0,2.0,4.0,0.0,2.0,2.0,3.0,2.0,,
ES,Spain,2021-01-19,-43.0,-10.0,-24.0,-35.0,-29.0,10.0,71.3,1.0,2.0,2.0,4.0,0.0,2.0,2.0,3.0,2.0,,
ES,Spain,2021-01-20,-47.0,-15.0,-37.0,-38.0,-29.0,12.0,71.3,1.0,2.0,2.0,4.0,0.0,2.0,2.0,3.0,2.0,,
ES,Spain,2021-01-21,-47.0,-9.0,-31.0,-36.0,-27.0,11.0,71.3,1.0,2.0,2.0,4.0,0.0,2.0,2.0,3.0,2.0,,
ES,Spain,2021-01-22,-52.0,-11.0,-40.0,-40.0,-29.0,14.0,71.3,1.0,2.0,2.0,4.0,0.0,2.0,2.0,3.0,2.0,,
ES,Spain,2021-01-23,-58.0,-14.0,-43.0,-46.0,-28.0,14.0,71.3,1.0,2.0,2.0,4.0,0.0,2.0,2.0,3.0,2.0,,
ES,Spain,2021-01-24,-59.0,-18.0,-34.0,-47.0,-30.0,12.0,71.3,1.0,2.0,2.0,4.0,0.0,2.0,2.0,3.0,2.0,,
ES,Spain,2021-01-25,-45.0,-11.0,-30.0,-36.0,-27.0,10.0,71.3,1.0,2.0,2.0,4.0,0.0,2.0,2.0,3.0,2.0,,
ES,Spain,2021-01-26,-46.0,-9.0,-23.0,-34.0,-27.0,10.0,71.3,1.0,2.0,2.0,4.0,0.0,2.0,2.0,3.0,2.0,,
ES,Spain,2021-01-27,-47.0,-9.0,-17.0,-35.0,-26.0,11.0,71.3,1.0,2.0,2.0,4.0,0.0,2.0,2.0,3.0,2.0,,
ES,Spain,2021-01-28,-46.0,-7.0,-14.0,-34.0,-26.0,10.0,71.3,1.0,2.0,2.0,4.0,0.0,2.0,2.0,3.0,2.0,,
ES,Spain,2021-01-29,-49.0,-5.0,-17.0,-35.0,-27.0,12.0,71.3,1.0,2.0,2.0,4.0,0.0,2.0,2.0,3.0,2.0,,
ES,Spain,2021-01-30,-58.0,-11.0,-35.0,-46.0,-28.0,14.0,71.3,1.0,2.0,2.0,4.0,0.0,2.0,2.0,3.0,2.0,,
ES,Spain,2021-01-31,-60.0,-15.0,-35.0,-48.0,-30.0,12.0,71.3,1.0,2.0,2.0,4.0,0.0,2.0,2.0,3.0,2.0,,
FR,France,2020-02-15,-2.0,-1.0,23.0,12.0,-2.0,-1.0,5.56,0.0,0.0,0.0,0.0,0.0,0.0,0.0,1.0,0.0,12.0,1.0
FR,France,2020-02-16,6.0,2.0,9.0,7.0,-1.0,-1.0,5.56,0.0,0.0,0.0,0.0,0.0,0.0,0.0,1.0,0.0,12.0,1.0
FR,France,2020-02-17,1.0,2.0,16.0,-6.0,-15.0,4.0,5.56,0.0,0.0,0.0,0.0,0.0,0.0,0.0,1.0,0.0,12.0,1.0
FR,France,2020-02-18,5.0,2.0,36.0,-4.0,-14.0,3.0,5.56,0.0,0.0,0.0,0.0,0.0,0.0,0.0,1.0,0.0,12.0,1.0
FR,France,2020-02-19,-4.0,-3.0,18.0,-6.0,-12.0,2.0,5.56,0.0,0.0,0.0,0.0,0.0,0.0,0.0,1.0,0.0,12.0,1.0
FR,France,2020-02-20,-2.0,-1.0,29.0,-4.0,-15.0,3.0,5.56,0.0,0.0,0.0,0.0,0.0,0.0,0.0,1.0,0.0,12.0,1.0
FR,France,2020-02-21,-1.0,-2.0,28.0,0.0,-15.0,3.0,5.56,0.0,0.0,0.0,0.0,0.0,0.0,0.0,1.0,0.0,12.0,1.0
FR,France,2020-02-22,-6.0,-2.0,31.0,14.0,-5.0,-1.0,5.56,0.0,0.0,0.0,0.0,0.0,0.0,0.0,1.0,0.0,12.0,1.0
FR,France,2020-02-23,8.0,7.0,30.0,12.0,-1.0,-1.0,5.56,0.0,0.0,0.0,0.0,0.0,0.0,0.0,1.0,0.0,12.0,1.0
FR,France,2020-02-24,3.0,3.0,45.0,-1.0,-15.0,3.0,5.56,0.0,0.0,0.0,0.0,0.0,0.0,0.0,1.0,0.0,12.0,1.0
FR,France,2020-02-25,1.0,1.0,23.0,-3.0,-14.0,4.0,13.89,0.0,0.0,0.0,0.0,0.0,0.0,0.0,1.0,0.0,14.0,1.0
FR,France,2020-02-26,-5.0,-2.0,9.0,-5.0,-12.0,3.0,13.89,0.0,0.0,0.0,0.0,0.0,0.0,0.0,1.0,0.0,18.0,2.0
FR,France,2020-02-27,-5.0,-1.0,1.0,-5.0,-15.0,4.0,13.89,0.0,0.0,0.0,0.0,0.0,0.0,0.0,1.0,0.0,38.0,2.0
FR,France,2020-02-28,-1.0,1.0,15.0,0.0,-15.0,4.0,13.89,0.0,0.0,0.0,0.0,0.0,0.0,0.0,1.0,0.0,57.0,2.0
FR,France,2020-02-29,-7.0,1.0,-12.0,4.0,-5.0,1.0,34.72,0.0,0.0,2.0,4.0,0.0,0.0,0.0,1.0,0.0,100.0,2.0
FR,France,2020-03-01,1.0,4.0,-13.0,2.0,1.0,0.0,34.72,0.0,0.0,2.0,4.0,0.0,0.0,0.0,1.0,0.0,130.0,2.0
FR,France,2020-03-02,-6.0,3.0,-9.0,-4.0,-5.0,3.0,43.98,3.0,0.0,2.0,4.0,0.0,0.0,0.0,1.0,0.0,191.0,3.0
FR,France,2020-03-03,-1.0,5.0,8.0,-4.0,-4.0,2.0,43.98,3.0,0.0,2.0,4.0,0.0,0.0,0.0,1.0,0.0,212.0,4.0
FR,France,2020-03-04,-6.0,2.0,1.0,-6.0,-3.0,2.0,43.98,3.0,0.0,2.0,4.0,0.0,0.0,0.0,1.0,0.0,285.0,4.0
FR,France,2020-03-05,-8.0,0.0,-15.0,-6.0,-5.0,3.0,43.98,3.0,0.0,2.0,4.0,0.0,0.0,0.0,1.0,0.0,423.0,7.0
FR,France,2020-03-06,-2.0,2.0,-1.0,-1.0,-4.0,3.0,43.98,3.0,0.0,2.0,4.0,0.0,0.0,0.0,1.0,0.0,613.0,9.0
FR,France,2020-03-07,-4.0,1.0,7.0,1.0,0.0,1.0,43.98,3.0,0.0,2.0,4.0,0.0,0.0,0.0,1.0,0.0,938.0,16.0
FR,France,2020-03-08,0.0,2.0,-1.0,-2.0,-1.0,1.0,43.98,3.0,0.0,2.0,4.0,0.0,0.0,0.0,1.0,0.0,1115.0,19.0
FR,France,2020-03-09,-5.0,2.0,2.0,-5.0,-1.0,2.0,43.98,3.0,0.0,2.0,4.0,0.0,0.0,0.0,1.0,0.0,1401.0,25.0
FR,France,2020-03-10,-5.0,1.0,1.0,-6.0,-1.0,2.0,43.98,3.0,0.0,2.0,4.0,0.0,0.0,0.0,1.0,0.0,1773.0,33.0
FR,France,2020-03-11,-6.0,2.0,17.0,-5.0,0.0,1.0,43.98,3.0,0.0,2.0,4.0,0.0,0.0,0.0,1.0,0.0,2281.0,48.0
FR,France,2020-03-12,-8.0,5.0,5.0,-7.0,-1.0,1.0,43.98,3.0,0.0,2.0,4.0,0.0,0.0,0.0,1.0,0.0,2281.0,48.0
FR,France,2020-03-13,-8.0,17.0,4.0,-8.0,-2.0,3.0,43.98,3.0,0.0,2.0,4.0,0.0,0.0,0.0,1.0,0.0,3661.0,79.0
FR,France,2020-03-14,-21.0,1.0,-1.0,-16.0,-5.0,5.0,49.54,3.0,0.0,2.0,4.0,0.0,0.0,1.0,1.0,0.0,4469.0,91.0
FR,France,2020-03-15,-38.0,23.0,15.0,-21.0,-9.0,3.0,49.54,3.0,0.0,2.0,4.0,0.0,0.0,1.0,1.0,0.0,4499.0,91.0
FR,France,2020-03-16,-43.0,46.0,-15.0,-39.0,-36.0,13.0,56.94,3.0,0.0,2.0,4.0,1.0,0.0,1.0,1.0,2.0,6633.0,148.0
FR,France,2020-03-17,-68.0,-15.0,-40.0,-61.0,-55.0,24.0,87.96,3.0,3.0,2.0,4.0,1.0,2.0,2.0,3.0,2.0,7652.0,148.0
FR,France,2020-03-18,-83.0,-45.0,-53.0,-76.0,-67.0,29.0,87.96,3.0,3.0,2.0,4.0,1.0,2.0,2.0,3.0,2.0,9043.0,148.0
FR,France,2020-03-19,-82.0,-41.0,-56.0,-78.0,-71.0,32.0,87.96,3.0,3.0,2.0,4.0,1.0,2.0,2.0,3.0,2.0,10871.0,243.0
FR,France,2020-03-20,-83.0,-42.0,-66.0,-80.0,-71.0,36.0,87.96,3.0,3.0,2.0,4.0,1.0,2.0,2.0,3.0,2.0,12612.0,450.0
FR,France,2020-03-21,-88.0,-54.0,-78.0,-82.0,-58.0,24.0,87.96,3.0,3.0,2.0,4.0,1.0,2.0,2.0,3.0,2.0,14282.0,562.0
FR,France,2020-03-22,-86.0,-64.0,-80.0,-84.0,-55.0,18.0,87.96,3.0,3.0,2.0,4.0,1.0,2.0,2.0,3.0,2.0,16533.0,674.0
FR,France,2020-03-23,-81.0,-41.0,-64.0,-82.0,-73.0,32.0,87.96,3.0,3.0,2.0,4.0,1.0,2.0,2.0,3.0,2.0,19856.0,860.0
FR,France,2020-03-24,-83.0,-45.0,-65.0,-82.0,-74.0,34.0,87.96,3.0,3.0,2.0,4.0,1.0,2.0,2.0,3.0,2.0,22054.0,1100.0
FR,France,2020-03-25,-84.0,-48.0,-67.0,-83.0,-73.0,32.0,87.96,3.0,3.0,2.0,4.0,1.0,2.0,2.0,3.0,2.0,24967.0,1331.0
FR,France,2020-03-26,-84.0,-46.0,-67.0,-83.0,-74.0,34.0,87.96,3.0,3.0,2.0,4.0,1.0,2.0,2.0,3.0,2.0,28856.0,1695.0
FR,France,2020-03-27,-84.0,-46.0,-68.0,-84.0,-73.0,37.0,87.96,3.0,3.0,2.0,4.0,1.0,2.0,2.0,3.0,2.0,32609.0,1994.0
FR,France,2020-03-28,-87.0,-56.0,-76.0,-83.0,-59.0,25.0,87.96,3.0,3.0,2.0,4.0,1.0,2.0,2.0,3.0,2.0,,2311.0
FR,France,2020-03-29,-88.0,-72.0,-82.0,-87.0,-56.0,18.0,87.96,3.0,3.0,2.0,4.0,1.0,2.0,2.0,3.0,2.0,,2603.0
FR,France,2020-03-30,-84.0,-47.0,-66.0,-83.0,-74.0,33.0,87.96,3.0,3.0,2.0,4.0,1.0,2.0,2.0,3.0,2.0,,3020.0
FR,France,2020-03-31,-90.0,-38.0,-61.0,-82.0,-74.0,33.0,87.96,3.0,3.0,2.0,4.0,1.0,2.0,2.0,3.0,2.0,,3517.0
FR,France,2020-04-01,-90.0,-39.0,-62.0,-81.0,-71.0,31.0,87.96,3.0,3.0,2.0,4.0,1.0,2.0,2.0,3.0,2.0,,4767.0
FR,France,2020-04-02,-90.0,-36.0,-62.0,-82.0,-73.0,33.0,87.96,3.0,3.0,2.0,4.0,1.0,2.0,2.0,3.0,2.0,,5376.0
FR,France,2020-04-03,-86.0,-38.0,-66.0,-82.0,-72.0,37.0,87.96,3.0,3.0,2.0,4.0,1.0,2.0,2.0,3.0,2.0,,6496.0
FR,France,2020-04-04,-88.0,-45.0,-73.0,-80.0,-57.0,24.0,87.96,3.0,3.0,2.0,4.0,1.0,2.0,2.0,3.0,2.0,,7548.0
FR,France,2020-04-05,-85.0,-62.0,-73.0,-82.0,-53.0,17.0,87.96,3.0,3.0,2.0,4.0,1.0,2.0,2.0,3.0,2.0,,8066.0
FR,France,2020-04-06,-83.0,-37.0,-61.0,-81.0,-72.0,31.0,87.96,3.0,3.0,2.0,4.0,1.0,2.0,2.0,3.0,2.0,,8899.0
FR,France,2020-04-07,-82.0,-35.0,-61.0,-80.0,-72.0,32.0,87.96,3.0,3.0,2.0,4.0,1.0,2.0,2.0,3.0,2.0,,10315.0
FR,France,2020-04-08,-84.0,-37.0,-63.0,-80.0,-70.0,30.0,87.96,3.0,3.0,2.0,4.0,1.0,2.0,2.0,3.0,2.0,,10856.0
FR,France,2020-04-09,-83.0,-32.0,-61.0,-80.0,-71.0,32.0,87.96,3.0,3.0,2.0,4.0,1.0,2.0,2.0,3.0,2.0,,12196.0
FR,France,2020-04-10,-83.0,-34.0,-64.0,-81.0,-71.0,36.0,87.96,3.0,3.0,2.0,4.0,1.0,2.0,2.0,3.0,2.0,,13181.0
FR,France,2020-04-11,-86.0,-39.0,-74.0,-79.0,-55.0,23.0,87.96,3.0,3.0,2.0,4.0,1.0,2.0,2.0,3.0,2.0,,13816.0
FR,France,2020-04-12,-83.0,-58.0,-76.0,-82.0,-50.0,17.0,87.96,3.0,3.0,2.0,4.0,1.0,2.0,2.0,3.0,2.0,,14377.0
FR,France,2020-04-13,-91.0,-80.0,-68.0,-88.0,-89.0,38.0,87.96,3.0,3.0,2.0,4.0,1.0,2.0,2.0,3.0,2.0,,14950.0
FR,France,2020-04-14,-79.0,-22.0,-59.0,-78.0,-70.0,31.0,87.96,3.0,3.0,2.0,4.0,1.0,2.0,2.0,3.0,2.0,,15693.0
FR,France,2020-04-15,-82.0,-32.0,-59.0,-78.0,-68.0,29.0,87.96,3.0,3.0,2.0,4.0,1.0,2.0,2.0,3.0,2.0,,17129.0
FR,France,2020-04-16,-81.0,-31.0,-58.0,-78.0,-69.0,31.0,87.96,3.0,3.0,2.0,4.0,1.0,2.0,2.0,3.0,2.0,,17882.0
FR,France,2020-04-17,-81.0,-33.0,-62.0,-79.0,-68.0,35.0,87.96,3.0,3.0,2.0,4.0,1.0,2.0,2.0,3.0,2.0,,18642.0
FR,France,2020-04-18,-86.0,-46.0,-73.0,-78.0,-52.0,23.0,87.96,3.0,3.0,2.0,4.0,1.0,2.0,2.0,3.0,2.0,,19283.0
FR,France,2020-04-19,-85.0,-65.0,-77.0,-81.0,-49.0,17.0,87.96,3.0,3.0,2.0,4.0,1.0,2.0,2.0,3.0,2.0,,19668.0
FR,France,2020-04-20,-79.0,-40.0,-61.0,-78.0,-68.0,30.0,87.96,3.0,3.0,2.0,4.0,1.0,2.0,2.0,3.0,2.0,,20214.0
FR,France,2020-04-21,-79.0,-37.0,-59.0,-77.0,-68.0,31.0,87.96,3.0,3.0,2.0,4.0,1.0,2.0,2.0,3.0,2.0,,20736.0
FR,France,2020-04-22,-81.0,-38.0,-58.0,-76.0,-65.0,28.0,87.96,3.0,3.0,2.0,4.0,1.0,2.0,2.0,3.0,2.0,,21280.0
FR,France,2020-04-23,-79.0,-34.0,-55.0,-76.0,-67.0,30.0,87.96,3.0,3.0,2.0,4.0,1.0,2.0,2.0,3.0,2.0,,21796.0
FR,France,2020-04-24,-79.0,-35.0,-58.0,-77.0,-66.0,33.0,87.96,3.0,3.0,2.0,4.0,1.0,2.0,2.0,3.0,2.0,,22185.0
FR,France,2020-04-25,-84.0,-43.0,-70.0,-76.0,-49.0,22.0,87.96,3.0,3.0,2.0,4.0,1.0,2.0,2.0,3.0,2.0,,22554.0
FR,France,2020-04-26,-83.0,-58.0,-68.0,-77.0,-43.0,16.0,87.96,3.0,3.0,2.0,4.0,1.0,2.0,2.0,3.0,2.0,,22796.0
FR,France,2020-04-27,-76.0,-36.0,-56.0,-76.0,-65.0,28.0,87.96,3.0,3.0,2.0,4.0,1.0,2.0,2.0,3.0,2.0,,23233.0
FR,France,2020-04-28,-77.0,-34.0,-60.0,-76.0,-65.0,28.0,87.96,3.0,3.0,2.0,4.0,1.0,2.0,2.0,3.0,2.0,,23600.0
FR,France,2020-04-29,-77.0,-32.0,-59.0,-75.0,-62.0,27.0,87.96,3.0,3.0,2.0,4.0,1.0,2.0,2.0,3.0,2.0,,24026.0
FR,France,2020-04-30,-73.0,-16.0,-61.0,-75.0,-64.0,28.0,87.96,3.0,3.0,2.0,4.0,1.0,2.0,2.0,3.0,2.0,,24315.0
FR,France,2020-05-01,-91.0,-87.0,-71.0,-87.0,-88.0,42.0,87.96,3.0,3.0,2.0,4.0,1.0,2.0,2.0,3.0,2.0,,24532.0
FR,France,2020-05-02,-78.0,-26.0,-72.0,-73.0,-46.0,21.0,87.96,3.0,3.0,2.0,4.0,1.0,2.0,2.0,3.0,2.0,,24729.0
FR,France,2020-05-03,-81.0,-56.0,-67.0,-76.0,-39.0,16.0,87.96,3.0,3.0,2.0,4.0,1.0,2.0,2.0,3.0,2.0,,24862.0
FR,France,2020-05-04,-70.0,-24.0,-49.0,-72.0,-60.0,26.0,87.96,3.0,3.0,2.0,4.0,1.0,2.0,2.0,3.0,2.0,,25168.0
FR,France,2020-05-05,-70.0,-23.0,-52.0,-71.0,-60.0,27.0,87.96,3.0,3.0,2.0,4.0,1.0,2.0,2.0,3.0,2.0,,25498.0
FR,France,2020-05-06,-72.0,-23.0,-49.0,-69.0,-57.0,24.0,87.96,3.0,3.0,2.0,4.0,1.0,2.0,2.0,3.0,2.0,,25772.0
FR,France,2020-05-07,-69.0,-12.0,-48.0,-70.0,-58.0,25.0,87.96,3.0,3.0,2.0,4.0,1.0,2.0,2.0,3.0,2.0,,25950.0
FR,France,2020-05-08,-83.0,-58.0,-57.0,-80.0,-82.0,38.0,87.96,3.0,3.0,2.0,4.0,1.0,2.0,2.0,3.0,2.0,,26192.0
FR,France,2020-05-09,-76.0,-27.0,-66.0,-70.0,-39.0,19.0,87.96,3.0,3.0,2.0,4.0,1.0,2.0,2.0,3.0,2.0,,26271.0
FR,France,2020-05-10,-79.0,-50.0,-72.0,-74.0,-33.0,15.0,87.96,3.0,3.0,2.0,4.0,1.0,2.0,2.0,3.0,2.0,,26341.0
FR,France,2020-05-11,-46.0,-10.0,-34.0,-56.0,-48.0,19.0,76.85,2.0,2.0,2.0,4.0,1.0,1.0,2.0,3.0,2.0,,26604.0
FR,France,2020-05-12,-45.0,-5.0,-15.0,-51.0,-47.0,18.0,76.85,2.0,2.0,2.0,4.0,1.0,1.0,2.0,3.0,2.0,,26951.0
FR,France,2020-05-13,-51.0,-10.0,-31.0,-53.0,-45.0,17.0,76.85,2.0,2.0,2.0,4.0,1.0,1.0,2.0,3.0,2.0,,27034.0
FR,France,2020-05-14,-49.0,-7.0,-23.0,-53.0,-46.0,17.0,76.85,2.0,2.0,2.0,4.0,1.0,1.0,2.0,3.0,2.0,,27383.0
FR,France,2020-05-15,-48.0,-8.0,-17.0,-52.0,-45.0,19.0,76.85,2.0,2.0,2.0,4.0,1.0,1.0,2.0,3.0,2.0,,27485.0
FR,France,2020-05-16,-51.0,-12.0,-13.0,-43.0,-20.0,9.0,76.85,2.0,2.0,2.0,4.0,1.0,1.0,2.0,3.0,2.0,,27581.0
FR,France,2020-05-17,-55.0,-17.0,8.0,-48.0,-10.0,5.0,76.85,2.0,2.0,2.0,4.0,1.0,1.0,2.0,3.0,2.0,,28064.0
FR,France,2020-05-18,-39.0,-6.0,8.0,-48.0,-44.0,16.0,76.85,2.0,2.0,2.0,4.0,1.0,1.0,2.0,3.0,2.0,,28193.0
FR,France,2020-05-19,-40.0,-2.0,11.0,-47.0,-43.0,16.0,76.85,2.0,2.0,2.0,4.0,1.0,1.0,2.0,3.0,2.0,,27976.0
FR,France,2020-05-20,-36.0,9.0,20.0,-45.0,-42.0,12.0,76.85,2.0,2.0,2.0,4.0,1.0,1.0,2.0,3.0,2.0,,28085.0
FR,France,2020-05-21,-56.0,-36.0,66.0,-61.0,-78.0,22.0,76.85,2.0,2.0,2.0,4.0,1.0,1.0,2.0,3.0,2.0,,28167.0
FR,France,2020-05-22,-39.0,1.0,12.0,-54.0,-57.0,20.0,76.85,2.0,2.0,2.0,4.0,1.0,1.0,2.0,3.0,2.0,,28315.0
FR,France,2020-05-23,-48.0,-14.0,-17.0,-47.0,-17.0,10.0,76.85,2.0,2.0,2.0,4.0,1.0,1.0,2.0,3.0,2.0,,28401.0
FR,France,2020-05-24,-49.0,-17.0,21.0,-43.0,-3.0,3.0,76.85,2.0,2.0,2.0,4.0,1.0,1.0,2.0,3.0,2.0,,28319.0
FR,France,2020-05-25,-34.0,-8.0,17.0,-46.0,-42.0,15.0,76.85,2.0,2.0,2.0,4.0,1.0,1.0,2.0,3.0,2.0,,28408.0
FR,France,2020-05-26,-35.0,-4.0,22.0,-44.0,-39.0,15.0,75.0,2.0,2.0,2.0,4.0,1.0,1.0,2.0,3.0,2.0,,28545.0
FR,France,2020-05-27,-38.0,-4.0,21.0,-43.0,-37.0,13.0,75.0,2.0,2.0,2.0,4.0,1.0,1.0,2.0,3.0,2.0,,28546.0
FR,France,2020-05-28,-38.0,-1.0,19.0,-44.0,-39.0,14.0,75.0,2.0,2.0,2.0,4.0,1.0,1.0,2.0,3.0,2.0,,28612.0
FR,France,2020-05-29,-37.0,0.0,14.0,-43.0,-38.0,15.0,75.0,2.0,2.0,2.0,4.0,1.0,1.0,2.0,3.0,2.0,,28663.0
FR,France,2020-05-30,-39.0,-2.0,23.0,-34.0,-5.0,5.0,75.0,2.0,2.0,2.0,4.0,1.0,1.0,2.0,3.0,2.0,,28720.0
FR,France,2020-05-31,-40.0,5.0,53.0,-38.0,7.0,2.0,75.0,2.0,2.0,2.0,4.0,1.0,1.0,2.0,3.0,2.0,,28751.0
FR,France,2020-06-01,-43.0,-36.0,78.0,-55.0,-72.0,20.0,75.0,2.0,2.0,2.0,4.0,1.0,1.0,2.0,3.0,2.0,,28780.0
FR,France,2020-06-02,-23.0,5.0,31.0,-34.0,-33.0,11.0,72.22,2.0,2.0,2.0,4.0,1.0,1.0,2.0,3.0,2.0,,28886.0
FR,France,2020-06-03,-29.0,0.0,9.0,-36.0,-32.0,11.0,72.22,2.0,2.0,2.0,4.0,1.0,1.0,2.0,3.0,2.0,,28967.0
FR,France,2020-06-04,-30.0,-1.0,-16.0,-40.0,-34.0,13.0,72.22,2.0,2.0,2.0,4.0,1.0,1.0,2.0,3.0,2.0,,29011.0
FR,France,2020-06-05,-26.0,-1.0,-7.0,-37.0,-33.0,13.0,72.22,2.0,2.0,2.0,4.0,1.0,1.0,2.0,3.0,2.0,,29056.0
FR,France,2020-06-06,-24.0,0.0,5.0,-27.0,-2.0,4.0,72.22,2.0,2.0,2.0,4.0,1.0,1.0,2.0,3.0,2.0,,29087.0
FR,France,2020-06-07,-23.0,2.0,3.0,-32.0,18.0,0.0,72.22,2.0,2.0,2.0,4.0,1.0,1.0,2.0,3.0,2.0,,29100.0
FR,France,2020-06-08,-21.0,-6.0,12.0,-36.0,-34.0,11.0,72.22,2.0,2.0,2.0,4.0,1.0,1.0,2.0,3.0,2.0,,29154.0
FR,France,2020-06-09,-22.0,-5.0,12.0,-35.0,-32.0,11.0,72.22,2.0,2.0,2.0,4.0,1.0,1.0,2.0,3.0,2.0,,29239.0
FR,France,2020-06-10,-25.0,-5.0,12.0,-34.0,-31.0,10.0,72.22,2.0,2.0,2.0,4.0,1.0,1.0,2.0,3.0,2.0,,29260.0
FR,France,2020-06-11,-25.0,-3.0,9.0,-35.0,-32.0,11.0,72.22,2.0,2.0,2.0,4.0,1.0,1.0,2.0,3.0,2.0,,29287.0
FR,France,2020-06-12,-25.0,-6.0,8.0,-34.0,-32.0,12.0,72.22,2.0,2.0,2.0,4.0,1.0,1.0,2.0,3.0,2.0,,29315.0
FR,France,2020-06-13,-27.0,-7.0,16.0,-25.0,1.0,4.0,72.22,2.0,2.0,2.0,4.0,1.0,1.0,2.0,3.0,2.0,,29339.0
FR,France,2020-06-14,-25.0,-3.0,41.0,-26.0,14.0,1.0,72.22,2.0,2.0,2.0,4.0,1.0,1.0,2.0,3.0,2.0,,29347.0
FR,France,2020-06-15,-18.0,-5.0,38.0,-32.0,-31.0,10.0,72.22,2.0,2.0,2.0,4.0,1.0,1.0,2.0,3.0,2.0,,29375.0
FR,France,2020-06-16,-17.0,-3.0,36.0,-28.0,-30.0,10.0,72.22,2.0,2.0,2.0,4.0,1.0,1.0,2.0,3.0,2.0,,29487.0
FR,France,2020-06-17,-22.0,-4.0,25.0,-30.0,-29.0,9.0,72.22,2.0,2.0,2.0,4.0,1.0,1.0,2.0,3.0,2.0,,29512.0
FR,France,2020-06-18,-19.0,-3.0,33.0,-30.0,-30.0,9.0,72.22,2.0,2.0,2.0,4.0,1.0,1.0,2.0,3.0,2.0,,29540.0
FR,France,2020-06-19,-17.0,-4.0,44.0,-27.0,-30.0,9.0,72.22,2.0,2.0,2.0,4.0,1.0,1.0,2.0,3.0,2.0,,29554.0
FR,France,2020-06-20,-21.0,-5.0,62.0,-18.0,3.0,1.0,72.22,2.0,2.0,2.0,4.0,1.0,1.0,2.0,3.0,2.0,,29570.0
FR,France,2020-06-21,-11.0,4.0,58.0,-18.0,20.0,-2.0,72.22,2.0,2.0,2.0,4.0,1.0,1.0,2.0,3.0,2.0,,29575.0
FR,France,2020-06-22,-13.0,-3.0,74.0,-26.0,-32.0,7.0,51.85,1.0,1.0,2.0,4.0,0.0,0.0,1.0,3.0,2.0,,29597.0
FR,France,2020-06-23,-12.0,0.0,85.0,-24.0,-30.0,7.0,51.85,1.0,1.0,2.0,4.0,0.0,0.0,1.0,3.0,2.0,,29651.0
FR,France,2020-06-24,-18.0,-3.0,83.0,-26.0,-27.0,6.0,51.85,1.0,1.0,2.0,4.0,0.0,0.0,1.0,3.0,2.0,,29662.0
FR,France,2020-06-25,-18.0,0.0,72.0,-25.0,-27.0,6.0,51.85,1.0,1.0,2.0,4.0,0.0,0.0,1.0,3.0,2.0,,29679.0
FR,France,2020-06-26,-17.0,-2.0,55.0,-23.0,-28.0,7.0,51.85,1.0,1.0,2.0,4.0,0.0,0.0,1.0,3.0,2.0,,29704.0
FR,France,2020-06-27,-21.0,-6.0,55.0,-16.0,-2.0,1.0,51.85,1.0,1.0,2.0,4.0,0.0,0.0,1.0,3.0,2.0,,29704.0
FR,France,2020-06-28,-13.0,5.0,57.0,-15.0,15.0,-1.0,51.85,1.0,1.0,2.0,4.0,0.0,0.0,1.0,3.0,2.0,,29704.0
FR,France,2020-06-29,-9.0,0.0,66.0,-25.0,-28.0,7.0,51.85,1.0,1.0,2.0,4.0,0.0,0.0,1.0,3.0,2.0,,29736.0
FR,France,2020-06-30,-7.0,2.0,71.0,-22.0,-26.0,6.0,51.85,1.0,1.0,2.0,4.0,0.0,0.0,1.0,3.0,2.0,,29763.0
FR,France,2020-07-01,-13.0,0.0,54.0,-23.0,-26.0,5.0,51.85,1.0,1.0,2.0,4.0,0.0,0.0,1.0,3.0,2.0,,29781.0
FR,France,2020-07-02,-9.0,6.0,59.0,-21.0,-27.0,6.0,51.85,1.0,1.0,2.0,4.0,0.0,0.0,1.0,3.0,2.0,,29794.0
FR,France,2020-07-03,-10.0,0.0,68.0,-18.0,-26.0,6.0,51.85,1.0,1.0,2.0,4.0,0.0,0.0,1.0,3.0,2.0,,29812.0
FR,France,2020-07-04,-18.0,-5.0,69.0,-7.0,-2.0,0.0,51.85,1.0,1.0,2.0,4.0,0.0,0.0,1.0,3.0,2.0,,29812.0
FR,France,2020-07-05,-8.0,9.0,82.0,-8.0,9.0,-2.0,51.85,1.0,1.0,2.0,4.0,0.0,0.0,1.0,3.0,2.0,,29812.0
FR,France,2020-07-06,-2.0,6.0,111.0,-20.0,-33.0,6.0,51.85,1.0,1.0,2.0,4.0,0.0,0.0,1.0,3.0,2.0,,29838.0
FR,France,2020-07-07,0.0,6.0,129.0,-17.0,-32.0,5.0,51.85,1.0,1.0,2.0,4.0,0.0,0.0,1.0,3.0,2.0,,29847.0
FR,France,2020-07-08,-9.0,1.0,114.0,-18.0,-27.0,4.0,51.85,1.0,1.0,2.0,4.0,0.0,0.0,1.0,3.0,2.0,,29877.0
FR,France,2020-07-09,-9.0,4.0,116.0,-18.0,-31.0,5.0,51.85,1.0,1.0,2.0,4.0,0.0,0.0,1.0,3.0,2.0,,29890.0
FR,France,2020-07-10,-11.0,0.0,98.0,-14.0,-32.0,5.0,51.85,1.0,1.0,2.0,4.0,0.0,0.0,1.0,3.0,2.0,,29914.0
FR,France,2020-07-11,-18.0,-3.0,119.0,2.0,-4.0,-3.0,46.3,1.0,1.0,1.0,4.0,0.0,0.0,1.0,3.0,2.0,,29914.0
FR,France,2020-07-12,3.0,21.0,153.0,-4.0,9.0,-4.0,46.3,1.0,1.0,1.0,4.0,0.0,0.0,1.0,3.0,2.0,,29914.0
FR,France,2020-07-13,11.0,23.0,245.0,-24.0,-53.0,7.0,46.3,1.0,1.0,1.0,4.0,0.0,0.0,1.0,3.0,2.0,,29934.0
FR,France,2020-07-14,-29.0,-39.0,208.0,-39.0,-76.0,16.0,46.3,1.0,1.0,1.0,4.0,0.0,0.0,1.0,3.0,2.0,,29934.0
FR,France,2020-07-15,-3.0,13.0,117.0,-17.0,-30.0,3.0,46.3,1.0,1.0,1.0,4.0,0.0,0.0,1.0,3.0,2.0,,30020.0
FR,France,2020-07-16,-4.0,8.0,125.0,-20.0,-33.0,6.0,46.3,1.0,1.0,1.0,4.0,0.0,0.0,1.0,3.0,2.0,,30036.0
FR,France,2020-07-17,-9.0,0.0,122.0,-17.0,-33.0,6.0,46.3,1.0,1.0,1.0,4.0,0.0,0.0,1.0,3.0,2.0,,30049.0
FR,France,2020-07-18,-18.0,-5.0,123.0,0.0,-2.0,-2.0,46.3,1.0,1.0,1.0,4.0,0.0,0.0,1.0,3.0,2.0,,30049.0
FR,France,2020-07-19,0.0,16.0,133.0,-1.0,12.0,-4.0,46.3,1.0,1.0,1.0,4.0,0.0,0.0,1.0,3.0,2.0,,30049.0
FR,France,2020-07-20,0.0,9.0,177.0,-19.0,-36.0,6.0,46.3,1.0,1.0,1.0,4.0,0.0,0.0,1.0,3.0,2.0,,30071.0
FR,France,2020-07-21,-1.0,5.0,177.0,-20.0,-36.0,6.0,46.3,1.0,1.0,1.0,4.0,0.0,0.0,1.0,3.0,2.0,,30057.0
FR,France,2020-07-22,-9.0,1.0,155.0,-20.0,-30.0,4.0,46.3,1.0,1.0,1.0,4.0,0.0,0.0,1.0,3.0,2.0,,30063.0
FR,France,2020-07-23,-8.0,4.0,157.0,-20.0,-33.0,5.0,46.3,1.0,1.0,1.0,4.0,0.0,0.0,1.0,3.0,2.0,,30073.0
FR,France,2020-07-24,-11.0,-1.0,132.0,-17.0,-33.0,7.0,46.3,1.0,1.0,1.0,4.0,0.0,0.0,1.0,3.0,2.0,,30082.0
FR,France,2020-07-25,-19.0,-6.0,112.0,-1.0,-6.0,-1.0,46.3,1.0,1.0,1.0,4.0,0.0,0.0,1.0,3.0,2.0,,30082.0
FR,France,2020-07-26,-1.0,15.0,129.0,-2.0,10.0,-3.0,46.3,1.0,1.0,1.0,4.0,0.0,0.0,1.0,3.0,2.0,,30082.0
FR,France,2020-07-27,-1.0,8.0,184.0,-21.0,-39.0,7.0,46.3,1.0,1.0,1.0,4.0,0.0,0.0,1.0,3.0,2.0,,30098.0
FR,France,2020-07-28,0.0,7.0,179.0,-21.0,-37.0,7.0,46.3,1.0,1.0,1.0,4.0,0.0,0.0,1.0,3.0,2.0,,30110.0
FR,France,2020-07-29,-7.0,4.0,174.0,-19.0,-34.0,4.0,46.3,1.0,1.0,1.0,4.0,0.0,0.0,1.0,3.0,2.0,,30123.0
FR,France,2020-07-30,-8.0,7.0,170.0,-20.0,-38.0,6.0,46.3,1.0,1.0,1.0,4.0,0.0,0.0,1.0,3.0,2.0,,30139.0
FR,France,2020-07-31,-15.0,-3.0,139.0,-19.0,-40.0,7.0,46.3,1.0,1.0,1.0,4.0,0.0,0.0,1.0,3.0,2.0,,30150.0
FR,France,2020-08-01,-21.0,-5.0,122.0,2.0,-10.0,-1.0,46.3,1.0,1.0,1.0,4.0,0.0,0.0,1.0,3.0,2.0,,30150.0
FR,France,2020-08-02,1.0,21.0,136.0,3.0,6.0,-3.0,46.3,1.0,1.0,1.0,4.0,0.0,0.0,1.0,3.0,2.0,,30150.0
FR,France,2020-08-03,7.0,15.0,204.0,-21.0,-47.0,8.0,46.3,1.0,1.0,1.0,4.0,0.0,0.0,1.0,3.0,2.0,,30179.0
FR,France,2020-08-04,5.0,11.0,230.0,-21.0,-46.0,7.0,46.3,1.0,1.0,1.0,4.0,0.0,0.0,1.0,3.0,2.0,,30180.0
FR,France,2020-08-05,-3.0,7.0,219.0,-21.0,-43.0,5.0,46.3,1.0,1.0,1.0,4.0,0.0,0.0,1.0,3.0,2.0,,30188.0
FR,France,2020-08-06,-4.0,9.0,222.0,-22.0,-47.0,6.0,46.3,1.0,1.0,1.0,4.0,0.0,0.0,1.0,3.0,2.0,,30192.0
FR,France,2020-08-07,-13.0,-1.0,185.0,-20.0,-47.0,8.0,46.3,1.0,1.0,1.0,4.0,0.0,0.0,1.0,3.0,2.0,,30204.0
FR,France,2020-08-08,-22.0,-7.0,155.0,2.0,-14.0,-2.0,46.3,1.0,1.0,1.0,4.0,0.0,0.0,1.0,3.0,2.0,,30204.0
FR,France,2020-08-09,1.0,24.0,158.0,0.0,2.0,-3.0,46.3,1.0,1.0,1.0,4.0,0.0,0.0,1.0,3.0,2.0,,30204.0
FR,France,2020-08-10,4.0,15.0,245.0,-23.0,-53.0,8.0,46.3,1.0,1.0,1.0,4.0,0.0,0.0,1.0,3.0,2.0,,30218.0
FR,France,2020-08-11,0.0,8.0,248.0,-26.0,-52.0,9.0,46.3,1.0,1.0,1.0,4.0,0.0,0.0,1.0,3.0,2.0,,30231.0
FR,France,2020-08-12,-9.0,5.0,205.0,-26.0,-49.0,7.0,46.3,1.0,1.0,1.0,4.0,0.0,0.0,1.0,3.0,2.0,,30248.0
FR,France,2020-08-13,-6.0,8.0,196.0,-25.0,-51.0,9.0,46.3,1.0,1.0,1.0,4.0,0.0,0.0,1.0,3.0,2.0,,30264.0
FR,France,2020-08-14,-11.0,1.0,182.0,-21.0,-51.0,9.0,48.15,1.0,2.0,1.0,4.0,0.0,0.0,1.0,3.0,2.0,,30281.0
FR,France,2020-08-15,-30.0,-24.0,157.0,-3.0,-27.0,0.0,48.15,1.0,2.0,1.0,4.0,0.0,0.0,1.0,3.0,2.0,,30282.0
FR,France,2020-08-16,0.0,20.0,129.0,0.0,2.0,-3.0,48.15,1.0,2.0,1.0,4.0,0.0,0.0,1.0,3.0,2.0,,30283.0
FR,France,2020-08-17,3.0,16.0,214.0,-22.0,-51.0,8.0,48.15,1.0,2.0,1.0,4.0,0.0,0.0,1.0,3.0,2.0,,30302.0
FR,France,2020-08-18,1.0,10.0,219.0,-24.0,-48.0,8.0,48.15,1.0,2.0,1.0,4.0,0.0,0.0,1.0,3.0,2.0,,30323.0
FR,France,2020-08-19,-9.0,4.0,180.0,-25.0,-45.0,7.0,48.15,1.0,2.0,1.0,4.0,0.0,0.0,1.0,3.0,2.0,,30340.0
FR,France,2020-08-20,-9.0,4.0,202.0,-25.0,-48.0,7.0,48.15,1.0,2.0,1.0,4.0,0.0,0.0,1.0,3.0,2.0,,30351.0
FR,France,2020-08-21,-14.0,-3.0,158.0,-22.0,-47.0,9.0,48.15,1.0,2.0,1.0,4.0,0.0,0.0,1.0,3.0,2.0,,30374.0
FR,France,2020-08-22,-22.0,-10.0,116.0,-1.0,-13.0,-1.0,48.15,1.0,2.0,1.0,4.0,0.0,0.0,1.0,3.0,2.0,,30382.0
FR,France,2020-08-23,-2.0,14.0,112.0,0.0,6.0,-3.0,48.15,1.0,2.0,1.0,4.0,0.0,0.0,1.0,3.0,2.0,,30382.0
FR,France,2020-08-24,-2.0,7.0,161.0,-22.0,-41.0,7.0,48.15,1.0,2.0,1.0,4.0,0.0,0.0,1.0,3.0,2.0,,30397.0
FR,France,2020-08-25,-3.0,4.0,154.0,-22.0,-40.0,7.0,48.15,1.0,2.0,1.0,4.0,0.0,0.0,1.0,3.0,2.0,,30416.0
FR,France,2020-08-26,-9.0,0.0,141.0,-21.0,-35.0,5.0,48.15,1.0,2.0,1.0,4.0,0.0,0.0,1.0,3.0,2.0,,30416.0
FR,France,2020-08-27,-8.0,3.0,130.0,-21.0,-38.0,6.0,48.15,1.0,2.0,1.0,4.0,0.0,0.0,1.0,3.0,2.0,,30448.0
FR,France,2020-08-28,-12.0,-3.0,74.0,-20.0,-38.0,8.0,48.15,1.0,2.0,1.0,4.0,0.0,0.0,1.0,3.0,2.0,,30465.0
FR,France,2020-08-29,-18.0,-7.0,44.0,-7.0,-12.0,1.0,48.15,1.0,2.0,1.0,4.0,0.0,0.0,1.0,3.0,2.0,,30471.0
FR,France,2020-08-30,-8.0,4.0,43.0,-7.0,2.0,0.0,48.15,1.0,2.0,1.0,4.0,0.0,0.0,1.0,3.0,2.0,,30474.0
FR,France,2020-08-31,0.0,7.0,81.0,-18.0,-34.0,6.0,48.15,1.0,2.0,1.0,4.0,0.0,0.0,1.0,3.0,2.0,,30501.0
FR,France,2020-09-01,-3.0,7.0,81.0,-15.0,-33.0,5.0,46.76,1.0,2.0,1.0,4.0,0.0,0.0,1.0,3.0,2.0,,30525.0
FR,France,2020-09-02,-10.0,4.0,82.0,-15.0,-29.0,4.0,46.76,1.0,2.0,1.0,4.0,0.0,0.0,1.0,3.0,2.0,,30547.0
FR,France,2020-09-03,-11.0,2.0,79.0,-13.0,-30.0,3.0,48.61,2.0,2.0,1.0,4.0,0.0,0.0,1.0,3.0,2.0,,30564.0
FR,France,2020-09-04,-10.0,-1.0,80.0,-9.0,-29.0,3.0,48.61,2.0,2.0,1.0,4.0,0.0,0.0,1.0,3.0,2.0,,30542.0
FR,France,2020-09-05,-13.0,-3.0,75.0,-6.0,-9.0,-1.0,48.61,2.0,2.0,1.0,4.0,0.0,0.0,1.0,3.0,2.0,,30553.0
FR,France,2020-09-06,-2.0,11.0,74.0,-5.0,2.0,-1.0,48.61,2.0,2.0,1.0,4.0,0.0,0.0,1.0,3.0,2.0,,30555.0
FR,France,2020-09-07,-5.0,4.0,85.0,-10.0,-31.0,2.0,48.61,2.0,2.0,1.0,4.0,0.0,0.0,1.0,3.0,2.0,,30578.0
FR,France,2020-09-08,-7.0,1.0,89.0,-9.0,-30.0,2.0,48.61,2.0,2.0,1.0,4.0,0.0,0.0,1.0,3.0,2.0,,30616.0
FR,France,2020-09-09,-12.0,-1.0,81.0,-12.0,-27.0,3.0,48.61,2.0,2.0,1.0,4.0,0.0,0.0,1.0,3.0,2.0,,30643.0
FR,France,2020-09-10,-12.0,0.0,82.0,-10.0,-28.0,1.0,48.61,2.0,2.0,1.0,4.0,0.0,0.0,1.0,3.0,2.0,,30661.0
FR,France,2020-09-11,-12.0,-4.0,82.0,-6.0,-28.0,1.0,48.61,2.0,2.0,1.0,4.0,0.0,0.0,1.0,3.0,2.0,,30740.0
FR,France,2020-09-12,-15.0,-6.0,86.0,-4.0,-9.0,-2.0,48.61,2.0,2.0,1.0,4.0,0.0,0.0,1.0,3.0,2.0,,30757.0
FR,France,2020-09-13,-2.0,10.0,101.0,-1.0,2.0,-4.0,48.61,2.0,2.0,1.0,4.0,0.0,0.0,1.0,3.0,2.0,,30761.0
FR,France,2020-09-14,-10.0,0.0,93.0,-11.0,-23.0,1.0,48.61,2.0,2.0,1.0,4.0,0.0,0.0,1.0,3.0,2.0,,30795.0
FR,France,2020-09-15,-10.0,-1.0,85.0,-10.0,-22.0,2.0,48.61,2.0,2.0,1.0,4.0,0.0,0.0,1.0,3.0,2.0,,30844.0
FR,France,2020-09-16,-15.0,-4.0,78.0,-11.0,-22.0,2.0,48.61,2.0,2.0,1.0,4.0,0.0,0.0,1.0,3.0,2.0,,30889.0
FR,France,2020-09-17,-15.0,-3.0,75.0,-13.0,-23.0,2.0,48.61,2.0,2.0,1.0,4.0,0.0,0.0,1.0,3.0,2.0,,30936.0
FR,France,2020-09-18,-14.0,-6.0,65.0,-8.0,-23.0,2.0,48.61,2.0,2.0,1.0,4.0,0.0,0.0,1.0,3.0,2.0,,31090.0
FR,France,2020-09-19,-19.0,-9.0,54.0,-10.0,-9.0,0.0,48.61,2.0,2.0,1.0,4.0,0.0,0.0,1.0,3.0,2.0,,31115.0
FR,France,2020-09-20,-10.0,1.0,59.0,-7.0,0.0,-1.0,48.61,2.0,2.0,1.0,4.0,0.0,0.0,1.0,3.0,2.0,,31126.0
FR,France,2020-09-21,-12.0,-2.0,59.0,-11.0,-23.0,3.0,48.61,2.0,2.0,1.0,4.0,0.0,0.0,1.0,3.0,2.0,,31179.0
FR,France,2020-09-22,-13.0,-3.0,52.0,-11.0,-21.0,3.0,46.76,1.0,2.0,1.0,4.0,0.0,0.0,1.0,3.0,2.0,,31256.0
FR,France,2020-09-23,-18.0,-4.0,39.0,-13.0,-18.0,4.0,46.76,1.0,2.0,1.0,4.0,0.0,0.0,1.0,3.0,2.0,,31283.0
FR,France,2020-09-24,-20.0,-4.0,22.0,-14.0,-19.0,4.0,46.76,1.0,2.0,1.0,4.0,0.0,0.0,1.0,3.0,2.0,,31333.0
FR,France,2020-09-25,-19.0,-6.0,12.0,-12.0,-20.0,5.0,46.76,1.0,2.0,1.0,4.0,0.0,0.0,1.0,3.0,2.0,,31483.0
FR,France,2020-09-26,-20.0,-6.0,11.0,-17.0,-9.0,3.0,49.54,1.0,2.0,2.0,4.0,0.0,0.0,1.0,3.0,2.0,,31522.0
FR,France,2020-09-27,-24.0,-9.0,-1.0,-20.0,-5.0,3.0,49.54,1.0,2.0,2.0,4.0,0.0,0.0,1.0,3.0,2.0,,31549.0
FR,France,2020-09-28,-16.0,-3.0,21.0,-15.0,-18.0,4.0,49.54,1.0,2.0,2.0,4.0,0.0,0.0,1.0,3.0,2.0,,31630.0
FR,France,2020-09-29,-14.0,-1.0,29.0,-13.0,-17.0,4.0,49.54,1.0,2.0,2.0,4.0,0.0,0.0,1.0,3.0,2.0,,31701.0
FR,France,2020-09-30,-16.0,-1.0,29.0,-12.0,-17.0,3.0,49.54,1.0,2.0,2.0,4.0,0.0,0.0,1.0,3.0,2.0,,31761.0
FR,France,2020-10-01,-19.0,0.0,7.0,-13.0,-16.0,3.0,49.54,1.0,2.0,2.0,4.0,0.0,0.0,1.0,3.0,2.0,,31817.0
FR,France,2020-10-02,-21.0,-5.0,-12.0,-13.0,-18.0,5.0,49.54,1.0,2.0,2.0,4.0,0.0,0.0,1.0,3.0,2.0,,31952.0
FR,France,2020-10-03,-18.0,-3.0,-6.0,-15.0,-10.0,3.0,49.54,1.0,2.0,2.0,4.0,0.0,0.0,1.0,3.0,2.0,,31977.0
FR,France,2020-10-04,-21.0,-6.0,-7.0,-17.0,-6.0,2.0,49.54,1.0,2.0,2.0,4.0,0.0,0.0,1.0,3.0,2.0,,32009.0
FR,France,2020-10-05,-15.0,-2.0,6.0,-13.0,-18.0,3.0,49.54,1.0,2.0,2.0,4.0,0.0,0.0,1.0,3.0,2.0,,32078.0
FR,France,2020-10-06,-14.0,0.0,7.0,-12.0,-17.0,3.0,49.54,1.0,2.0,2.0,4.0,0.0,0.0,1.0,3.0,2.0,,32143.0
FR,France,2020-10-07,-17.0,-1.0,18.0,-13.0,-16.0,3.0,49.54,1.0,2.0,2.0,4.0,0.0,0.0,1.0,3.0,2.0,,32222.0
FR,France,2020-10-08,-18.0,-2.0,21.0,-13.0,-16.0,3.0,49.54,1.0,2.0,2.0,4.0,0.0,0.0,1.0,3.0,2.0,,32295.0
FR,France,2020-10-09,-17.0,-3.0,17.0,-11.0,-16.0,4.0,49.54,1.0,2.0,2.0,4.0,0.0,0.0,1.0,3.0,2.0,,32404.0
FR,France,2020-10-10,-18.0,-5.0,16.0,-15.0,-8.0,2.0,43.98,1.0,2.0,1.0,4.0,0.0,0.0,0.0,3.0,2.0,,32439.0
FR,France,2020-10-11,-22.0,-5.0,4.0,-19.0,-6.0,2.0,43.98,1.0,2.0,1.0,4.0,0.0,0.0,0.0,3.0,2.0,,32485.0
FR,France,2020-10-12,-16.0,-4.0,18.0,-15.0,-17.0,4.0,43.98,1.0,2.0,1.0,4.0,0.0,0.0,0.0,3.0,2.0,,32580.0
FR,France,2020-10-13,-17.0,1.0,11.0,-15.0,-17.0,4.0,43.98,1.0,2.0,1.0,4.0,0.0,0.0,0.0,3.0,2.0,,32687.0
FR,France,2020-10-14,-20.0,-1.0,11.0,-15.0,-15.0,5.0,43.98,1.0,2.0,1.0,4.0,0.0,0.0,0.0,3.0,2.0,,
FR,France,2020-10-15,-20.0,0.0,6.0,-14.0,-16.0,4.0,43.98,1.0,2.0,1.0,4.0,0.0,0.0,0.0,3.0,2.0,,
FR,France,2020-10-16,-18.0,-2.0,8.0,-10.0,-16.0,5.0,43.98,1.0,2.0,1.0,4.0,0.0,0.0,0.0,3.0,2.0,,
FR,France,2020-10-17,-23.0,-5.0,15.0,-13.0,-11.0,3.0,49.54,1.0,2.0,1.0,4.0,0.0,2.0,0.0,3.0,2.0,,
FR,France,2020-10-18,-15.0,1.0,46.0,-10.0,-7.0,1.0,49.54,1.0,2.0,1.0,4.0,0.0,2.0,0.0,3.0,2.0,,
FR,France,2020-10-19,-14.0,0.0,48.0,-21.0,-32.0,8.0,49.54,1.0,2.0,1.0,4.0,0.0,2.0,0.0,3.0,2.0,,
FR,France,2020-10-20,-16.0,-2.0,27.0,-22.0,-31.0,8.0,49.54,1.0,2.0,1.0,4.0,0.0,2.0,0.0,3.0,2.0,,
FR,France,2020-10-21,-20.0,-4.0,28.0,-21.0,-28.0,7.0,49.54,1.0,2.0,1.0,4.0,0.0,2.0,0.0,3.0,2.0,,
FR,France,2020-10-22,-18.0,-1.0,31.0,-21.0,-31.0,8.0,49.54,1.0,2.0,1.0,4.0,0.0,2.0,0.0,3.0,2.0,,
FR,France,2020-10-23,-21.0,-4.0,15.0,-21.0,-33.0,10.0,49.54,1.0,2.0,1.0,4.0,0.0,2.0,0.0,3.0,2.0,,
FR,France,2020-10-24,-27.0,-7.0,15.0,-17.0,-16.0,4.0,49.54,1.0,2.0,1.0,4.0,0.0,2.0,0.0,3.0,2.0,,
FR,France,2020-10-25,-20.0,2.0,11.0,-20.0,-11.0,2.0,49.54,1.0,2.0,1.0,4.0,0.0,2.0,0.0,3.0,2.0,,
FR,France,2020-10-26,-15.0,0.0,29.0,-26.0,-37.0,9.0,49.54,1.0,2.0,1.0,4.0,0.0,2.0,0.0,3.0,2.0,,
FR,France,2020-10-27,-15.0,2.0,25.0,-25.0,-36.0,10.0,49.54,1.0,2.0,1.0,4.0,0.0,2.0,0.0,3.0,2.0,,
FR,France,2020-10-28,-13.0,11.0,24.0,-24.0,-31.0,7.0,49.54,1.0,2.0,1.0,4.0,0.0,2.0,0.0,3.0,2.0,,
FR,France,2020-10-29,9.0,28.0,37.0,-13.0,-33.0,4.0,49.54,1.0,2.0,1.0,4.0,0.0,2.0,0.0,3.0,2.0,,
FR,France,2020-10-30,-62.0,-22.0,-27.0,-48.0,-44.0,20.0,78.7,2.0,3.0,2.0,4.0,0.0,2.0,2.0,3.0,2.0,,
FR,France,2020-10-31,-68.0,-24.0,-43.0,-52.0,-34.0,16.0,78.7,2.0,3.0,2.0,4.0,0.0,2.0,2.0,3.0,2.0,,
FR,France,2020-11-01,-65.0,-26.0,-48.0,-49.0,-32.0,11.0,78.7,2.0,3.0,2.0,4.0,0.0,2.0,2.0,3.0,2.0,,
FR,France,2020-11-02,-52.0,-13.0,-20.0,-42.0,-30.0,13.0,78.7,2.0,3.0,2.0,4.0,0.0,2.0,2.0,3.0,2.0,,
FR,France,2020-11-03,-53.0,-12.0,-21.0,-42.0,-31.0,14.0,78.7,2.0,3.0,2.0,4.0,0.0,2.0,2.0,3.0,2.0,,
FR,France,2020-11-04,-57.0,-17.0,-22.0,-44.0,-31.0,15.0,78.7,2.0,3.0,2.0,4.0,0.0,2.0,2.0,3.0,2.0,,
FR,France,2020-11-05,-55.0,-11.0,-20.0,-43.0,-30.0,14.0,78.7,2.0,3.0,2.0,4.0,0.0,2.0,2.0,3.0,2.0,,
FR,France,2020-11-06,-55.0,-13.0,-27.0,-44.0,-30.0,17.0,78.7,2.0,3.0,2.0,4.0,0.0,2.0,2.0,3.0,2.0,,
FR,France,2020-11-07,-64.0,-19.0,-46.0,-59.0,-33.0,17.0,78.7,2.0,3.0,2.0,4.0,0.0,2.0,2.0,3.0,2.0,,
FR,France,2020-11-08,-62.0,-22.0,-40.0,-61.0,-33.0,13.0,78.7,2.0,3.0,2.0,4.0,0.0,2.0,2.0,3.0,2.0,,
FR,France,2020-11-09,-49.0,-13.0,-11.0,-42.0,-31.0,14.0,78.7,2.0,3.0,2.0,4.0,0.0,2.0,2.0,3.0,2.0,,
FR,France,2020-11-10,-49.0,0.0,-15.0,-40.0,-33.0,13.0,78.7,2.0,3.0,2.0,4.0,0.0,2.0,2.0,3.0,2.0,,
FR,France,2020-11-11,-74.0,-52.0,-24.0,-72.0,-81.0,30.0,78.7,2.0,3.0,2.0,4.0,0.0,2.0,2.0,3.0,2.0,,
FR,France,2020-11-12,-54.0,-3.0,-19.0,-41.0,-32.0,14.0,78.7,2.0,3.0,2.0,4.0,0.0,2.0,2.0,3.0,2.0,,
FR,France,2020-11-13,-54.0,-9.0,-29.0,-43.0,-32.0,17.0,78.7,2.0,3.0,2.0,4.0,0.0,2.0,2.0,3.0,2.0,,
FR,France,2020-11-14,-63.0,-16.0,-36.0,-55.0,-31.0,16.0,78.7,2.0,3.0,2.0,4.0,0.0,2.0,2.0,3.0,2.0,,
FR,France,2020-11-15,-66.0,-24.0,-50.0,-61.0,-34.0,13.0,78.7,2.0,3.0,2.0,4.0,0.0,2.0,2.0,3.0,2.0,,
FR,France,2020-11-16,-51.0,-14.0,-18.0,-41.0,-30.0,13.0,78.7,2.0,3.0,2.0,4.0,0.0,2.0,2.0,3.0,2.0,,
FR,France,2020-11-17,-51.0,-11.0,-13.0,-40.0,-30.0,14.0,78.7,2.0,3.0,2.0,4.0,0.0,2.0,2.0,3.0,2.0,,
FR,France,2020-11-18,-55.0,-14.0,-12.0,-42.0,-30.0,14.0,78.7,2.0,3.0,2.0,4.0,0.0,2.0,2.0,3.0,2.0,,
FR,France,2020-11-19,-53.0,-10.0,-25.0,-43.0,-29.0,14.0,78.7,2.0,3.0,2.0,4.0,0.0,2.0,2.0,3.0,2.0,,
FR,France,2020-11-20,-52.0,-10.0,-29.0,-43.0,-29.0,16.0,78.7,2.0,3.0,2.0,4.0,0.0,2.0,2.0,3.0,2.0,,
FR,France,2020-11-21,-59.0,-15.0,-38.0,-55.0,-29.0,15.0,78.7,2.0,3.0,2.0,4.0,0.0,2.0,2.0,3.0,2.0,,
FR,France,2020-11-22,-60.0,-18.0,-37.0,-59.0,-30.0,12.0,78.7,2.0,3.0,2.0,4.0,0.0,2.0,2.0,3.0,2.0,,
FR,France,2020-11-23,-48.0,-15.0,-16.0,-42.0,-29.0,13.0,78.7,2.0,3.0,2.0,4.0,0.0,2.0,2.0,3.0,2.0,,
FR,France,2020-11-24,-49.0,-12.0,-16.0,-41.0,-29.0,13.0,78.7,2.0,3.0,2.0,4.0,0.0,2.0,2.0,3.0,2.0,,
FR,France,2020-11-25,-53.0,-15.0,-20.0,-42.0,-29.0,14.0,78.7,2.0,3.0,2.0,4.0,0.0,2.0,2.0,3.0,2.0,,
FR,France,2020-11-26,-51.0,-9.0,-20.0,-41.0,-27.0,13.0,78.7,2.0,3.0,2.0,4.0,0.0,2.0,2.0,3.0,2.0,,
FR,France,2020-11-27,-50.0,-8.0,-28.0,-42.0,-27.0,15.0,78.7,2.0,3.0,2.0,4.0,0.0,2.0,2.0,3.0,2.0,,
FR,France,2020-11-28,-35.0,-4.0,-20.0,-39.0,-19.0,10.0,75.0,2.0,2.0,2.0,4.0,0.0,2.0,2.0,3.0,2.0,,
FR,France,2020-11-29,-31.0,4.0,-14.0,-47.0,-20.0,8.0,75.0,2.0,2.0,2.0,4.0,0.0,2.0,2.0,3.0,2.0,,
FR,France,2020-11-30,-26.0,-2.0,-13.0,-36.0,-26.0,11.0,75.0,2.0,2.0,2.0,4.0,0.0,2.0,2.0,3.0,2.0,,
FR,France,2020-12-01,-28.0,1.0,-19.0,-34.0,-26.0,11.0,75.0,2.0,2.0,2.0,4.0,0.0,2.0,2.0,3.0,2.0,,
FR,France,2020-12-02,-32.0,-2.0,-21.0,-36.0,-25.0,11.0,75.0,2.0,2.0,2.0,4.0,0.0,2.0,2.0,3.0,2.0,,
FR,France,2020-12-03,-34.0,-1.0,-25.0,-36.0,-25.0,11.0,75.0,2.0,2.0,2.0,4.0,0.0,2.0,2.0,3.0,2.0,,
FR,France,2020-12-04,-29.0,2.0,-32.0,-35.0,-25.0,13.0,75.0,2.0,2.0,2.0,4.0,0.0,2.0,2.0,3.0,2.0,,
FR,France,2020-12-05,-30.0,0.0,-38.0,-37.0,-19.0,10.0,75.0,2.0,2.0,2.0,4.0,0.0,2.0,2.0,3.0,2.0,,
FR,France,2020-12-06,-20.0,18.0,-29.0,-42.0,-17.0,8.0,75.0,2.0,2.0,2.0,4.0,0.0,2.0,2.0,3.0,2.0,,
FR,France,2020-12-07,-27.0,-3.0,-20.0,-35.0,-26.0,10.0,75.0,2.0,2.0,2.0,4.0,0.0,2.0,2.0,3.0,2.0,,
FR,France,2020-12-08,-27.0,0.0,-17.0,-33.0,-24.0,10.0,75.0,2.0,2.0,2.0,4.0,0.0,2.0,2.0,3.0,2.0,,
FR,France,2020-12-09,-33.0,-4.0,-21.0,-35.0,-25.0,11.0,75.0,2.0,2.0,2.0,4.0,0.0,2.0,2.0,3.0,2.0,,
FR,France,2020-12-10,-33.0,0.0,-21.0,-34.0,-24.0,10.0,75.0,2.0,2.0,2.0,4.0,0.0,2.0,2.0,3.0,2.0,,
FR,France,2020-12-11,-34.0,-3.0,-33.0,-35.0,-25.0,13.0,75.0,2.0,2.0,2.0,4.0,0.0,2.0,2.0,3.0,2.0,,
FR,France,2020-12-12,-33.0,-2.0,-35.0,-36.0,-18.0,10.0,75.0,2.0,2.0,2.0,4.0,0.0,2.0,2.0,3.0,2.0,,
FR,France,2020-12-13,-21.0,20.0,-22.0,-40.0,-15.0,7.0,75.0,2.0,2.0,2.0,4.0,0.0,2.0,2.0,3.0,2.0,,
FR,France,2020-12-14,-27.0,-1.0,-14.0,-32.0,-25.0,10.0,75.0,2.0,2.0,2.0,4.0,0.0,2.0,2.0,3.0,2.0,,
FR,France,2020-12-15,-25.0,3.0,-11.0,-28.0,-24.0,9.0,63.89,2.0,2.0,2.0,4.0,0.0,2.0,0.0,3.0,2.0,,
FR,France,2020-12-16,-29.0,3.0,-10.0,-28.0,-24.0,9.0,63.89,2.0,2.0,2.0,4.0,0.0,2.0,0.0,3.0,2.0,,
FR,France,2020-12-17,-29.0,7.0,-11.0,-27.0,-24.0,9.0,63.89,2.0,2.0,2.0,4.0,0.0,2.0,0.0,3.0,2.0,,
FR,France,2020-12-18,-30.0,2.0,-14.0,-26.0,-26.0,11.0,63.89,2.0,2.0,2.0,4.0,0.0,2.0,0.0,3.0,2.0,,
FR,France,2020-12-19,-33.0,-1.0,-22.0,-20.0,-17.0,7.0,63.89,2.0,2.0,2.0,4.0,0.0,2.0,0.0,3.0,2.0,,
FR,France,2020-12-20,-14.0,42.0,-9.0,-23.0,-11.0,4.0,63.89,2.0,2.0,2.0,4.0,0.0,2.0,0.0,3.0,2.0,,
FR,France,2020-12-21,-15.0,15.0,-7.0,-36.0,-46.0,13.0,63.89,2.0,2.0,2.0,4.0,0.0,2.0,0.0,3.0,2.0,,
FR,France,2020-12-22,-13.0,26.0,9.0,-31.0,-46.0,12.0,63.89,2.0,2.0,2.0,4.0,0.0,2.0,0.0,3.0,2.0,,
FR,France,2020-12-23,-18.0,35.0,-4.0,-31.0,-45.0,10.0,63.89,2.0,2.0,2.0,4.0,0.0,2.0,0.0,3.0,2.0,,
FR,France,2020-12-24,-25.0,29.0,-4.0,-42.0,-60.0,10.0,63.89,2.0,2.0,2.0,4.0,0.0,2.0,0.0,3.0,2.0,,
FR,France,2020-12-25,-85.0,-87.0,-20.0,-70.0,-87.0,23.0,63.89,2.0,2.0,2.0,4.0,0.0,2.0,0.0,3.0,2.0,,
FR,France,2020-12-26,-49.0,-18.0,-16.0,-33.0,-35.0,8.0,63.89,2.0,2.0,2.0,4.0,0.0,2.0,0.0,3.0,2.0,,
FR,France,2020-12-27,-48.0,-4.0,-30.0,-34.0,-24.0,5.0,63.89,2.0,2.0,2.0,4.0,0.0,2.0,0.0,3.0,2.0,,
FR,France,2020-12-28,-25.0,9.0,1.0,-43.0,-62.0,17.0,63.89,2.0,2.0,2.0,4.0,0.0,2.0,0.0,3.0,2.0,,
FR,France,2020-12-29,-24.0,16.0,15.0,-40.0,-60.0,17.0,63.89,2.0,2.0,2.0,4.0,0.0,2.0,0.0,3.0,2.0,,
FR,France,2020-12-30,-27.0,28.0,11.0,-38.0,-56.0,14.0,63.89,2.0,2.0,2.0,4.0,0.0,2.0,0.0,3.0,2.0,,
FR,France,2020-12-31,-31.0,36.0,9.0,-44.0,-63.0,15.0,63.89,2.0,2.0,2.0,4.0,0.0,2.0,0.0,3.0,2.0,,
FR,France,2021-01-01,-83.0,-87.0,-7.0,-69.0,-87.0,24.0,63.89,2.0,2.0,2.0,4.0,0.0,2.0,0.0,3.0,2.0,,
FR,France,2021-01-02,-47.0,-12.0,-27.0,-33.0,-32.0,10.0,63.89,2.0,2.0,2.0,4.0,0.0,2.0,0.0,3.0,2.0,,
FR,France,2021-01-03,-50.0,-13.0,-32.0,-29.0,-19.0,6.0,63.89,2.0,2.0,2.0,4.0,0.0,2.0,0.0,3.0,2.0,,
FR,France,2021-01-04,-37.0,-2.0,-24.0,-34.0,-27.0,11.0,63.89,2.0,2.0,2.0,4.0,0.0,2.0,0.0,3.0,2.0,,
FR,France,2021-01-05,-36.0,2.0,-19.0,-33.0,-26.0,11.0,63.89,2.0,2.0,2.0,4.0,0.0,2.0,0.0,3.0,2.0,,
FR,France,2021-01-06,-37.0,-1.0,-19.0,-34.0,-25.0,11.0,63.89,2.0,2.0,2.0,4.0,0.0,2.0,0.0,3.0,2.0,,
FR,France,2021-01-07,-39.0,-2.0,-20.0,-34.0,-24.0,11.0,63.89,2.0,2.0,2.0,4.0,0.0,2.0,0.0,3.0,2.0,,
FR,France,2021-01-08,-39.0,-4.0,-23.0,-33.0,-24.0,12.0,63.89,2.0,2.0,2.0,4.0,0.0,2.0,0.0,3.0,2.0,,
FR,France,2021-01-09,-39.0,-4.0,-28.0,-34.0,-17.0,9.0,63.89,2.0,2.0,2.0,4.0,0.0,2.0,0.0,3.0,2.0,,
FR,France,2021-01-10,-46.0,-8.0,-19.0,-38.0,-17.0,6.0,63.89,2.0,2.0,2.0,4.0,0.0,2.0,0.0,3.0,2.0,,
FR,France,2021-01-11,-35.0,-6.0,-14.0,-33.0,-24.0,10.0,63.89,2.0,2.0,2.0,4.0,0.0,2.0,0.0,3.0,2.0,,
FR,France,2021-01-12,-39.0,-7.0,-21.0,-33.0,-25.0,10.0,63.89,2.0,2.0,2.0,4.0,0.0,2.0,0.0,3.0,2.0,,
FR,France,2021-01-13,-41.0,-8.0,-22.0,-35.0,-25.0,9.0,63.89,2.0,2.0,2.0,4.0,0.0,2.0,0.0,3.0,2.0,,
FR,France,2021-01-14,-44.0,-10.0,-26.0,-35.0,-26.0,9.0,63.89,2.0,2.0,2.0,4.0,0.0,2.0,0.0,3.0,2.0,,
FR,France,2021-01-15,-44.0,-10.0,-28.0,-35.0,-28.0,11.0,63.89,2.0,2.0,2.0,4.0,0.0,2.0,0.0,3.0,2.0,,
FR,France,2021-01-16,-51.0,-20.0,-36.0,-42.0,-23.0,10.0,63.89,2.0,2.0,2.0,4.0,0.0,2.0,0.0,3.0,2.0,,
FR,France,2021-01-17,-50.0,-11.0,-21.0,-41.0,-21.0,6.0,63.89,2.0,2.0,2.0,4.0,0.0,2.0,0.0,3.0,2.0,,
FR,France,2021-01-18,-42.0,-16.0,-14.0,-36.0,-27.0,9.0,63.89,2.0,2.0,2.0,4.0,0.0,2.0,0.0,3.0,2.0,,
FR,France,2021-01-19,-43.0,-14.0,-14.0,-36.0,-27.0,10.0,63.89,2.0,2.0,2.0,4.0,0.0,2.0,0.0,3.0,2.0,,
FR,France,2021-01-20,-41.0,-12.0,-22.0,-36.0,-26.0,10.0,63.89,2.0,2.0,2.0,4.0,0.0,2.0,0.0,3.0,2.0,,
FR,France,2021-01-21,-44.0,-12.0,-29.0,-35.0,-26.0,10.0,63.89,2.0,2.0,2.0,4.0,0.0,2.0,0.0,3.0,2.0,,
FR,France,2021-01-22,-45.0,-12.0,-31.0,-35.0,-26.0,12.0,63.89,2.0,2.0,2.0,4.0,0.0,2.0,0.0,3.0,2.0,,
FR,France,2021-01-23,-41.0,-10.0,-35.0,-37.0,-20.0,8.0,63.89,2.0,2.0,2.0,4.0,0.0,2.0,0.0,3.0,2.0,,
FR,France,2021-01-24,-41.0,-2.0,-25.0,-40.0,-17.0,5.0,63.89,2.0,2.0,2.0,4.0,0.0,2.0,0.0,3.0,2.0,,
FR,France,2021-01-25,-38.0,-14.0,-12.0,-35.0,-26.0,9.0,63.89,2.0,2.0,2.0,4.0,0.0,2.0,0.0,3.0,2.0,,
FR,France,2021-01-26,-38.0,-11.0,-12.0,-34.0,-27.0,10.0,63.89,2.0,2.0,2.0,4.0,0.0,2.0,0.0,3.0,2.0,,
FR,France,2021-01-27,-41.0,-12.0,-22.0,-35.0,-26.0,10.0,63.89,2.0,2.0,2.0,4.0,0.0,2.0,0.0,3.0,2.0,,
FR,France,2021-01-28,-42.0,-8.0,-21.0,-34.0,-25.0,10.0,63.89,2.0,2.0,2.0,4.0,0.0,2.0,0.0,3.0,2.0,,
FR,France,2021-01-29,-42.0,-8.0,-22.0,-32.0,-26.0,11.0,63.89,2.0,2.0,2.0,4.0,0.0,2.0,0.0,3.0,2.0,,
FR,France,2021-01-30,-39.0,-7.0,-33.0,-33.0,-19.0,8.0,63.89,2.0,2.0,2.0,4.0,0.0,2.0,0.0,3.0,2.0,,
FR,France,2021-01-31,-45.0,-1.0,-18.0,-35.0,-17.0,4.0,63.89,2.0,2.0,2.0,4.0,0.0,2.0,0.0,3.0,2.0,,
GB,United Kingdom,2020-02-15,-12.0,-7.0,-35.0,-12.0,-4.0,2.0,11.11,0.0,0.0,0.0,0.0,0.0,0.0,0.0,0.0,0.0,18.0,0.0
GB,United Kingdom,2020-02-16,-7.0,-6.0,-28.0,-7.0,-3.0,1.0,11.11,0.0,0.0,0.0,0.0,0.0,0.0,0.0,0.0,0.0,18.0,0.0
GB,United Kingdom,2020-02-17,10.0,1.0,24.0,-2.0,-14.0,2.0,11.11,0.0,0.0,0.0,0.0,0.0,0.0,0.0,0.0,0.0,19.0,0.0
GB,United Kingdom,2020-02-18,7.0,-1.0,20.0,-3.0,-14.0,2.0,11.11,0.0,0.0,0.0,0.0,0.0,0.0,0.0,0.0,0.0,19.0,0.0
GB,United Kingdom,2020-02-19,6.0,-2.0,8.0,-4.0,-14.0,3.0,11.11,0.0,0.0,0.0,0.0,0.0,0.0,0.0,0.0,0.0,20.0,0.0
GB,United Kingdom,2020-02-20,5.0,-2.0,4.0,-5.0,-14.0,3.0,11.11,0.0,0.0,0.0,0.0,0.0,0.0,0.0,0.0,0.0,22.0,0.0
GB,United Kingdom,2020-02-21,5.0,-1.0,10.0,-3.0,-15.0,3.0,11.11,0.0,0.0,0.0,0.0,0.0,0.0,0.0,0.0,0.0,23.0,0.0
GB,United Kingdom,2020-02-22,-4.0,-2.0,-7.0,-2.0,-2.0,1.0,11.11,0.0,0.0,0.0,0.0,0.0,0.0,0.0,0.0,0.0,23.0,0.0
GB,United Kingdom,2020-02-23,-1.0,-2.0,-5.0,3.0,-1.0,0.0,11.11,0.0,0.0,0.0,0.0,0.0,0.0,0.0,0.0,0.0,28.0,0.0
GB,United Kingdom,2020-02-24,-3.0,-1.0,-9.0,-2.0,-2.0,1.0,11.11,0.0,0.0,0.0,0.0,0.0,0.0,0.0,0.0,0.0,30.0,0.0
GB,United Kingdom,2020-02-25,-1.0,4.0,3.0,1.0,1.0,0.0,11.11,0.0,0.0,0.0,0.0,0.0,0.0,0.0,0.0,0.0,34.0,0.0
GB,United Kingdom,2020-02-26,1.0,0.0,6.0,-1.0,1.0,0.0,11.11,0.0,0.0,0.0,0.0,0.0,0.0,0.0,0.0,0.0,37.0,0.0
GB,United Kingdom,2020-02-27,2.0,1.0,8.0,0.0,0.0,0.0,11.11,0.0,0.0,0.0,0.0,0.0,0.0,0.0,0.0,0.0,44.0,0.0
GB,United Kingdom,2020-02-28,1.0,1.0,-13.0,0.0,-1.0,1.0,11.11,0.0,0.0,0.0,0.0,0.0,0.0,0.0,0.0,0.0,56.0,0.0
GB,United Kingdom,2020-02-29,1.0,1.0,-14.0,-2.0,0.0,0.0,11.11,0.0,0.0,0.0,0.0,0.0,0.0,0.0,0.0,0.0,61.0,0.0
GB,United Kingdom,2020-03-01,7.0,2.0,14.0,5.0,1.0,-1.0,11.11,0.0,0.0,0.0,0.0,0.0,0.0,0.0,0.0,0.0,94.0,0.0
GB,United Kingdom,2020-03-02,4.0,4.0,14.0,0.0,1.0,0.0,11.11,0.0,0.0,0.0,0.0,0.0,0.0,0.0,0.0,0.0,134.0,0.0
GB,United Kingdom,2020-03-03,2.0,3.0,11.0,-1.0,1.0,0.0,11.11,0.0,0.0,0.0,0.0,0.0,0.0,0.0,0.0,0.0,189.0,0.0
GB,United Kingdom,2020-03-04,2.0,3.0,2.0,-2.0,1.0,1.0,11.11,0.0,0.0,0.0,0.0,0.0,0.0,0.0,0.0,0.0,245.0,0.0
GB,United Kingdom,2020-03-05,-1.0,2.0,1.0,-3.0,0.0,1.0,11.11,0.0,0.0,0.0,0.0,0.0,0.0,0.0,0.0,0.0,294.0,0.0
GB,United Kingdom,2020-03-06,5.0,6.0,22.0,1.0,1.0,0.0,11.11,0.0,0.0,0.0,0.0,0.0,0.0,0.0,0.0,0.0,373.0,1.0
GB,United Kingdom,2020-03-07,0.0,2.0,7.0,-1.0,1.0,0.0,11.11,0.0,0.0,0.0,0.0,0.0,0.0,0.0,0.0,0.0,428.0,2.0
GB,United Kingdom,2020-03-08,4.0,2.0,15.0,2.0,1.0,-1.0,11.11,0.0,0.0,0.0,0.0,0.0,0.0,0.0,0.0,0.0,482.0,2.0
GB,United Kingdom,2020-03-09,0.0,4.0,4.0,-3.0,0.0,1.0,11.11,0.0,0.0,0.0,0.0,0.0,0.0,0.0,0.0,0.0,629.0,3.0
GB,United Kingdom,2020-03-10,-2.0,5.0,4.0,-4.0,0.0,1.0,11.11,0.0,0.0,0.0,0.0,0.0,0.0,0.0,0.0,0.0,887.0,7.0
GB,United Kingdom,2020-03-11,0.0,5.0,10.0,-6.0,0.0,1.0,11.11,0.0,0.0,0.0,0.0,0.0,0.0,0.0,0.0,0.0,1298.0,7.0
GB,United Kingdom,2020-03-12,-1.0,11.0,5.0,-8.0,-1.0,2.0,11.11,0.0,0.0,0.0,0.0,0.0,0.0,0.0,0.0,0.0,1787.0,9.0
GB,United Kingdom,2020-03-13,-2.0,11.0,12.0,-9.0,-4.0,2.0,12.96,0.0,0.0,0.0,0.0,0.0,1.0,0.0,0.0,0.0,2266.0,10.0
GB,United Kingdom,2020-03-14,-10.0,7.0,1.0,-15.0,-2.0,2.0,12.96,0.0,0.0,0.0,0.0,0.0,1.0,0.0,0.0,0.0,2630.0,29.0
GB,United Kingdom,2020-03-15,-11.0,7.0,-1.0,-16.0,-4.0,2.0,12.96,0.0,0.0,0.0,0.0,0.0,1.0,0.0,0.0,0.0,3072.0,43.0
GB,United Kingdom,2020-03-16,-3.0,20.0,29.0,-16.0,-9.0,4.0,16.67,0.0,1.0,0.0,0.0,0.0,1.0,0.0,0.0,0.0,3684.0,65.0
GB,United Kingdom,2020-03-17,-15.0,21.0,6.0,-27.0,-16.0,7.0,22.22,0.0,1.0,1.0,0.0,0.0,1.0,0.0,0.0,0.0,4452.0,82.0
GB,United Kingdom,2020-03-18,-21.0,22.0,-3.0,-34.0,-23.0,10.0,31.48,3.0,1.0,1.0,0.0,0.0,1.0,0.0,0.0,0.0,5451.0,116.0
GB,United Kingdom,2020-03-19,-21.0,24.0,2.0,-37.0,-27.0,11.0,31.48,3.0,1.0,1.0,0.0,0.0,1.0,0.0,0.0,0.0,6506.0,162.0
GB,United Kingdom,2020-03-20,-28.0,10.0,6.0,-40.0,-29.0,13.0,37.04,3.0,1.0,1.0,0.0,1.0,1.0,0.0,0.0,2.0,7760.0,194.0
GB,United Kingdom,2020-03-21,-50.0,1.0,2.0,-46.0,-25.0,11.0,47.22,3.0,3.0,2.0,0.0,1.0,1.0,0.0,0.0,2.0,8957.0,252.0
GB,United Kingdom,2020-03-22,-56.0,-14.0,20.0,-46.0,-30.0,9.0,62.04,3.0,3.0,2.0,0.0,1.0,2.0,2.0,0.0,2.0,10333.0,288.0
GB,United Kingdom,2020-03-23,-45.0,-8.0,1.0,-53.0,-45.0,17.0,78.24,3.0,3.0,2.0,4.0,1.0,2.0,2.0,0.0,2.0,12668.0,364.0
GB,United Kingdom,2020-03-24,-71.0,-24.0,-14.0,-64.0,-58.0,24.0,79.63,3.0,3.0,2.0,4.0,1.0,2.0,2.0,0.0,2.0,15039.0,512.0
GB,United Kingdom,2020-03-25,-73.0,-26.0,-12.0,-68.0,-64.0,26.0,79.63,3.0,3.0,2.0,4.0,1.0,2.0,2.0,0.0,2.0,17732.0,703.0
GB,United Kingdom,2020-03-26,-74.0,-28.0,-11.0,-70.0,-66.0,27.0,79.63,3.0,3.0,2.0,4.0,1.0,2.0,2.0,0.0,2.0,20816.0,884.0
GB,United Kingdom,2020-03-27,-76.0,-29.0,-26.0,-71.0,-66.0,28.0,79.63,3.0,3.0,2.0,4.0,1.0,2.0,2.0,0.0,2.0,24017.0,1172.0
GB,United Kingdom,2020-03-28,-83.0,-39.0,-54.0,-74.0,-57.0,20.0,79.63,3.0,3.0,2.0,4.0,1.0,2.0,2.0,0.0,2.0,26839.0,1464.0
GB,United Kingdom,2020-03-29,-85.0,-46.0,-52.0,-75.0,-55.0,15.0,79.63,3.0,3.0,2.0,4.0,1.0,2.0,2.0,0.0,2.0,29696.0,1676.0
GB,United Kingdom,2020-03-30,-74.0,-32.0,-33.0,-73.0,-69.0,27.0,79.63,3.0,3.0,2.0,4.0,1.0,2.0,2.0,0.0,2.0,,2050.0
GB,United Kingdom,2020-03-31,-74.0,-30.0,-21.0,-72.0,-70.0,27.0,79.63,3.0,3.0,2.0,4.0,1.0,2.0,2.0,0.0,2.0,,2453.0
GB,United Kingdom,2020-04-01,-75.0,-32.0,-29.0,-73.0,-69.0,28.0,79.63,3.0,3.0,2.0,4.0,1.0,2.0,2.0,0.0,2.0,,3125.0
GB,United Kingdom,2020-04-02,-75.0,-32.0,-24.0,-73.0,-70.0,29.0,79.63,3.0,3.0,2.0,4.0,1.0,2.0,2.0,0.0,2.0,,3782.0
GB,United Kingdom,2020-04-03,-76.0,-30.0,-25.0,-72.0,-69.0,29.0,79.63,3.0,3.0,2.0,4.0,1.0,2.0,2.0,0.0,2.0,,4518.0
GB,United Kingdom,2020-04-04,-81.0,-36.0,-38.0,-72.0,-57.0,19.0,79.63,3.0,3.0,2.0,4.0,1.0,2.0,2.0,0.0,2.0,,5274.0
GB,United Kingdom,2020-04-05,-82.0,-41.0,-29.0,-70.0,-54.0,15.0,79.63,3.0,3.0,2.0,4.0,1.0,2.0,2.0,0.0,2.0,,5873.0
GB,United Kingdom,2020-04-06,-73.0,-31.0,-20.0,-72.0,-70.0,27.0,79.63,3.0,3.0,2.0,4.0,1.0,2.0,2.0,0.0,2.0,,6440.0
GB,United Kingdom,2020-04-07,-73.0,-29.0,-7.0,-69.0,-70.0,27.0,79.63,3.0,3.0,2.0,4.0,1.0,2.0,2.0,0.0,2.0,,7545.0
GB,United Kingdom,2020-04-08,-73.0,-27.0,-14.0,-70.0,-70.0,27.0,79.63,3.0,3.0,2.0,4.0,1.0,2.0,2.0,0.0,2.0,,8575.0
GB,United Kingdom,2020-04-09,-71.0,-20.0,-13.0,-70.0,-70.0,27.0,79.63,3.0,3.0,2.0,4.0,1.0,2.0,2.0,0.0,2.0,,9691.0
GB,United Kingdom,2020-04-10,-78.0,-33.0,-18.0,-75.0,-80.0,32.0,79.63,3.0,3.0,2.0,4.0,1.0,2.0,2.0,0.0,2.0,,10813.0
GB,United Kingdom,2020-04-11,-81.0,-32.0,-37.0,-70.0,-57.0,19.0,79.63,3.0,3.0,2.0,4.0,1.0,2.0,2.0,0.0,2.0,,11656.0
GB,United Kingdom,2020-04-12,-89.0,-63.0,-33.0,-71.0,-58.0,16.0,79.63,3.0,3.0,2.0,4.0,1.0,2.0,2.0,0.0,2.0,,12313.0
GB,United Kingdom,2020-04-13,-78.0,-41.0,-21.0,-78.0,-83.0,31.0,79.63,3.0,3.0,2.0,4.0,1.0,2.0,2.0,0.0,2.0,,13037.0
GB,United Kingdom,2020-04-14,-71.0,-26.0,-10.0,-69.0,-70.0,27.0,79.63,3.0,3.0,2.0,4.0,1.0,2.0,2.0,0.0,2.0,,14113.0
GB,United Kingdom,2020-04-15,-72.0,-27.0,-6.0,-69.0,-69.0,27.0,79.63,3.0,3.0,2.0,4.0,1.0,2.0,2.0,0.0,2.0,,14993.0
GB,United Kingdom,2020-04-16,-73.0,-27.0,-7.0,-70.0,-69.0,28.0,79.63,3.0,3.0,2.0,4.0,1.0,2.0,2.0,0.0,2.0,,16029.0
GB,United Kingdom,2020-04-17,-75.0,-30.0,-33.0,-71.0,-68.0,29.0,79.63,3.0,3.0,2.0,4.0,1.0,2.0,2.0,0.0,2.0,,16942.0
GB,United Kingdom,2020-04-18,-81.0,-37.0,-47.0,-71.0,-54.0,19.0,79.63,3.0,3.0,2.0,4.0,1.0,2.0,2.0,0.0,2.0,,18047.0
GB,United Kingdom,2020-04-19,-80.0,-40.0,-12.0,-66.0,-49.0,14.0,79.63,3.0,3.0,2.0,4.0,1.0,2.0,2.0,0.0,2.0,,18479.0
GB,United Kingdom,2020-04-20,-71.0,-30.0,-2.0,-68.0,-67.0,25.0,79.63,3.0,3.0,2.0,4.0,1.0,2.0,2.0,0.0,2.0,,19049.0
GB,United Kingdom,2020-04-21,-72.0,-28.0,2.0,-67.0,-67.0,26.0,79.63,3.0,3.0,2.0,4.0,1.0,2.0,2.0,0.0,2.0,,20273.0
GB,United Kingdom,2020-04-22,-72.0,-28.0,1.0,-67.0,-66.0,27.0,79.63,3.0,3.0,2.0,4.0,1.0,2.0,2.0,0.0,2.0,,21120.0
GB,United Kingdom,2020-04-23,-72.0,-27.0,6.0,-67.0,-66.0,27.0,79.63,3.0,3.0,2.0,4.0,1.0,2.0,2.0,0.0,2.0,,21802.0
GB,United Kingdom,2020-04-24,-73.0,-26.0,-4.0,-66.0,-65.0,27.0,79.63,3.0,3.0,2.0,4.0,1.0,2.0,2.0,0.0,2.0,,22812.0
GB,United Kingdom,2020-04-25,-78.0,-32.0,-23.0,-65.0,-51.0,18.0,79.63,3.0,3.0,2.0,4.0,1.0,2.0,2.0,0.0,2.0,,23627.0
GB,United Kingdom,2020-04-26,-78.0,-37.0,-10.0,-64.0,-48.0,14.0,79.63,3.0,3.0,2.0,4.0,1.0,2.0,2.0,0.0,2.0,,23991.0
GB,United Kingdom,2020-04-27,-69.0,-29.0,-3.0,-66.0,-65.0,25.0,79.63,3.0,3.0,2.0,4.0,1.0,2.0,2.0,0.0,2.0,,24311.0
GB,United Kingdom,2020-04-28,-74.0,-33.0,-42.0,-71.0,-66.0,25.0,79.63,3.0,3.0,2.0,4.0,1.0,2.0,2.0,0.0,2.0,,25280.0
GB,United Kingdom,2020-04-29,-73.0,-30.0,-31.0,-69.0,-66.0,27.0,79.63,3.0,3.0,2.0,4.0,1.0,2.0,2.0,0.0,2.0,,26049.0
GB,United Kingdom,2020-04-30,-74.0,-28.0,-31.0,-69.0,-66.0,27.0,79.63,3.0,3.0,2.0,4.0,1.0,2.0,2.0,0.0,2.0,,26683.0
GB,United Kingdom,2020-05-01,-74.0,-27.0,-22.0,-67.0,-64.0,27.0,79.63,3.0,3.0,2.0,4.0,1.0,2.0,2.0,0.0,2.0,,27381.0
GB,United Kingdom,2020-05-02,-78.0,-30.0,-18.0,-63.0,-49.0,17.0,79.63,3.0,3.0,2.0,4.0,1.0,2.0,2.0,0.0,2.0,,27965.0
GB,United Kingdom,2020-05-03,-79.0,-37.0,-21.0,-64.0,-46.0,14.0,79.63,3.0,3.0,2.0,4.0,1.0,2.0,2.0,0.0,2.0,,28218.0
GB,United Kingdom,2020-05-04,-69.0,-27.0,4.0,-64.0,-64.0,24.0,79.63,3.0,3.0,2.0,4.0,1.0,2.0,2.0,0.0,2.0,,28490.0
GB,United Kingdom,2020-05-05,-70.0,-25.0,4.0,-64.0,-64.0,25.0,79.63,3.0,3.0,2.0,4.0,1.0,2.0,2.0,0.0,2.0,,29216.0
GB,United Kingdom,2020-05-06,-69.0,-22.0,16.0,-62.0,-63.0,25.0,79.63,3.0,3.0,2.0,4.0,1.0,2.0,2.0,0.0,2.0,,29863.0
GB,United Kingdom,2020-05-07,-67.0,-15.0,16.0,-62.0,-63.0,25.0,79.63,3.0,3.0,2.0,4.0,1.0,2.0,2.0,0.0,2.0,,30321.0
GB,United Kingdom,2020-05-08,-75.0,-28.0,14.0,-68.0,-77.0,30.0,79.63,3.0,3.0,2.0,4.0,1.0,2.0,2.0,0.0,2.0,,30900.0
GB,United Kingdom,2020-05-09,-78.0,-29.0,-6.0,-62.0,-48.0,17.0,79.63,3.0,3.0,2.0,4.0,1.0,2.0,2.0,0.0,2.0,,31175.0
GB,United Kingdom,2020-05-10,-80.0,-37.0,-38.0,-68.0,-45.0,14.0,79.63,3.0,3.0,2.0,4.0,1.0,2.0,2.0,0.0,2.0,,31392.0
GB,United Kingdom,2020-05-11,-67.0,-25.0,-8.0,-64.0,-62.0,24.0,77.78,3.0,3.0,2.0,4.0,1.0,2.0,2.0,0.0,2.0,,31579.0
GB,United Kingdom,2020-05-12,-68.0,-23.0,7.0,-62.0,-62.0,24.0,77.78,3.0,3.0,2.0,4.0,1.0,2.0,2.0,0.0,2.0,,32193.0
GB,United Kingdom,2020-05-13,-68.0,-23.0,6.0,-62.0,-61.0,25.0,71.3,3.0,3.0,2.0,4.0,1.0,1.0,2.0,0.0,2.0,,32640.0
GB,United Kingdom,2020-05-14,-67.0,-21.0,28.0,-61.0,-61.0,23.0,71.3,3.0,3.0,2.0,4.0,1.0,1.0,2.0,0.0,2.0,,
GB,United Kingdom,2020-05-15,-69.0,-21.0,21.0,-60.0,-60.0,24.0,71.3,3.0,3.0,2.0,4.0,1.0,1.0,2.0,0.0,2.0,,
GB,United Kingdom,2020-05-16,-74.0,-25.0,5.0,-58.0,-43.0,15.0,71.3,3.0,3.0,2.0,4.0,1.0,1.0,2.0,0.0,2.0,,
GB,United Kingdom,2020-05-17,-74.0,-29.0,27.0,-55.0,-39.0,12.0,71.3,3.0,3.0,2.0,4.0,1.0,1.0,2.0,0.0,2.0,,
GB,United Kingdom,2020-05-18,-63.0,-20.0,36.0,-59.0,-59.0,22.0,71.3,3.0,3.0,2.0,4.0,1.0,1.0,2.0,0.0,2.0,,
GB,United Kingdom,2020-05-19,-64.0,-18.0,51.0,-57.0,-59.0,22.0,71.3,3.0,3.0,2.0,4.0,1.0,1.0,2.0,0.0,2.0,,
GB,United Kingdom,2020-05-20,-64.0,-16.0,68.0,-56.0,-59.0,22.0,71.3,3.0,3.0,2.0,4.0,1.0,1.0,2.0,0.0,2.0,,
GB,United Kingdom,2020-05-21,-64.0,-16.0,51.0,-58.0,-59.0,23.0,71.3,3.0,3.0,2.0,4.0,1.0,1.0,2.0,0.0,2.0,,
GB,United Kingdom,2020-05-22,-66.0,-18.0,14.0,-59.0,-58.0,24.0,71.3,3.0,3.0,2.0,4.0,1.0,1.0,2.0,0.0,2.0,,
GB,United Kingdom,2020-05-23,-72.0,-23.0,-12.0,-59.0,-41.0,15.0,71.3,3.0,3.0,2.0,4.0,1.0,1.0,2.0,0.0,2.0,,
GB,United Kingdom,2020-05-24,-71.0,-25.0,38.0,-52.0,-36.0,11.0,71.3,3.0,3.0,2.0,4.0,1.0,1.0,2.0,0.0,2.0,,
GB,United Kingdom,2020-05-25,-64.0,-23.0,136.0,-60.0,-77.0,24.0,71.3,3.0,3.0,2.0,4.0,1.0,1.0,2.0,0.0,2.0,,
GB,United Kingdom,2020-05-26,-60.0,-14.0,66.0,-55.0,-59.0,21.0,71.3,3.0,3.0,2.0,4.0,1.0,1.0,2.0,0.0,2.0,,
GB,United Kingdom,2020-05-27,-61.0,-15.0,65.0,-55.0,-58.0,22.0,71.3,3.0,3.0,2.0,4.0,1.0,1.0,2.0,0.0,2.0,,
GB,United Kingdom,2020-05-28,-60.0,-12.0,77.0,-55.0,-58.0,22.0,71.3,3.0,3.0,2.0,4.0,1.0,1.0,2.0,0.0,2.0,,
GB,United Kingdom,2020-05-29,-62.0,-12.0,67.0,-53.0,-56.0,22.0,69.44,3.0,2.0,2.0,4.0,1.0,1.0,2.0,0.0,2.0,,
GB,United Kingdom,2020-05-30,-69.0,-16.0,48.0,-49.0,-31.0,12.0,69.44,3.0,2.0,2.0,4.0,1.0,1.0,2.0,0.0,2.0,,
GB,United Kingdom,2020-05-31,-67.0,-19.0,67.0,-45.0,-26.0,9.0,69.44,3.0,2.0,2.0,4.0,1.0,1.0,2.0,0.0,2.0,,
GB,United Kingdom,2020-06-01,-56.0,-13.0,74.0,-51.0,-53.0,19.0,67.59,3.0,2.0,2.0,4.0,1.0,1.0,2.0,0.0,2.0,,
GB,United Kingdom,2020-06-02,-59.0,-15.0,78.0,-51.0,-54.0,19.0,67.59,3.0,2.0,2.0,4.0,1.0,1.0,2.0,0.0,2.0,,
GB,United Kingdom,2020-06-03,-62.0,-19.0,0.0,-57.0,-54.0,22.0,67.59,3.0,2.0,2.0,4.0,1.0,1.0,2.0,0.0,2.0,,
GB,United Kingdom,2020-06-04,-61.0,-17.0,19.0,-56.0,-54.0,22.0,67.59,3.0,2.0,2.0,4.0,1.0,1.0,2.0,0.0,2.0,,
GB,United Kingdom,2020-06-05,-63.0,-17.0,9.0,-56.0,-53.0,22.0,67.59,3.0,2.0,2.0,4.0,1.0,1.0,2.0,0.0,2.0,,
GB,United Kingdom,2020-06-06,-70.0,-22.0,-17.0,-57.0,-33.0,14.0,67.59,3.0,2.0,2.0,4.0,1.0,1.0,2.0,0.0,2.0,,
GB,United Kingdom,2020-06-07,-67.0,-23.0,22.0,-51.0,-28.0,10.0,67.59,3.0,2.0,2.0,4.0,1.0,1.0,2.0,0.0,2.0,,
GB,United Kingdom,2020-06-08,-56.0,-17.0,44.0,-54.0,-52.0,19.0,73.15,3.0,2.0,2.0,4.0,1.0,1.0,2.0,2.0,2.0,,
GB,United Kingdom,2020-06-09,-58.0,-17.0,56.0,-53.0,-52.0,20.0,73.15,3.0,2.0,2.0,4.0,1.0,1.0,2.0,2.0,2.0,,
GB,United Kingdom,2020-06-10,-61.0,-19.0,-1.0,-58.0,-52.0,21.0,73.15,3.0,2.0,2.0,4.0,1.0,1.0,2.0,2.0,2.0,,
GB,United Kingdom,2020-06-11,-59.0,-17.0,15.0,-58.0,-52.0,21.0,73.15,3.0,2.0,2.0,4.0,1.0,1.0,2.0,2.0,2.0,,
GB,United Kingdom,2020-06-12,-61.0,-17.0,6.0,-57.0,-51.0,21.0,73.15,3.0,2.0,2.0,4.0,1.0,1.0,2.0,2.0,2.0,,
GB,United Kingdom,2020-06-13,-65.0,-17.0,41.0,-49.0,-24.0,11.0,73.15,3.0,2.0,2.0,4.0,1.0,1.0,2.0,2.0,2.0,,
GB,United Kingdom,2020-06-14,-63.0,-20.0,65.0,-46.0,-19.0,8.0,73.15,3.0,2.0,2.0,4.0,1.0,1.0,2.0,2.0,2.0,,
GB,United Kingdom,2020-06-15,-46.0,-14.0,63.0,-50.0,-50.0,18.0,71.3,3.0,2.0,2.0,4.0,1.0,1.0,2.0,2.0,2.0,,
GB,United Kingdom,2020-06-16,-50.0,-13.0,53.0,-51.0,-50.0,19.0,71.3,3.0,2.0,2.0,4.0,1.0,1.0,2.0,2.0,2.0,,
GB,United Kingdom,2020-06-17,-52.0,-14.0,34.0,-52.0,-50.0,19.0,71.3,3.0,2.0,2.0,4.0,1.0,1.0,2.0,2.0,2.0,,
GB,United Kingdom,2020-06-18,-54.0,-15.0,8.0,-56.0,-52.0,20.0,71.3,3.0,2.0,2.0,4.0,1.0,1.0,2.0,2.0,2.0,,
GB,United Kingdom,2020-06-19,-53.0,-11.0,20.0,-52.0,-50.0,19.0,71.3,3.0,2.0,2.0,4.0,1.0,1.0,2.0,2.0,2.0,,
GB,United Kingdom,2020-06-20,-57.0,-10.0,49.0,-43.0,-20.0,9.0,71.3,3.0,2.0,2.0,4.0,1.0,1.0,2.0,2.0,2.0,,
GB,United Kingdom,2020-06-21,-58.0,-17.0,37.0,-44.0,-14.0,7.0,71.3,3.0,2.0,2.0,4.0,1.0,1.0,2.0,2.0,2.0,,
GB,United Kingdom,2020-06-22,-45.0,-13.0,72.0,-49.0,-51.0,17.0,71.3,3.0,2.0,2.0,4.0,1.0,1.0,2.0,2.0,2.0,,
GB,United Kingdom,2020-06-23,-48.0,-10.0,90.0,-48.0,-51.0,17.0,71.3,3.0,2.0,2.0,4.0,1.0,1.0,2.0,2.0,2.0,,
GB,United Kingdom,2020-06-24,-49.0,-8.0,98.0,-47.0,-49.0,17.0,71.3,3.0,2.0,2.0,4.0,1.0,1.0,2.0,2.0,2.0,,
GB,United Kingdom,2020-06-25,-49.0,-6.0,102.0,-47.0,-49.0,17.0,71.3,3.0,2.0,2.0,4.0,1.0,1.0,2.0,2.0,2.0,,
GB,United Kingdom,2020-06-26,-51.0,-9.0,50.0,-48.0,-49.0,18.0,71.3,3.0,2.0,2.0,4.0,1.0,1.0,2.0,2.0,2.0,,
GB,United Kingdom,2020-06-27,-59.0,-15.0,-7.0,-49.0,-24.0,11.0,71.3,3.0,2.0,2.0,4.0,1.0,1.0,2.0,2.0,2.0,,
GB,United Kingdom,2020-06-28,-56.0,-19.0,22.0,-46.0,-17.0,8.0,71.3,3.0,2.0,2.0,4.0,1.0,1.0,2.0,2.0,2.0,,
GB,United Kingdom,2020-06-29,-45.0,-14.0,22.0,-50.0,-49.0,17.0,71.3,3.0,2.0,2.0,4.0,1.0,1.0,2.0,2.0,2.0,,
GB,United Kingdom,2020-06-30,-45.0,-12.0,34.0,-50.0,-48.0,17.0,71.3,3.0,2.0,2.0,4.0,1.0,1.0,2.0,2.0,2.0,,
GB,United Kingdom,2020-07-01,-47.0,-13.0,34.0,-49.0,-48.0,17.0,71.3,3.0,2.0,2.0,4.0,1.0,1.0,2.0,2.0,2.0,,
GB,United Kingdom,2020-07-02,-47.0,-11.0,39.0,-49.0,-48.0,17.0,71.3,3.0,2.0,2.0,4.0,1.0,1.0,2.0,2.0,2.0,,
GB,United Kingdom,2020-07-03,-49.0,-12.0,20.0,-49.0,-47.0,18.0,71.3,3.0,2.0,2.0,4.0,1.0,1.0,2.0,2.0,2.0,,
GB,United Kingdom,2020-07-04,-51.0,-15.0,13.0,-41.0,-18.0,8.0,69.91,3.0,2.0,2.0,4.0,1.0,1.0,2.0,2.0,2.0,,
GB,United Kingdom,2020-07-05,-48.0,-18.0,53.0,-37.0,-14.0,6.0,69.91,3.0,2.0,2.0,4.0,1.0,1.0,2.0,2.0,2.0,,
GB,United Kingdom,2020-07-06,-36.0,-11.0,76.0,-43.0,-48.0,14.0,64.35,3.0,2.0,2.0,4.0,1.0,1.0,1.0,2.0,2.0,,
GB,United Kingdom,2020-07-07,-40.0,-12.0,52.0,-45.0,-48.0,16.0,64.35,3.0,2.0,2.0,4.0,1.0,1.0,1.0,2.0,2.0,,
GB,United Kingdom,2020-07-08,-42.0,-14.0,29.0,-47.0,-47.0,16.0,64.35,3.0,2.0,2.0,4.0,1.0,1.0,1.0,2.0,2.0,,
GB,United Kingdom,2020-07-09,-42.0,-12.0,38.0,-46.0,-47.0,16.0,64.35,3.0,2.0,2.0,4.0,1.0,1.0,1.0,2.0,2.0,,
GB,United Kingdom,2020-07-10,-41.0,-10.0,67.0,-40.0,-46.0,14.0,64.35,3.0,2.0,2.0,4.0,1.0,1.0,1.0,2.0,2.0,,
GB,United Kingdom,2020-07-11,-47.0,-12.0,69.0,-32.0,-14.0,6.0,64.35,3.0,2.0,2.0,4.0,1.0,1.0,1.0,2.0,2.0,,
GB,United Kingdom,2020-07-12,-43.0,-15.0,103.0,-27.0,-10.0,3.0,64.35,3.0,2.0,2.0,4.0,1.0,1.0,1.0,2.0,2.0,,
GB,United Kingdom,2020-07-13,-35.0,-11.0,71.0,-42.0,-48.0,14.0,64.35,3.0,2.0,2.0,4.0,1.0,1.0,1.0,2.0,2.0,,
GB,United Kingdom,2020-07-14,-36.0,-11.0,73.0,-43.0,-48.0,15.0,64.35,3.0,2.0,2.0,4.0,1.0,1.0,1.0,2.0,2.0,,
GB,United Kingdom,2020-07-15,-33.0,-13.0,52.0,-47.0,-46.0,15.0,64.35,3.0,2.0,2.0,4.0,1.0,1.0,1.0,2.0,2.0,,
GB,United Kingdom,2020-07-16,-31.0,-10.0,85.0,-45.0,-45.0,14.0,64.35,3.0,2.0,2.0,4.0,1.0,1.0,1.0,2.0,2.0,,
GB,United Kingdom,2020-07-17,-33.0,-10.0,93.0,-41.0,-44.0,13.0,64.35,3.0,2.0,2.0,4.0,1.0,1.0,1.0,2.0,2.0,,
GB,United Kingdom,2020-07-18,-40.0,-13.0,61.0,-35.0,-14.0,5.0,64.35,3.0,2.0,2.0,4.0,1.0,1.0,1.0,2.0,2.0,,
GB,United Kingdom,2020-07-19,-35.0,-16.0,78.0,-32.0,-10.0,3.0,64.35,3.0,2.0,2.0,4.0,1.0,1.0,1.0,2.0,2.0,,
GB,United Kingdom,2020-07-20,-25.0,-9.0,114.0,-42.0,-48.0,13.0,64.35,3.0,2.0,2.0,4.0,1.0,1.0,1.0,2.0,2.0,,
GB,United Kingdom,2020-07-21,-28.0,-10.0,116.0,-43.0,-48.0,13.0,64.35,3.0,2.0,2.0,4.0,1.0,1.0,1.0,2.0,2.0,,
GB,United Kingdom,2020-07-22,-29.0,-11.0,89.0,-44.0,-46.0,14.0,64.35,3.0,2.0,2.0,4.0,1.0,1.0,1.0,2.0,2.0,,
GB,United Kingdom,2020-07-23,-30.0,-9.0,81.0,-45.0,-47.0,14.0,64.35,3.0,2.0,2.0,4.0,1.0,1.0,1.0,2.0,2.0,,
GB,United Kingdom,2020-07-24,-32.0,-12.0,95.0,-40.0,-46.0,13.0,64.35,3.0,2.0,2.0,4.0,1.0,1.0,1.0,2.0,2.0,,
GB,United Kingdom,2020-07-25,-40.0,-16.0,25.0,-37.0,-15.0,6.0,64.35,3.0,2.0,2.0,4.0,1.0,1.0,1.0,2.0,2.0,,
GB,United Kingdom,2020-07-26,-33.0,-17.0,78.0,-30.0,-9.0,3.0,64.35,3.0,2.0,2.0,4.0,1.0,1.0,1.0,2.0,2.0,,
GB,United Kingdom,2020-07-27,-29.0,-14.0,40.0,-46.0,-51.0,14.0,64.35,3.0,2.0,2.0,4.0,1.0,1.0,1.0,2.0,2.0,,
GB,United Kingdom,2020-07-28,-26.0,-10.0,100.0,-42.0,-48.0,14.0,64.35,3.0,2.0,2.0,4.0,1.0,1.0,1.0,2.0,2.0,,
GB,United Kingdom,2020-07-29,-25.0,-10.0,107.0,-41.0,-48.0,13.0,64.35,3.0,2.0,2.0,4.0,1.0,1.0,1.0,2.0,2.0,,
GB,United Kingdom,2020-07-30,-23.0,-7.0,120.0,-41.0,-48.0,13.0,64.35,3.0,2.0,2.0,4.0,1.0,1.0,1.0,2.0,2.0,,
GB,United Kingdom,2020-07-31,-29.0,-11.0,120.0,-37.0,-48.0,11.0,64.35,3.0,2.0,2.0,4.0,1.0,1.0,1.0,2.0,2.0,,
GB,United Kingdom,2020-08-01,-36.0,-14.0,72.0,-30.0,-14.0,4.0,69.91,3.0,2.0,2.0,4.0,1.0,1.0,2.0,2.0,2.0,,
GB,United Kingdom,2020-08-02,-28.0,-15.0,93.0,-27.0,-9.0,2.0,69.91,3.0,2.0,2.0,4.0,1.0,1.0,2.0,2.0,2.0,,
GB,United Kingdom,2020-08-03,-15.0,-11.0,115.0,-39.0,-49.0,11.0,69.91,3.0,2.0,2.0,4.0,1.0,1.0,2.0,2.0,2.0,,
GB,United Kingdom,2020-08-04,-19.0,-13.0,89.0,-42.0,-49.0,13.0,69.91,3.0,2.0,2.0,4.0,1.0,1.0,2.0,2.0,2.0,,
GB,United Kingdom,2020-08-05,-16.0,-13.0,86.0,-43.0,-48.0,13.0,69.91,3.0,2.0,2.0,4.0,1.0,1.0,2.0,2.0,2.0,,
GB,United Kingdom,2020-08-06,-23.0,-10.0,120.0,-42.0,-48.0,12.0,69.91,3.0,2.0,2.0,4.0,1.0,1.0,2.0,2.0,2.0,,
GB,United Kingdom,2020-08-07,-28.0,-12.0,114.0,-39.0,-48.0,11.0,69.91,3.0,2.0,2.0,4.0,1.0,1.0,2.0,2.0,2.0,,
GB,United Kingdom,2020-08-08,-35.0,-14.0,92.0,-31.0,-13.0,3.0,69.91,3.0,2.0,2.0,4.0,1.0,1.0,2.0,2.0,2.0,,
GB,United Kingdom,2020-08-09,-28.0,-15.0,103.0,-27.0,-8.0,1.0,69.91,3.0,2.0,2.0,4.0,1.0,1.0,2.0,2.0,2.0,,
GB,United Kingdom,2020-08-10,-11.0,-11.0,118.0,-40.0,-48.0,11.0,69.91,3.0,2.0,2.0,4.0,1.0,1.0,2.0,2.0,2.0,,
GB,United Kingdom,2020-08-11,-13.0,-11.0,118.0,-41.0,-48.0,12.0,69.91,3.0,2.0,2.0,4.0,1.0,1.0,2.0,2.0,2.0,,
GB,United Kingdom,2020-08-12,-14.0,-11.0,100.0,-42.0,-47.0,12.0,69.91,3.0,2.0,2.0,4.0,1.0,1.0,2.0,2.0,2.0,,
GB,United Kingdom,2020-08-13,-24.0,-10.0,89.0,-43.0,-48.0,13.0,66.2,2.0,2.0,2.0,4.0,1.0,1.0,2.0,2.0,2.0,,
GB,United Kingdom,2020-08-14,-26.0,-12.0,76.0,-39.0,-46.0,12.0,66.2,2.0,2.0,2.0,4.0,1.0,1.0,2.0,2.0,2.0,,
GB,United Kingdom,2020-08-15,-33.0,-15.0,50.0,-33.0,-13.0,4.0,66.2,2.0,2.0,2.0,4.0,1.0,1.0,2.0,2.0,2.0,,
GB,United Kingdom,2020-08-16,-29.0,-18.0,52.0,-32.0,-10.0,3.0,66.2,2.0,2.0,2.0,4.0,1.0,1.0,2.0,2.0,2.0,,
GB,United Kingdom,2020-08-17,-9.0,-14.0,80.0,-41.0,-48.0,11.0,66.2,2.0,2.0,2.0,4.0,1.0,1.0,2.0,2.0,2.0,,
GB,United Kingdom,2020-08-18,-11.0,-13.0,93.0,-41.0,-46.0,12.0,66.2,2.0,2.0,2.0,4.0,1.0,1.0,2.0,2.0,2.0,,
GB,United Kingdom,2020-08-19,-15.0,-17.0,39.0,-44.0,-46.0,13.0,66.2,2.0,2.0,2.0,4.0,1.0,1.0,2.0,2.0,2.0,,
GB,United Kingdom,2020-08-20,-19.0,-10.0,121.0,-40.0,-46.0,11.0,66.2,2.0,2.0,2.0,4.0,1.0,1.0,2.0,2.0,2.0,,
GB,United Kingdom,2020-08-21,-26.0,-13.0,56.0,-40.0,-45.0,12.0,66.2,2.0,2.0,2.0,4.0,1.0,1.0,2.0,2.0,2.0,,
GB,United Kingdom,2020-08-22,-31.0,-15.0,53.0,-32.0,-11.0,4.0,66.2,2.0,2.0,2.0,4.0,1.0,1.0,2.0,2.0,2.0,,
GB,United Kingdom,2020-08-23,-26.0,-17.0,64.0,-29.0,-7.0,2.0,66.2,2.0,2.0,2.0,4.0,1.0,1.0,2.0,2.0,2.0,,
GB,United Kingdom,2020-08-24,-3.0,-12.0,105.0,-38.0,-46.0,10.0,66.2,2.0,2.0,2.0,4.0,1.0,1.0,2.0,2.0,2.0,,
GB,United Kingdom,2020-08-25,-13.0,-16.0,31.0,-45.0,-47.0,13.0,66.2,2.0,2.0,2.0,4.0,1.0,1.0,2.0,2.0,2.0,,
GB,United Kingdom,2020-08-26,-3.0,-11.0,90.0,-38.0,-44.0,11.0,66.2,2.0,2.0,2.0,4.0,1.0,1.0,2.0,2.0,2.0,,
GB,United Kingdom,2020-08-27,-21.0,-12.0,55.0,-42.0,-45.0,12.0,66.2,2.0,2.0,2.0,4.0,1.0,1.0,2.0,2.0,2.0,,
GB,United Kingdom,2020-08-28,-20.0,-9.0,51.0,-37.0,-45.0,11.0,66.2,2.0,2.0,2.0,4.0,1.0,1.0,2.0,2.0,2.0,,
GB,United Kingdom,2020-08-29,-27.0,-13.0,49.0,-29.0,-12.0,3.0,66.2,2.0,2.0,2.0,4.0,1.0,1.0,2.0,2.0,2.0,,
GB,United Kingdom,2020-08-30,-15.0,-14.0,94.0,-23.0,-7.0,1.0,66.2,2.0,2.0,2.0,4.0,1.0,1.0,2.0,2.0,2.0,,
GB,United Kingdom,2020-08-31,3.0,-17.0,152.0,-43.0,-68.0,14.0,66.2,2.0,2.0,2.0,4.0,1.0,1.0,2.0,2.0,2.0,,
GB,United Kingdom,2020-09-01,-15.0,-6.0,94.0,-37.0,-44.0,10.0,64.35,1.0,2.0,2.0,4.0,1.0,1.0,2.0,2.0,2.0,,
GB,United Kingdom,2020-09-02,-20.0,-11.0,48.0,-41.0,-42.0,11.0,64.35,1.0,2.0,2.0,4.0,1.0,1.0,2.0,2.0,2.0,,
GB,United Kingdom,2020-09-03,-20.0,-10.0,58.0,-40.0,-42.0,11.0,64.35,1.0,2.0,2.0,4.0,1.0,1.0,2.0,2.0,2.0,,
GB,United Kingdom,2020-09-04,-21.0,-10.0,61.0,-35.0,-40.0,9.0,64.35,1.0,2.0,2.0,4.0,1.0,1.0,2.0,2.0,2.0,,
GB,United Kingdom,2020-09-05,-26.0,-12.0,56.0,-30.0,-10.0,3.0,64.35,1.0,2.0,2.0,4.0,1.0,1.0,2.0,2.0,2.0,,
GB,United Kingdom,2020-09-06,-21.0,-12.0,69.0,-27.0,-7.0,2.0,64.35,1.0,2.0,2.0,4.0,1.0,1.0,2.0,2.0,2.0,,
GB,United Kingdom,2020-09-07,-17.0,-10.0,58.0,-36.0,-43.0,9.0,64.35,1.0,2.0,2.0,4.0,1.0,1.0,2.0,2.0,2.0,,
GB,United Kingdom,2020-09-08,-19.0,-10.0,74.0,-35.0,-42.0,9.0,64.35,1.0,2.0,2.0,4.0,1.0,1.0,2.0,2.0,2.0,,
GB,United Kingdom,2020-09-09,-20.0,-11.0,67.0,-36.0,-39.0,9.0,64.35,1.0,2.0,2.0,4.0,1.0,1.0,2.0,2.0,2.0,,
GB,United Kingdom,2020-09-10,-20.0,-9.0,78.0,-36.0,-40.0,9.0,64.35,1.0,2.0,2.0,4.0,1.0,1.0,2.0,2.0,2.0,,
GB,United Kingdom,2020-09-11,-22.0,-9.0,62.0,-32.0,-38.0,8.0,64.35,1.0,2.0,2.0,4.0,1.0,1.0,2.0,2.0,2.0,,
GB,United Kingdom,2020-09-12,-27.0,-11.0,61.0,-28.0,-9.0,3.0,64.35,1.0,2.0,2.0,4.0,1.0,1.0,2.0,2.0,2.0,,
GB,United Kingdom,2020-09-13,-21.0,-12.0,94.0,-24.0,-7.0,1.0,64.35,1.0,2.0,2.0,4.0,1.0,1.0,2.0,2.0,2.0,,
GB,United Kingdom,2020-09-14,-17.0,-9.0,104.0,-32.0,-36.0,8.0,65.74,1.0,2.0,2.0,4.0,1.0,1.0,2.0,2.0,2.0,,
GB,United Kingdom,2020-09-15,-19.0,-9.0,91.0,-34.0,-36.0,9.0,65.74,1.0,2.0,2.0,4.0,1.0,1.0,2.0,2.0,2.0,,
GB,United Kingdom,2020-09-16,-21.0,-11.0,71.0,-35.0,-36.0,9.0,65.74,1.0,2.0,2.0,4.0,1.0,1.0,2.0,2.0,2.0,,
GB,United Kingdom,2020-09-17,-20.0,-9.0,88.0,-35.0,-36.0,9.0,65.74,1.0,2.0,2.0,4.0,1.0,1.0,2.0,2.0,2.0,,
GB,United Kingdom,2020-09-18,-22.0,-9.0,75.0,-32.0,-35.0,8.0,65.74,1.0,2.0,2.0,4.0,1.0,1.0,2.0,2.0,2.0,,
GB,United Kingdom,2020-09-19,-27.0,-11.0,67.0,-29.0,-10.0,3.0,65.74,1.0,2.0,2.0,4.0,1.0,1.0,2.0,2.0,2.0,,
GB,United Kingdom,2020-09-20,-22.0,-12.0,85.0,-26.0,-7.0,2.0,65.74,1.0,2.0,2.0,4.0,1.0,1.0,2.0,2.0,2.0,,
GB,United Kingdom,2020-09-21,-17.0,-8.0,86.0,-34.0,-37.0,8.0,65.74,1.0,2.0,2.0,4.0,1.0,1.0,2.0,2.0,2.0,,
GB,United Kingdom,2020-09-22,-22.0,-9.0,64.0,-36.0,-36.0,9.0,65.74,1.0,2.0,2.0,4.0,1.0,1.0,2.0,2.0,2.0,,
GB,United Kingdom,2020-09-23,-27.0,-11.0,20.0,-40.0,-35.0,11.0,65.74,1.0,2.0,2.0,4.0,1.0,1.0,2.0,2.0,2.0,,
GB,United Kingdom,2020-09-24,-26.0,-9.0,28.0,-41.0,-35.0,11.0,67.59,1.0,2.0,2.0,4.0,1.0,1.0,2.0,2.0,2.0,,
GB,United Kingdom,2020-09-25,-25.0,-7.0,29.0,-37.0,-34.0,10.0,67.59,1.0,2.0,2.0,4.0,1.0,1.0,2.0,2.0,2.0,,
GB,United Kingdom,2020-09-26,-28.0,-10.0,28.0,-34.0,-9.0,5.0,67.59,1.0,2.0,2.0,4.0,1.0,1.0,2.0,2.0,2.0,,
GB,United Kingdom,2020-09-27,-25.0,-13.0,45.0,-32.0,-7.0,3.0,67.59,1.0,2.0,2.0,4.0,1.0,1.0,2.0,2.0,2.0,,
GB,United Kingdom,2020-09-28,-19.0,-8.0,45.0,-38.0,-35.0,10.0,67.59,1.0,2.0,2.0,4.0,1.0,1.0,2.0,2.0,2.0,,
GB,United Kingdom,2020-09-29,-22.0,-8.0,47.0,-38.0,-34.0,10.0,67.59,1.0,2.0,2.0,4.0,1.0,1.0,2.0,2.0,2.0,,
GB,United Kingdom,2020-09-30,-26.0,-11.0,4.0,-40.0,-34.0,11.0,67.59,1.0,2.0,2.0,4.0,1.0,1.0,2.0,2.0,2.0,,
GB,United Kingdom,2020-10-01,-23.0,-6.0,36.0,-39.0,-32.0,10.0,67.59,1.0,2.0,2.0,4.0,1.0,1.0,2.0,2.0,2.0,,
GB,United Kingdom,2020-10-02,-30.0,-10.0,4.0,-37.0,-32.0,11.0,67.59,1.0,2.0,2.0,4.0,1.0,1.0,2.0,2.0,2.0,,
GB,United Kingdom,2020-10-03,-34.0,-12.0,-20.0,-40.0,-12.0,7.0,67.59,1.0,2.0,2.0,4.0,1.0,1.0,2.0,2.0,2.0,,
GB,United Kingdom,2020-10-04,-31.0,-15.0,-4.0,-38.0,-9.0,5.0,67.59,1.0,2.0,2.0,4.0,1.0,1.0,2.0,2.0,2.0,,
GB,United Kingdom,2020-10-05,-24.0,-10.0,23.0,-37.0,-34.0,10.0,67.59,1.0,2.0,2.0,4.0,1.0,1.0,2.0,2.0,2.0,,
GB,United Kingdom,2020-10-06,-26.0,-9.0,20.0,-38.0,-34.0,10.0,67.59,1.0,2.0,2.0,4.0,1.0,1.0,2.0,2.0,2.0,,
GB,United Kingdom,2020-10-07,-24.0,-9.0,31.0,-38.0,-32.0,10.0,67.59,1.0,2.0,2.0,4.0,1.0,1.0,2.0,2.0,2.0,,
GB,United Kingdom,2020-10-08,-27.0,-9.0,21.0,-41.0,-33.0,11.0,67.59,1.0,2.0,2.0,4.0,1.0,1.0,2.0,2.0,2.0,,
GB,United Kingdom,2020-10-09,-28.0,-8.0,19.0,-37.0,-31.0,10.0,67.59,1.0,2.0,2.0,4.0,1.0,1.0,2.0,2.0,2.0,,
GB,United Kingdom,2020-10-10,-31.0,-10.0,14.0,-37.0,-8.0,6.0,67.59,1.0,2.0,2.0,4.0,1.0,1.0,2.0,2.0,2.0,,
GB,United Kingdom,2020-10-11,-27.0,-13.0,49.0,-33.0,-6.0,4.0,67.59,1.0,2.0,2.0,4.0,1.0,1.0,2.0,2.0,2.0,,
GB,United Kingdom,2020-10-12,-27.0,-12.0,9.0,-40.0,-35.0,11.0,60.19,1.0,2.0,2.0,4.0,1.0,1.0,1.0,2.0,2.0,,
GB,United Kingdom,2020-10-13,-29.0,-11.0,14.0,-41.0,-35.0,11.0,60.19,1.0,2.0,2.0,4.0,1.0,1.0,1.0,2.0,2.0,,
GB,United Kingdom,2020-10-14,-27.0,-9.0,23.0,-40.0,-33.0,11.0,60.19,1.0,2.0,2.0,4.0,1.0,1.0,1.0,2.0,2.0,,
GB,United Kingdom,2020-10-15,-27.0,-7.0,29.0,-40.0,-33.0,11.0,60.19,1.0,2.0,2.0,4.0,1.0,1.0,1.0,2.0,2.0,,
GB,United Kingdom,2020-10-16,-27.0,-6.0,25.0,-37.0,-32.0,11.0,60.19,1.0,2.0,2.0,4.0,1.0,1.0,1.0,2.0,2.0,,
GB,United Kingdom,2020-10-17,-33.0,-9.0,18.0,-40.0,-10.0,7.0,60.19,1.0,2.0,2.0,4.0,1.0,1.0,1.0,2.0,2.0,,
GB,United Kingdom,2020-10-18,-30.0,-13.0,36.0,-38.0,-9.0,5.0,60.19,1.0,2.0,2.0,4.0,1.0,1.0,1.0,2.0,2.0,,
GB,United Kingdom,2020-10-19,-26.0,-10.0,27.0,-41.0,-35.0,11.0,65.74,3.0,2.0,2.0,4.0,1.0,1.0,1.0,2.0,2.0,,
GB,United Kingdom,2020-10-20,-28.0,-9.0,28.0,-41.0,-35.0,12.0,65.74,3.0,2.0,2.0,4.0,1.0,1.0,1.0,2.0,2.0,,
GB,United Kingdom,2020-10-21,-31.0,-11.0,-2.0,-44.0,-35.0,13.0,65.74,3.0,2.0,2.0,4.0,1.0,1.0,1.0,2.0,2.0,,
GB,United Kingdom,2020-10-22,-26.0,-6.0,34.0,-42.0,-34.0,12.0,67.59,3.0,2.0,2.0,4.0,1.0,1.0,1.0,2.0,2.0,,
GB,United Kingdom,2020-10-23,-28.0,-6.0,19.0,-41.0,-35.0,12.0,75.0,3.0,2.0,2.0,4.0,1.0,2.0,2.0,2.0,2.0,,
GB,United Kingdom,2020-10-24,-38.0,-12.0,-10.0,-44.0,-13.0,8.0,75.0,3.0,2.0,2.0,4.0,1.0,2.0,2.0,2.0,2.0,,
GB,United Kingdom,2020-10-25,-29.0,-10.0,32.0,-39.0,-10.0,5.0,75.0,3.0,2.0,2.0,4.0,1.0,2.0,2.0,2.0,2.0,,
GB,United Kingdom,2020-10-26,-21.0,-9.0,42.0,-44.0,-45.0,13.0,75.0,3.0,2.0,2.0,4.0,1.0,2.0,2.0,2.0,2.0,,
GB,United Kingdom,2020-10-27,-27.0,-10.0,10.0,-47.0,-45.0,14.0,75.0,3.0,2.0,2.0,4.0,1.0,2.0,2.0,2.0,2.0,,
GB,United Kingdom,2020-10-28,-23.0,-8.0,27.0,-45.0,-43.0,14.0,75.0,3.0,2.0,2.0,4.0,1.0,2.0,2.0,2.0,2.0,,
GB,United Kingdom,2020-10-29,-27.0,-9.0,4.0,-48.0,-44.0,15.0,75.0,3.0,2.0,2.0,4.0,1.0,2.0,2.0,2.0,2.0,,
GB,United Kingdom,2020-10-30,-26.0,-5.0,25.0,-43.0,-42.0,13.0,75.0,3.0,2.0,2.0,4.0,1.0,2.0,2.0,2.0,2.0,,
GB,United Kingdom,2020-10-31,-38.0,-9.0,-15.0,-44.0,-13.0,8.0,75.0,3.0,2.0,2.0,4.0,1.0,2.0,2.0,2.0,2.0,,
GB,United Kingdom,2020-11-01,-29.0,-13.0,-4.0,-40.0,-10.0,5.0,75.0,3.0,2.0,2.0,4.0,1.0,2.0,2.0,2.0,2.0,,
GB,United Kingdom,2020-11-02,-17.0,-7.0,8.0,-40.0,-34.0,11.0,75.0,3.0,2.0,2.0,4.0,1.0,2.0,2.0,2.0,2.0,,
GB,United Kingdom,2020-11-03,-17.0,-6.0,6.0,-39.0,-33.0,11.0,75.0,3.0,2.0,2.0,4.0,1.0,2.0,2.0,2.0,2.0,,
GB,United Kingdom,2020-11-04,-11.0,-4.0,19.0,-36.0,-31.0,10.0,75.0,3.0,2.0,2.0,4.0,1.0,2.0,2.0,2.0,2.0,,
GB,United Kingdom,2020-11-05,-54.0,-14.0,8.0,-52.0,-38.0,16.0,75.0,3.0,2.0,2.0,4.0,1.0,2.0,2.0,2.0,2.0,,
GB,United Kingdom,2020-11-06,-55.0,-12.0,5.0,-52.0,-38.0,17.0,72.22,3.0,3.0,2.0,4.0,1.0,1.0,1.0,2.0,2.0,,
GB,United Kingdom,2020-11-07,-60.0,-16.0,13.0,-58.0,-28.0,13.0,72.22,3.0,3.0,2.0,4.0,1.0,1.0,1.0,2.0,2.0,,
GB,United Kingdom,2020-11-08,-60.0,-20.0,5.0,-57.0,-28.0,10.0,72.22,3.0,3.0,2.0,4.0,1.0,1.0,1.0,2.0,2.0,,
GB,United Kingdom,2020-11-09,-47.0,-15.0,5.0,-50.0,-39.0,15.0,66.67,1.0,3.0,2.0,4.0,1.0,1.0,1.0,2.0,2.0,,
GB,United Kingdom,2020-11-10,-48.0,-13.0,14.0,-49.0,-39.0,15.0,64.81,1.0,2.0,2.0,4.0,1.0,1.0,1.0,2.0,2.0,,
GB,United Kingdom,2020-11-11,-49.0,-14.0,-1.0,-51.0,-38.0,16.0,64.81,1.0,2.0,2.0,4.0,1.0,1.0,1.0,2.0,2.0,,
GB,United Kingdom,2020-11-12,-48.0,-10.0,19.0,-50.0,-39.0,16.0,64.81,1.0,2.0,2.0,4.0,1.0,1.0,1.0,2.0,2.0,,
GB,United Kingdom,2020-11-13,-49.0,-8.0,7.0,-50.0,-38.0,16.0,64.81,1.0,2.0,2.0,4.0,1.0,1.0,1.0,2.0,2.0,,
GB,United Kingdom,2020-11-14,-59.0,-16.0,-29.0,-59.0,-28.0,13.0,64.81,1.0,2.0,2.0,4.0,1.0,1.0,1.0,2.0,2.0,,
GB,United Kingdom,2020-11-15,-57.0,-19.0,-5.0,-57.0,-28.0,10.0,64.81,1.0,2.0,2.0,4.0,1.0,1.0,1.0,2.0,2.0,,
GB,United Kingdom,2020-11-16,-46.0,-14.0,2.0,-50.0,-39.0,15.0,64.81,1.0,2.0,2.0,4.0,1.0,1.0,1.0,2.0,2.0,,
GB,United Kingdom,2020-11-17,-48.0,-12.0,6.0,-50.0,-39.0,15.0,64.81,1.0,2.0,2.0,4.0,1.0,1.0,1.0,2.0,2.0,,
GB,United Kingdom,2020-11-18,-49.0,-13.0,-7.0,-51.0,-38.0,16.0,64.81,1.0,2.0,2.0,4.0,1.0,1.0,1.0,2.0,2.0,,
GB,United Kingdom,2020-11-19,-48.0,-10.0,6.0,-51.0,-39.0,16.0,64.81,1.0,2.0,2.0,4.0,1.0,1.0,1.0,2.0,2.0,,
GB,United Kingdom,2020-11-20,-50.0,-8.0,-17.0,-51.0,-38.0,17.0,67.59,1.0,2.0,2.0,4.0,1.0,1.0,2.0,2.0,2.0,,
GB,United Kingdom,2020-11-21,-56.0,-12.0,-8.0,-56.0,-26.0,12.0,67.59,1.0,2.0,2.0,4.0,1.0,1.0,2.0,2.0,2.0,,
GB,United Kingdom,2020-11-22,-53.0,-15.0,25.0,-53.0,-26.0,9.0,67.59,1.0,2.0,2.0,4.0,1.0,1.0,2.0,2.0,2.0,,
GB,United Kingdom,2020-11-23,-44.0,-12.0,4.0,-50.0,-39.0,15.0,67.59,1.0,2.0,2.0,4.0,1.0,1.0,2.0,2.0,2.0,,
GB,United Kingdom,2020-11-24,-47.0,-10.0,3.0,-50.0,-38.0,15.0,67.59,1.0,2.0,2.0,4.0,1.0,1.0,2.0,2.0,2.0,,
GB,United Kingdom,2020-11-25,-47.0,-12.0,-5.0,-51.0,-37.0,16.0,67.59,1.0,2.0,2.0,4.0,1.0,1.0,2.0,2.0,2.0,,
GB,United Kingdom,2020-11-26,-46.0,-9.0,10.0,-51.0,-37.0,15.0,67.59,1.0,2.0,2.0,4.0,1.0,1.0,2.0,2.0,2.0,,
GB,United Kingdom,2020-11-27,-47.0,-7.0,-2.0,-50.0,-38.0,16.0,67.59,1.0,2.0,2.0,4.0,1.0,1.0,2.0,2.0,2.0,,
GB,United Kingdom,2020-11-28,-55.0,-12.0,-11.0,-55.0,-24.0,12.0,67.59,1.0,2.0,2.0,4.0,1.0,1.0,2.0,2.0,2.0,,
GB,United Kingdom,2020-11-29,-53.0,-15.0,5.0,-54.0,-24.0,9.0,67.59,1.0,2.0,2.0,4.0,1.0,1.0,2.0,2.0,2.0,,
GB,United Kingdom,2020-11-30,-41.0,-9.0,-9.0,-49.0,-37.0,14.0,67.59,1.0,2.0,2.0,4.0,1.0,1.0,2.0,2.0,2.0,,
GB,United Kingdom,2020-12-01,-43.0,-7.0,7.0,-48.0,-36.0,14.0,67.59,1.0,2.0,2.0,4.0,1.0,1.0,2.0,2.0,2.0,,
GB,United Kingdom,2020-12-02,-31.0,-6.0,-7.0,-45.0,-32.0,13.0,67.59,1.0,2.0,2.0,4.0,1.0,1.0,2.0,2.0,2.0,,
GB,United Kingdom,2020-12-03,-34.0,-8.0,-20.0,-46.0,-33.0,14.0,63.89,1.0,2.0,2.0,4.0,1.0,0.0,2.0,2.0,2.0,,
GB,United Kingdom,2020-12-04,-35.0,-5.0,-18.0,-44.0,-33.0,14.0,63.89,1.0,2.0,2.0,4.0,1.0,0.0,2.0,2.0,2.0,,
GB,United Kingdom,2020-12-05,-36.0,-6.0,-8.0,-41.0,-13.0,8.0,63.89,1.0,2.0,2.0,4.0,1.0,0.0,2.0,2.0,2.0,,
GB,United Kingdom,2020-12-06,-36.0,-10.0,1.0,-41.0,-13.0,7.0,63.89,1.0,2.0,2.0,4.0,1.0,0.0,2.0,2.0,2.0,,
GB,United Kingdom,2020-12-07,-26.0,-5.0,-4.0,-43.0,-34.0,12.0,63.89,1.0,2.0,2.0,4.0,1.0,0.0,2.0,2.0,2.0,,
GB,United Kingdom,2020-12-08,-31.0,-5.0,-7.0,-44.0,-33.0,12.0,67.59,1.0,2.0,2.0,4.0,1.0,1.0,2.0,2.0,2.0,,
GB,United Kingdom,2020-12-09,-31.0,-5.0,-5.0,-44.0,-32.0,13.0,67.59,1.0,2.0,2.0,4.0,1.0,1.0,2.0,2.0,2.0,,
GB,United Kingdom,2020-12-10,-32.0,-3.0,-1.0,-44.0,-33.0,13.0,67.59,1.0,2.0,2.0,4.0,1.0,1.0,2.0,2.0,2.0,,
GB,United Kingdom,2020-12-11,-33.0,-2.0,-5.0,-41.0,-32.0,13.0,67.59,1.0,2.0,2.0,4.0,1.0,1.0,2.0,2.0,2.0,,
GB,United Kingdom,2020-12-12,-37.0,-5.0,-5.0,-39.0,-12.0,8.0,67.59,1.0,2.0,2.0,4.0,1.0,1.0,2.0,2.0,2.0,,
GB,United Kingdom,2020-12-13,-41.0,-13.0,-31.0,-45.0,-14.0,8.0,67.59,1.0,2.0,2.0,4.0,1.0,1.0,2.0,2.0,2.0,,
GB,United Kingdom,2020-12-14,-25.0,-2.0,2.0,-42.0,-35.0,12.0,73.15,3.0,2.0,2.0,4.0,1.0,1.0,2.0,2.0,2.0,,
GB,United Kingdom,2020-12-15,-25.0,0.0,10.0,-41.0,-34.0,12.0,73.15,3.0,2.0,2.0,4.0,1.0,1.0,2.0,2.0,2.0,,
GB,United Kingdom,2020-12-16,-33.0,-3.0,-14.0,-46.0,-34.0,14.0,73.15,3.0,2.0,2.0,4.0,1.0,1.0,2.0,2.0,2.0,,
GB,United Kingdom,2020-12-17,-29.0,2.0,12.0,-44.0,-35.0,13.0,73.15,3.0,2.0,2.0,4.0,1.0,1.0,2.0,2.0,2.0,,
GB,United Kingdom,2020-12-18,-33.0,-1.0,-14.0,-45.0,-37.0,15.0,73.15,3.0,2.0,2.0,4.0,1.0,1.0,2.0,2.0,2.0,,
GB,United Kingdom,2020-12-19,-40.0,-3.0,-10.0,-41.0,-13.0,8.0,76.85,3.0,3.0,2.0,4.0,1.0,2.0,2.0,2.0,2.0,,
GB,United Kingdom,2020-12-20,-43.0,-7.0,5.0,-45.0,-13.0,7.0,76.85,3.0,3.0,2.0,4.0,1.0,2.0,2.0,2.0,2.0,,
GB,United Kingdom,2020-12-21,-26.0,12.0,-8.0,-52.0,-49.0,16.0,76.85,3.0,3.0,2.0,4.0,1.0,2.0,2.0,2.0,2.0,,
GB,United Kingdom,2020-12-22,-26.0,17.0,14.0,-52.0,-50.0,16.0,76.85,3.0,3.0,2.0,4.0,1.0,2.0,2.0,2.0,2.0,,
GB,United Kingdom,2020-12-23,-27.0,23.0,-12.0,-54.0,-53.0,18.0,76.85,3.0,3.0,2.0,4.0,1.0,2.0,2.0,2.0,2.0,,
GB,United Kingdom,2020-12-24,-35.0,14.0,19.0,-59.0,-65.0,21.0,79.63,3.0,3.0,2.0,4.0,1.0,2.0,2.0,3.0,2.0,,
GB,United Kingdom,2020-12-25,-92.0,-89.0,-25.0,-85.0,-85.0,27.0,75.46,3.0,3.0,2.0,3.0,1.0,2.0,2.0,3.0,2.0,,
GB,United Kingdom,2020-12-26,-81.0,-63.0,-34.0,-76.0,-54.0,15.0,79.63,3.0,3.0,2.0,4.0,1.0,2.0,2.0,3.0,2.0,,
GB,United Kingdom,2020-12-27,-58.0,-24.0,3.0,-59.0,-29.0,10.0,79.63,3.0,3.0,2.0,4.0,1.0,2.0,2.0,3.0,2.0,,
GB,United Kingdom,2020-12-28,-51.0,-24.0,16.0,-70.0,-77.0,26.0,79.63,3.0,3.0,2.0,4.0,1.0,2.0,2.0,3.0,2.0,,
GB,United Kingdom,2020-12-29,-47.0,-11.0,14.0,-64.0,-68.0,24.0,79.63,3.0,3.0,2.0,4.0,1.0,2.0,2.0,3.0,2.0,,
GB,United Kingdom,2020-12-30,-42.0,-3.0,18.0,-63.0,-66.0,23.0,79.63,3.0,3.0,2.0,4.0,1.0,2.0,2.0,3.0,2.0,,
GB,United Kingdom,2020-12-31,-53.0,2.0,14.0,-67.0,-69.0,24.0,79.63,3.0,3.0,2.0,4.0,1.0,2.0,2.0,3.0,2.0,,
GB,United Kingdom,2021-01-01,-83.0,-64.0,-5.0,-82.0,-83.0,32.0,79.63,3.0,3.0,2.0,4.0,1.0,2.0,2.0,3.0,2.0,,
GB,United Kingdom,2021-01-02,-68.0,-24.0,-12.0,-66.0,-39.0,16.0,79.63,3.0,3.0,2.0,4.0,1.0,2.0,2.0,3.0,2.0,,
GB,United Kingdom,2021-01-03,-64.0,-24.0,-8.0,-62.0,-29.0,11.0,79.63,3.0,3.0,2.0,4.0,1.0,2.0,2.0,3.0,2.0,,
GB,United Kingdom,2021-01-04,-53.0,-17.0,-16.0,-62.0,-49.0,19.0,79.63,3.0,3.0,2.0,4.0,1.0,2.0,2.0,3.0,2.0,,
GB,United Kingdom,2021-01-05,-61.0,-21.0,-18.0,-63.0,-50.0,20.0,87.96,3.0,3.0,2.0,4.0,1.0,2.0,2.0,3.0,2.0,,
GB,United Kingdom,2021-01-06,-62.0,-22.0,-13.0,-63.0,-49.0,21.0,87.96,3.0,3.0,2.0,4.0,1.0,2.0,2.0,3.0,2.0,,
GB,United Kingdom,2021-01-07,-62.0,-22.0,-9.0,-64.0,-50.0,21.0,87.96,3.0,3.0,2.0,4.0,1.0,2.0,2.0,3.0,2.0,,
GB,United Kingdom,2021-01-08,-64.0,-23.0,-21.0,-64.0,-49.0,22.0,87.96,3.0,3.0,2.0,4.0,1.0,2.0,2.0,3.0,2.0,,
GB,United Kingdom,2021-01-09,-68.0,-22.0,-14.0,-65.0,-33.0,15.0,87.96,3.0,3.0,2.0,4.0,1.0,2.0,2.0,3.0,2.0,,
GB,United Kingdom,2021-01-10,-68.0,-27.0,-13.0,-65.0,-31.0,12.0,87.96,3.0,3.0,2.0,4.0,1.0,2.0,2.0,3.0,2.0,,
GB,United Kingdom,2021-01-11,-59.0,-25.0,-16.0,-63.0,-50.0,20.0,87.96,3.0,3.0,2.0,4.0,1.0,2.0,2.0,3.0,2.0,,
GB,United Kingdom,2021-01-12,-61.0,-24.0,-7.0,-63.0,-51.0,20.0,87.96,3.0,3.0,2.0,4.0,1.0,2.0,2.0,3.0,2.0,,
GB,United Kingdom,2021-01-13,-64.0,-27.0,-30.0,-65.0,-50.0,21.0,87.96,3.0,3.0,2.0,4.0,1.0,2.0,2.0,3.0,2.0,,
GB,United Kingdom,2021-01-14,-66.0,-29.0,-28.0,-66.0,-53.0,22.0,87.96,3.0,3.0,2.0,4.0,1.0,2.0,2.0,3.0,2.0,,
GB,United Kingdom,2021-01-15,-64.0,-23.0,-15.0,-64.0,-51.0,21.0,87.96,3.0,3.0,2.0,4.0,1.0,2.0,2.0,3.0,2.0,,
GB,United Kingdom,2021-01-16,-70.0,-26.0,-31.0,-67.0,-35.0,15.0,87.96,3.0,3.0,2.0,4.0,1.0,2.0,2.0,3.0,2.0,,
GB,United Kingdom,2021-01-17,-67.0,-27.0,8.0,-63.0,-31.0,11.0,87.96,3.0,3.0,2.0,4.0,1.0,2.0,2.0,3.0,2.0,,
GB,United Kingdom,2021-01-18,-60.0,-25.0,-10.0,-63.0,-51.0,19.0,87.96,3.0,3.0,2.0,4.0,1.0,2.0,2.0,3.0,2.0,,
GB,United Kingdom,2021-01-19,-63.0,-27.0,-23.0,-64.0,-52.0,20.0,87.96,3.0,3.0,2.0,4.0,1.0,2.0,2.0,3.0,2.0,,
GB,United Kingdom,2021-01-20,-65.0,-28.0,-35.0,-66.0,-51.0,21.0,87.96,3.0,3.0,2.0,4.0,1.0,2.0,2.0,3.0,2.0,,
GB,United Kingdom,2021-01-21,-62.0,-23.0,-6.0,-64.0,-51.0,20.0,87.96,3.0,3.0,2.0,4.0,1.0,2.0,2.0,3.0,2.0,,
GB,United Kingdom,2021-01-22,-62.0,-20.0,-3.0,-63.0,-49.0,21.0,87.96,3.0,3.0,2.0,4.0,1.0,2.0,2.0,3.0,2.0,,
GB,United Kingdom,2021-01-23,-67.0,-22.0,-12.0,-64.0,-33.0,14.0,87.96,3.0,3.0,2.0,4.0,1.0,2.0,2.0,3.0,2.0,,
GB,United Kingdom,2021-01-24,-71.0,-31.0,-4.0,-66.0,-34.0,12.0,87.96,3.0,3.0,2.0,4.0,1.0,2.0,2.0,3.0,2.0,,
GB,United Kingdom,2021-01-25,-59.0,-23.0,-1.0,-62.0,-52.0,19.0,87.96,3.0,3.0,2.0,4.0,1.0,2.0,2.0,3.0,2.0,,
GB,United Kingdom,2021-01-26,-62.0,-25.0,-27.0,-64.0,-51.0,20.0,87.96,3.0,3.0,2.0,4.0,1.0,2.0,2.0,3.0,2.0,,
GB,United Kingdom,2021-01-27,-60.0,-21.0,-13.0,-63.0,-50.0,20.0,87.96,3.0,3.0,2.0,4.0,1.0,2.0,2.0,3.0,2.0,,
GB,United Kingdom,2021-01-28,-61.0,-21.0,-12.0,-63.0,-50.0,20.0,87.96,3.0,3.0,2.0,4.0,1.0,2.0,2.0,3.0,2.0,,
GB,United Kingdom,2021-01-29,-60.0,-16.0,-11.0,-61.0,-49.0,20.0,87.96,3.0,3.0,2.0,4.0,1.0,2.0,2.0,3.0,2.0,,
GB,United Kingdom,2021-01-30,-67.0,-22.0,-37.0,-67.0,-33.0,15.0,87.96,3.0,3.0,2.0,4.0,1.0,2.0,2.0,3.0,2.0,,
GB,United Kingdom,2021-01-31,-65.0,-24.0,-3.0,-63.0,-30.0,11.0,87.96,3.0,3.0,2.0,4.0,1.0,2.0,2.0,3.0,2.0,,
IT,Italy,2020-02-15,3.0,-1.0,35.0,9.0,0.0,-1.0,19.44,0.0,0.0,0.0,0.0,0.0,0.0,0.0,3.0,0.0,3.0,0.0
IT,Italy,2020-02-16,3.0,2.0,26.0,11.0,1.0,-2.0,19.44,0.0,0.0,0.0,0.0,0.0,0.0,0.0,3.0,0.0,3.0,0.0
IT,Italy,2020-02-17,0.0,1.0,7.0,3.0,1.0,0.0,19.44,0.0,0.0,0.0,0.0,0.0,0.0,0.0,3.0,0.0,3.0,0.0
IT,Italy,2020-02-18,3.0,1.0,16.0,4.0,1.0,0.0,19.44,0.0,0.0,0.0,0.0,0.0,0.0,0.0,3.0,0.0,3.0,0.0
IT,Italy,2020-02-19,0.0,-1.0,11.0,3.0,1.0,0.0,19.44,0.0,0.0,0.0,0.0,0.0,0.0,0.0,3.0,0.0,3.0,0.0
IT,Italy,2020-02-20,2.0,1.0,18.0,5.0,1.0,0.0,19.44,0.0,0.0,0.0,0.0,0.0,0.0,0.0,3.0,0.0,3.0,0.0
IT,Italy,2020-02-21,1.0,1.0,19.0,5.0,0.0,-1.0,27.78,0.0,0.0,0.0,0.0,0.0,0.0,2.0,3.0,0.0,20.0,1.0
IT,Italy,2020-02-22,-1.0,3.0,30.0,8.0,0.0,-1.0,37.04,0.0,3.0,0.0,0.0,0.0,0.0,2.0,3.0,0.0,62.0,2.0
IT,Italy,2020-02-23,-5.0,16.0,23.0,6.0,1.0,0.0,64.35,3.0,3.0,2.0,4.0,0.0,2.0,1.0,3.0,0.0,155.0,3.0
IT,Italy,2020-02-24,-4.0,23.0,22.0,-15.0,-14.0,4.0,64.35,3.0,3.0,2.0,4.0,0.0,2.0,1.0,3.0,0.0,229.0,7.0
IT,Italy,2020-02-25,-6.0,5.0,20.0,-18.0,-15.0,5.0,64.35,3.0,3.0,2.0,4.0,0.0,2.0,1.0,3.0,0.0,322.0,10.0
IT,Italy,2020-02-26,-13.0,-5.0,-6.0,-23.0,-12.0,6.0,64.35,3.0,3.0,2.0,4.0,0.0,2.0,1.0,3.0,0.0,453.0,12.0
IT,Italy,2020-02-27,-10.0,-3.0,-1.0,-22.0,-12.0,6.0,64.35,3.0,3.0,2.0,4.0,0.0,2.0,1.0,3.0,0.0,655.0,17.0
IT,Italy,2020-02-28,-8.0,-2.0,11.0,-20.0,-12.0,5.0,64.35,3.0,3.0,2.0,4.0,0.0,2.0,1.0,3.0,0.0,888.0,21.0
IT,Italy,2020-02-29,-10.0,-2.0,2.0,-16.0,-9.0,3.0,64.35,3.0,3.0,2.0,4.0,0.0,2.0,1.0,3.0,0.0,1128.0,29.0
IT,Italy,2020-03-01,-19.0,-5.0,-30.0,-26.0,-5.0,4.0,64.35,3.0,3.0,2.0,4.0,0.0,2.0,1.0,3.0,0.0,1694.0,34.0
IT,Italy,2020-03-02,-13.0,-7.0,-26.0,-25.0,-9.0,5.0,69.91,3.0,3.0,2.0,4.0,0.0,2.0,2.0,3.0,0.0,2036.0,52.0
IT,Italy,2020-03-03,-7.0,-1.0,-9.0,-21.0,-8.0,4.0,69.91,3.0,3.0,2.0,4.0,0.0,2.0,2.0,3.0,0.0,2502.0,79.0
IT,Italy,2020-03-04,-7.0,1.0,8.0,-19.0,-8.0,4.0,72.69,3.0,3.0,2.0,4.0,0.0,2.0,2.0,3.0,0.0,3089.0,107.0
IT,Italy,2020-03-05,-12.0,0.0,-12.0,-28.0,-16.0,7.0,74.54,3.0,3.0,2.0,4.0,0.0,2.0,2.0,3.0,0.0,3858.0,148.0
IT,Italy,2020-03-06,-15.0,0.0,-8.0,-29.0,-17.0,8.0,74.54,3.0,3.0,2.0,4.0,0.0,2.0,2.0,3.0,0.0,4636.0,197.0
IT,Italy,2020-03-07,-19.0,1.0,2.0,-24.0,-15.0,6.0,74.54,3.0,3.0,2.0,4.0,0.0,2.0,2.0,3.0,0.0,5883.0,233.0
IT,Italy,2020-03-08,-32.0,3.0,1.0,-27.0,-10.0,6.0,74.54,3.0,3.0,2.0,4.0,0.0,2.0,2.0,3.0,0.0,7375.0,366.0
IT,Italy,2020-03-09,-30.0,-1.0,-24.0,-42.0,-24.0,11.0,74.54,3.0,3.0,2.0,4.0,0.0,2.0,2.0,3.0,0.0,9172.0,463.0
IT,Italy,2020-03-10,-43.0,-2.0,-32.0,-51.0,-31.0,16.0,79.63,3.0,3.0,2.0,4.0,0.0,2.0,2.0,3.0,0.0,10149.0,631.0
IT,Italy,2020-03-11,-52.0,-14.0,-32.0,-57.0,-37.0,19.0,82.41,3.0,3.0,2.0,4.0,1.0,2.0,2.0,3.0,0.0,12462.0,827.0
IT,Italy,2020-03-12,-70.0,-23.0,-61.0,-67.0,-47.0,24.0,82.41,3.0,3.0,2.0,4.0,1.0,2.0,2.0,3.0,0.0,15113.0,1016.0
IT,Italy,2020-03-13,-75.0,-28.0,-64.0,-71.0,-53.0,28.0,82.41,3.0,3.0,2.0,4.0,1.0,2.0,2.0,3.0,0.0,17660.0,1266.0
IT,Italy,2020-03-14,-83.0,-43.0,-78.0,-76.0,-58.0,25.0,82.41,3.0,3.0,2.0,4.0,1.0,2.0,2.0,3.0,0.0,21157.0,1441.0
IT,Italy,2020-03-15,-90.0,-60.0,-81.0,-80.0,-55.0,22.0,82.41,3.0,3.0,2.0,4.0,1.0,2.0,2.0,3.0,0.0,24747.0,1809.0
IT,Italy,2020-03-16,-75.0,-37.0,-67.0,-74.0,-58.0,27.0,82.41,3.0,3.0,2.0,4.0,1.0,2.0,2.0,3.0,0.0,27980.0,2158.0
IT,Italy,2020-03-17,-77.0,-41.0,-68.0,-76.0,-61.0,29.0,82.41,3.0,3.0,2.0,4.0,1.0,2.0,2.0,3.0,1.0,31506.0,2503.0
IT,Italy,2020-03-18,-79.0,-43.0,-71.0,-77.0,-61.0,30.0,82.41,3.0,3.0,2.0,4.0,1.0,2.0,2.0,3.0,1.0,,2978.0
IT,Italy,2020-03-19,-79.0,-44.0,-74.0,-78.0,-63.0,31.0,82.41,3.0,3.0,2.0,4.0,1.0,2.0,2.0,3.0,1.0,,3405.0
IT,Italy,2020-03-20,-80.0,-40.0,-77.0,-78.0,-63.0,32.0,85.19,3.0,3.0,2.0,4.0,1.0,2.0,2.0,3.0,1.0,,4032.0
IT,Italy,2020-03-21,-86.0,-51.0,-85.0,-80.0,-63.0,26.0,85.19,3.0,3.0,2.0,4.0,1.0,2.0,2.0,3.0,1.0,,4825.0
IT,Italy,2020-03-22,-95.0,-85.0,-91.0,-87.0,-63.0,24.0,85.19,3.0,3.0,2.0,4.0,1.0,2.0,2.0,3.0,1.0,,5476.0
IT,Italy,2020-03-23,-80.0,-45.0,-81.0,-81.0,-68.0,32.0,85.19,3.0,3.0,2.0,4.0,1.0,2.0,2.0,3.0,1.0,,6077.0
IT,Italy,2020-03-24,-81.0,-48.0,-80.0,-81.0,-69.0,32.0,85.19,3.0,3.0,2.0,4.0,1.0,2.0,2.0,3.0,1.0,,6820.0
IT,Italy,2020-03-25,-83.0,-51.0,-82.0,-82.0,-70.0,34.0,85.19,3.0,3.0,2.0,4.0,1.0,2.0,2.0,3.0,1.0,,7503.0
IT,Italy,2020-03-26,-84.0,-52.0,-84.0,-83.0,-72.0,35.0,85.19,3.0,3.0,2.0,4.0,1.0,2.0,2.0,3.0,1.0,,8215.0
IT,Italy,2020-03-27,-83.0,-46.0,-82.0,-82.0,-71.0,36.0,85.19,3.0,3.0,2.0,4.0,1.0,2.0,2.0,3.0,1.0,,9134.0
IT,Italy,2020-03-28,-87.0,-54.0,-86.0,-82.0,-65.0,27.0,85.19,3.0,3.0,2.0,4.0,1.0,2.0,2.0,3.0,1.0,,10023.0
IT,Italy,2020-03-29,-94.0,-85.0,-90.0,-87.0,-63.0,24.0,85.19,3.0,3.0,2.0,4.0,1.0,2.0,2.0,3.0,1.0,,10779.0
IT,Italy,2020-03-30,-81.0,-47.0,-79.0,-81.0,-69.0,32.0,85.19,3.0,3.0,2.0,4.0,1.0,2.0,2.0,3.0,1.0,,11591.0
IT,Italy,2020-03-31,-90.0,-42.0,-78.0,-79.0,-70.0,33.0,85.19,3.0,3.0,2.0,4.0,1.0,2.0,2.0,3.0,1.0,,12428.0
IT,Italy,2020-04-01,-90.0,-41.0,-77.0,-79.0,-70.0,33.0,85.19,3.0,3.0,2.0,4.0,1.0,2.0,2.0,3.0,1.0,,13155.0
IT,Italy,2020-04-02,-90.0,-40.0,-77.0,-79.0,-70.0,34.0,85.19,3.0,3.0,2.0,4.0,1.0,2.0,2.0,3.0,1.0,,13915.0
IT,Italy,2020-04-03,-85.0,-37.0,-78.0,-79.0,-69.0,35.0,85.19,3.0,3.0,2.0,4.0,1.0,2.0,2.0,3.0,1.0,,14681.0
IT,Italy,2020-04-04,-89.0,-48.0,-84.0,-80.0,-63.0,27.0,85.19,3.0,3.0,2.0,4.0,1.0,2.0,2.0,3.0,1.0,,15362.0
IT,Italy,2020-04-05,-95.0,-82.0,-90.0,-86.0,-62.0,24.0,85.19,3.0,3.0,2.0,4.0,1.0,2.0,2.0,3.0,1.0,,15887.0
IT,Italy,2020-04-06,-83.0,-39.0,-76.0,-78.0,-66.0,31.0,85.19,3.0,3.0,2.0,4.0,1.0,2.0,2.0,3.0,1.0,,16523.0
IT,Italy,2020-04-07,-81.0,-38.0,-75.0,-78.0,-67.0,31.0,87.96,3.0,3.0,2.0,4.0,1.0,2.0,2.0,3.0,1.0,,17127.0
IT,Italy,2020-04-08,-82.0,-37.0,-76.0,-78.0,-67.0,31.0,87.96,3.0,3.0,2.0,4.0,1.0,2.0,2.0,3.0,1.0,,17669.0
IT,Italy,2020-04-09,-81.0,-32.0,-76.0,-78.0,-67.0,32.0,87.96,3.0,3.0,2.0,4.0,1.0,2.0,2.0,3.0,1.0,,18279.0
IT,Italy,2020-04-10,-81.0,-27.0,-76.0,-77.0,-68.0,33.0,87.96,3.0,3.0,2.0,4.0,1.0,2.0,2.0,3.0,1.0,,18849.0
IT,Italy,2020-04-11,-86.0,-42.0,-83.0,-78.0,-62.0,26.0,87.96,3.0,3.0,2.0,4.0,1.0,2.0,2.0,3.0,1.0,,19468.0
IT,Italy,2020-04-12,-96.0,-94.0,-91.0,-88.0,-66.0,25.0,93.52,3.0,3.0,2.0,4.0,2.0,2.0,2.0,3.0,1.0,,19899.0
IT,Italy,2020-04-13,-96.0,-93.0,-86.0,-91.0,-90.0,40.0,93.52,3.0,3.0,2.0,4.0,2.0,2.0,2.0,3.0,1.0,,20465.0
IT,Italy,2020-04-14,-81.0,-41.0,-76.0,-77.0,-65.0,30.0,93.52,3.0,3.0,2.0,4.0,2.0,2.0,2.0,3.0,1.0,,21067.0
IT,Italy,2020-04-15,-80.0,-38.0,-75.0,-76.0,-64.0,30.0,93.52,3.0,3.0,2.0,4.0,2.0,2.0,2.0,3.0,1.0,,21645.0
IT,Italy,2020-04-16,-79.0,-37.0,-75.0,-76.0,-63.0,31.0,93.52,3.0,3.0,2.0,4.0,2.0,2.0,2.0,3.0,1.0,,22170.0
IT,Italy,2020-04-17,-79.0,-34.0,-75.0,-76.0,-63.0,32.0,93.52,3.0,3.0,2.0,4.0,2.0,2.0,2.0,3.0,1.0,,22745.0
IT,Italy,2020-04-18,-85.0,-48.0,-82.0,-77.0,-58.0,25.0,93.52,3.0,3.0,2.0,4.0,2.0,2.0,2.0,3.0,1.0,,23227.0
IT,Italy,2020-04-19,-94.0,-82.0,-88.0,-84.0,-58.0,23.0,93.52,3.0,3.0,2.0,4.0,2.0,2.0,2.0,3.0,1.0,,23660.0
IT,Italy,2020-04-20,-79.0,-48.0,-79.0,-79.0,-61.0,29.0,93.52,3.0,3.0,2.0,4.0,2.0,2.0,2.0,3.0,1.0,,24114.0
IT,Italy,2020-04-21,-79.0,-45.0,-76.0,-77.0,-61.0,29.0,93.52,3.0,3.0,2.0,4.0,2.0,2.0,2.0,3.0,1.0,,24648.0
IT,Italy,2020-04-22,-79.0,-45.0,-75.0,-76.0,-61.0,30.0,93.52,3.0,3.0,2.0,4.0,2.0,2.0,2.0,3.0,1.0,,25085.0
IT,Italy,2020-04-23,-78.0,-40.0,-73.0,-75.0,-60.0,30.0,93.52,3.0,3.0,2.0,4.0,2.0,2.0,2.0,3.0,1.0,,25549.0
IT,Italy,2020-04-24,-75.0,-27.0,-71.0,-73.0,-60.0,29.0,93.52,3.0,3.0,2.0,4.0,2.0,2.0,2.0,3.0,1.0,,25969.0
IT,Italy,2020-04-25,-93.0,-86.0,-83.0,-83.0,-72.0,28.0,93.52,3.0,3.0,2.0,4.0,2.0,2.0,2.0,3.0,1.0,,26384.0
IT,Italy,2020-04-26,-92.0,-74.0,-85.0,-81.0,-54.0,22.0,93.52,3.0,3.0,2.0,4.0,2.0,2.0,2.0,3.0,1.0,,26644.0
IT,Italy,2020-04-27,-72.0,-34.0,-68.0,-72.0,-57.0,26.0,93.52,3.0,3.0,2.0,4.0,2.0,2.0,2.0,3.0,1.0,,26977.0
IT,Italy,2020-04-28,-75.0,-39.0,-71.0,-74.0,-58.0,26.0,93.52,3.0,3.0,2.0,4.0,2.0,2.0,2.0,3.0,1.0,,27359.0
IT,Italy,2020-04-29,-75.0,-36.0,-68.0,-72.0,-57.0,27.0,93.52,3.0,3.0,2.0,4.0,2.0,2.0,2.0,3.0,1.0,,27682.0
IT,Italy,2020-04-30,-71.0,-23.0,-67.0,-71.0,-57.0,26.0,93.52,3.0,3.0,2.0,4.0,2.0,2.0,2.0,3.0,1.0,,27967.0
IT,Italy,2020-05-01,-92.0,-90.0,-74.0,-86.0,-86.0,41.0,93.52,3.0,3.0,2.0,4.0,2.0,2.0,2.0,3.0,1.0,,28236.0
IT,Italy,2020-05-02,-78.0,-37.0,-71.0,-70.0,-52.0,23.0,93.52,3.0,3.0,2.0,4.0,2.0,2.0,2.0,3.0,1.0,,28710.0
IT,Italy,2020-05-03,-89.0,-71.0,-75.0,-76.0,-46.0,21.0,93.52,3.0,3.0,2.0,4.0,2.0,2.0,2.0,3.0,1.0,,28884.0
IT,Italy,2020-05-04,-58.0,-25.0,-30.0,-57.0,-45.0,18.0,75.0,3.0,1.0,2.0,4.0,0.0,2.0,2.0,3.0,1.0,,29079.0
IT,Italy,2020-05-05,-60.0,-27.0,-31.0,-58.0,-46.0,19.0,75.0,3.0,1.0,2.0,4.0,0.0,2.0,2.0,3.0,1.0,,29315.0
IT,Italy,2020-05-06,-61.0,-28.0,-32.0,-58.0,-46.0,20.0,75.0,3.0,1.0,2.0,4.0,0.0,2.0,2.0,3.0,1.0,,29684.0
IT,Italy,2020-05-07,-60.0,-27.0,-28.0,-58.0,-45.0,20.0,75.0,3.0,1.0,2.0,4.0,0.0,2.0,2.0,3.0,1.0,,29958.0
IT,Italy,2020-05-08,-60.0,-23.0,-29.0,-58.0,-45.0,21.0,75.0,3.0,1.0,2.0,4.0,0.0,2.0,2.0,3.0,1.0,,30201.0
IT,Italy,2020-05-09,-63.0,-28.0,-31.0,-52.0,-39.0,15.0,75.0,3.0,1.0,2.0,4.0,0.0,2.0,2.0,3.0,1.0,,30395.0
IT,Italy,2020-05-10,-74.0,-61.0,-43.0,-57.0,-28.0,13.0,75.0,3.0,1.0,2.0,4.0,0.0,2.0,2.0,3.0,1.0,,30560.0
IT,Italy,2020-05-11,-58.0,-31.0,-45.0,-61.0,-43.0,19.0,75.0,3.0,1.0,2.0,4.0,0.0,2.0,2.0,3.0,1.0,,30739.0
IT,Italy,2020-05-12,-56.0,-24.0,-27.0,-56.0,-42.0,19.0,75.0,3.0,1.0,2.0,4.0,0.0,2.0,2.0,3.0,1.0,,30911.0
IT,Italy,2020-05-13,-59.0,-27.0,-39.0,-59.0,-42.0,19.0,75.0,3.0,1.0,2.0,4.0,0.0,2.0,2.0,3.0,1.0,,31106.0
IT,Italy,2020-05-14,-56.0,-24.0,-28.0,-56.0,-42.0,18.0,75.0,3.0,1.0,2.0,4.0,0.0,2.0,2.0,3.0,1.0,,31368.0
IT,Italy,2020-05-15,-58.0,-22.0,-34.0,-58.0,-42.0,20.0,75.0,3.0,1.0,2.0,4.0,0.0,2.0,2.0,3.0,1.0,,31610.0
IT,Italy,2020-05-16,-61.0,-26.0,-37.0,-53.0,-34.0,15.0,78.7,3.0,2.0,2.0,4.0,0.0,2.0,2.0,3.0,1.0,,31763.0
IT,Italy,2020-05-17,-68.0,-56.0,-24.0,-52.0,-21.0,12.0,78.7,3.0,2.0,2.0,4.0,0.0,2.0,2.0,3.0,1.0,,31908.0
IT,Italy,2020-05-18,-38.0,-19.0,-11.0,-48.0,-36.0,14.0,67.59,3.0,2.0,2.0,0.0,0.0,2.0,2.0,3.0,1.0,,32007.0
IT,Italy,2020-05-19,-40.0,-18.0,-22.0,-50.0,-37.0,15.0,67.59,3.0,2.0,2.0,0.0,0.0,2.0,2.0,3.0,1.0,,32169.0
IT,Italy,2020-05-20,-40.0,-18.0,-13.0,-48.0,-37.0,15.0,67.59,3.0,2.0,2.0,0.0,0.0,2.0,2.0,3.0,1.0,,32330.0
IT,Italy,2020-05-21,-37.0,-15.0,0.0,-46.0,-37.0,15.0,67.59,3.0,2.0,2.0,0.0,0.0,2.0,2.0,3.0,1.0,,32486.0
IT,Italy,2020-05-22,-38.0,-13.0,4.0,-46.0,-36.0,14.0,67.59,3.0,2.0,2.0,0.0,0.0,2.0,2.0,3.0,1.0,,32616.0
IT,Italy,2020-05-23,-38.0,-17.0,11.0,-35.0,-24.0,8.0,67.59,3.0,2.0,2.0,0.0,0.0,2.0,2.0,3.0,1.0,,32735.0
IT,Italy,2020-05-24,-43.0,-38.0,13.0,-35.0,-9.0,5.0,67.59,3.0,2.0,2.0,0.0,0.0,2.0,2.0,3.0,1.0,,
IT,Italy,2020-05-25,-32.0,-17.0,4.0,-45.0,-34.0,12.0,67.59,3.0,2.0,2.0,0.0,0.0,2.0,2.0,3.0,1.0,,
IT,Italy,2020-05-26,-32.0,-14.0,6.0,-44.0,-34.0,12.0,67.59,3.0,2.0,2.0,0.0,0.0,2.0,2.0,3.0,1.0,,
IT,Italy,2020-05-27,-32.0,-13.0,8.0,-43.0,-33.0,12.0,67.59,3.0,2.0,2.0,0.0,0.0,2.0,2.0,3.0,1.0,,
IT,Italy,2020-05-28,-32.0,-12.0,5.0,-43.0,-33.0,13.0,67.59,3.0,2.0,2.0,0.0,0.0,2.0,2.0,3.0,1.0,,
IT,Italy,2020-05-29,-35.0,-11.0,-6.0,-45.0,-34.0,13.0,67.59,3.0,2.0,2.0,0.0,0.0,2.0,2.0,3.0,1.0,,
IT,Italy,2020-05-30,-34.0,-13.0,7.0,-32.0,-20.0,7.0,67.59,3.0,2.0,2.0,0.0,0.0,2.0,2.0,3.0,1.0,,
IT,Italy,2020-05-31,-37.0,-31.0,15.0,-32.0,-2.0,5.0,67.59,3.0,2.0,2.0,0.0,0.0,2.0,2.0,3.0,1.0,,
IT,Italy,2020-06-01,-15.0,4.0,53.0,-37.0,-44.0,11.0,67.59,3.0,2.0,2.0,0.0,0.0,2.0,2.0,3.0,1.0,,
IT,Italy,2020-06-02,-32.0,-44.0,119.0,-46.0,-72.0,16.0,67.59,3.0,2.0,2.0,0.0,0.0,2.0,2.0,3.0,1.0,,
IT,Italy,2020-06-03,-29.0,-7.0,6.0,-37.0,-31.0,10.0,67.59,3.0,2.0,2.0,0.0,0.0,2.0,2.0,3.0,1.0,,
IT,Italy,2020-06-04,-33.0,-11.0,-24.0,-44.0,-33.0,12.0,67.59,3.0,2.0,2.0,0.0,0.0,2.0,2.0,3.0,1.0,,
IT,Italy,2020-06-05,-28.0,-10.0,1.0,-40.0,-32.0,11.0,67.59,3.0,2.0,2.0,0.0,0.0,2.0,2.0,3.0,1.0,,
IT,Italy,2020-06-06,-25.0,-12.0,31.0,-25.0,-17.0,4.0,67.59,3.0,2.0,2.0,0.0,0.0,2.0,2.0,3.0,1.0,,
IT,Italy,2020-06-07,-34.0,-28.0,-4.0,-36.0,-3.0,4.0,67.59,3.0,2.0,2.0,0.0,0.0,2.0,2.0,3.0,1.0,,
IT,Italy,2020-06-08,-25.0,-14.0,-7.0,-42.0,-31.0,10.0,67.59,3.0,2.0,2.0,0.0,0.0,2.0,2.0,3.0,1.0,,
IT,Italy,2020-06-09,-21.0,-11.0,9.0,-38.0,-30.0,9.0,67.59,3.0,2.0,2.0,0.0,0.0,2.0,2.0,3.0,1.0,,
IT,Italy,2020-06-10,-23.0,-11.0,2.0,-39.0,-30.0,10.0,67.59,3.0,2.0,2.0,0.0,0.0,2.0,2.0,3.0,1.0,,
IT,Italy,2020-06-11,-21.0,-8.0,3.0,-39.0,-30.0,9.0,67.59,3.0,2.0,2.0,0.0,0.0,2.0,2.0,3.0,1.0,,
IT,Italy,2020-06-12,-19.0,-8.0,35.0,-34.0,-30.0,7.0,67.59,3.0,2.0,2.0,0.0,0.0,2.0,2.0,3.0,1.0,,
IT,Italy,2020-06-13,-24.0,-14.0,29.0,-26.0,-15.0,2.0,67.59,3.0,2.0,2.0,0.0,0.0,2.0,2.0,3.0,1.0,,
IT,Italy,2020-06-14,-23.0,-21.0,30.0,-23.0,4.0,0.0,67.59,3.0,2.0,2.0,0.0,0.0,2.0,2.0,3.0,1.0,,
IT,Italy,2020-06-15,-18.0,-11.0,19.0,-36.0,-28.0,7.0,67.59,3.0,2.0,2.0,2.0,0.0,2.0,1.0,3.0,1.0,,
IT,Italy,2020-06-16,-16.0,-8.0,27.0,-34.0,-28.0,8.0,67.59,3.0,2.0,2.0,2.0,0.0,2.0,1.0,3.0,1.0,,
IT,Italy,2020-06-17,-17.0,-9.0,24.0,-34.0,-28.0,8.0,67.59,3.0,2.0,2.0,2.0,0.0,2.0,1.0,3.0,1.0,,
IT,Italy,2020-06-18,-15.0,-9.0,36.0,-33.0,-28.0,7.0,67.59,3.0,2.0,2.0,2.0,0.0,2.0,1.0,3.0,1.0,,
IT,Italy,2020-06-19,-16.0,-8.0,41.0,-31.0,-28.0,6.0,67.59,3.0,2.0,2.0,2.0,0.0,2.0,1.0,3.0,1.0,,
IT,Italy,2020-06-20,-17.0,-12.0,64.0,-16.0,-12.0,-1.0,67.59,3.0,2.0,2.0,2.0,0.0,2.0,1.0,3.0,1.0,,
IT,Italy,2020-06-21,-22.0,-21.0,47.0,-16.0,6.0,-3.0,67.59,3.0,2.0,2.0,2.0,0.0,2.0,1.0,3.0,1.0,,
IT,Italy,2020-06-22,-13.0,-9.0,46.0,-31.0,-29.0,5.0,67.59,3.0,2.0,2.0,2.0,0.0,2.0,1.0,3.0,1.0,,
IT,Italy,2020-06-23,-11.0,-7.0,59.0,-29.0,-28.0,5.0,67.59,3.0,2.0,2.0,2.0,0.0,2.0,1.0,3.0,1.0,,
IT,Italy,2020-06-24,-12.0,-8.0,60.0,-30.0,-28.0,5.0,67.59,3.0,2.0,2.0,2.0,0.0,2.0,1.0,3.0,1.0,,
IT,Italy,2020-06-25,-13.0,-6.0,51.0,-29.0,-27.0,5.0,67.59,3.0,2.0,2.0,2.0,0.0,2.0,1.0,3.0,1.0,,
IT,Italy,2020-06-26,-14.0,-6.0,60.0,-27.0,-28.0,4.0,67.59,3.0,2.0,2.0,2.0,0.0,2.0,1.0,3.0,1.0,,
IT,Italy,2020-06-27,-18.0,-12.0,71.0,-15.0,-14.0,-2.0,67.59,3.0,2.0,2.0,2.0,0.0,2.0,1.0,3.0,1.0,,
IT,Italy,2020-06-28,-22.0,-21.0,53.0,-14.0,8.0,-5.0,67.59,3.0,2.0,2.0,2.0,0.0,2.0,1.0,3.0,1.0,,
IT,Italy,2020-06-29,-10.0,-8.0,62.0,-31.0,-29.0,4.0,67.59,3.0,2.0,2.0,2.0,0.0,2.0,1.0,3.0,1.0,,
IT,Italy,2020-06-30,-8.0,-6.0,60.0,-29.0,-26.0,4.0,67.59,3.0,2.0,2.0,2.0,0.0,2.0,1.0,3.0,1.0,,
IT,Italy,2020-07-01,-9.0,-5.0,55.0,-28.0,-26.0,4.0,67.59,3.0,2.0,2.0,2.0,0.0,2.0,1.0,3.0,1.0,,
IT,Italy,2020-07-02,-10.0,-6.0,55.0,-28.0,-26.0,4.0,67.59,3.0,2.0,2.0,2.0,0.0,2.0,1.0,3.0,1.0,,
IT,Italy,2020-07-03,-14.0,-7.0,47.0,-29.0,-27.0,4.0,67.59,3.0,2.0,2.0,2.0,0.0,2.0,1.0,3.0,1.0,,
IT,Italy,2020-07-04,-15.0,-11.0,65.0,-15.0,-14.0,-2.0,67.59,3.0,2.0,2.0,2.0,0.0,2.0,1.0,3.0,1.0,,
IT,Italy,2020-07-05,-18.0,-17.0,56.0,-12.0,7.0,-6.0,67.59,3.0,2.0,2.0,2.0,0.0,2.0,1.0,3.0,1.0,,
IT,Italy,2020-07-06,-8.0,-6.0,70.0,-27.0,-27.0,3.0,67.59,3.0,2.0,2.0,2.0,0.0,2.0,1.0,3.0,1.0,,
IT,Italy,2020-07-07,-5.0,-3.0,77.0,-26.0,-27.0,3.0,67.59,3.0,2.0,2.0,2.0,0.0,2.0,1.0,3.0,1.0,,
IT,Italy,2020-07-08,-8.0,-7.0,78.0,-26.0,-25.0,3.0,67.59,3.0,2.0,2.0,2.0,0.0,2.0,1.0,3.0,1.0,,
IT,Italy,2020-07-09,-8.0,-6.0,74.0,-26.0,-26.0,3.0,67.59,3.0,2.0,2.0,2.0,0.0,2.0,1.0,3.0,1.0,,
IT,Italy,2020-07-10,-10.0,-6.0,77.0,-25.0,-27.0,2.0,67.59,3.0,2.0,2.0,2.0,0.0,2.0,1.0,3.0,1.0,,
IT,Italy,2020-07-11,-16.0,-13.0,69.0,-15.0,-13.0,-2.0,67.59,3.0,2.0,2.0,2.0,0.0,2.0,1.0,3.0,1.0,,
IT,Italy,2020-07-12,-16.0,-16.0,63.0,-9.0,9.0,-6.0,67.59,3.0,2.0,2.0,2.0,0.0,2.0,1.0,3.0,1.0,,
IT,Italy,2020-07-13,-6.0,-5.0,79.0,-25.0,-26.0,2.0,67.59,3.0,2.0,2.0,2.0,0.0,2.0,1.0,3.0,1.0,,
IT,Italy,2020-07-14,-4.0,-4.0,87.0,-25.0,-26.0,2.0,67.59,3.0,2.0,2.0,2.0,0.0,2.0,1.0,3.0,1.0,,
IT,Italy,2020-07-15,-6.0,-6.0,75.0,-27.0,-25.0,3.0,67.59,3.0,2.0,2.0,2.0,0.0,2.0,1.0,3.0,1.0,,
IT,Italy,2020-07-16,-5.0,-5.0,79.0,-25.0,-25.0,2.0,67.59,3.0,2.0,2.0,2.0,0.0,2.0,1.0,3.0,1.0,,
IT,Italy,2020-07-17,-9.0,-5.0,73.0,-25.0,-26.0,3.0,67.59,3.0,2.0,2.0,2.0,0.0,2.0,1.0,3.0,1.0,,
IT,Italy,2020-07-18,-12.0,-10.0,84.0,-10.0,-12.0,-3.0,67.59,3.0,2.0,2.0,2.0,0.0,2.0,1.0,3.0,1.0,,
IT,Italy,2020-07-19,-14.0,-15.0,70.0,-6.0,11.0,-7.0,67.59,3.0,2.0,2.0,2.0,0.0,2.0,1.0,3.0,1.0,,
IT,Italy,2020-07-20,-5.0,-5.0,95.0,-25.0,-26.0,2.0,67.59,3.0,2.0,2.0,2.0,0.0,2.0,1.0,3.0,1.0,,
IT,Italy,2020-07-21,-3.0,-5.0,101.0,-25.0,-26.0,2.0,67.59,3.0,2.0,2.0,2.0,0.0,2.0,1.0,3.0,1.0,,
IT,Italy,2020-07-22,-6.0,-6.0,92.0,-26.0,-24.0,2.0,67.59,3.0,2.0,2.0,2.0,0.0,2.0,1.0,3.0,1.0,,
IT,Italy,2020-07-23,-5.0,-5.0,92.0,-25.0,-25.0,2.0,67.59,3.0,2.0,2.0,2.0,0.0,2.0,1.0,3.0,1.0,,
IT,Italy,2020-07-24,-10.0,-5.0,75.0,-26.0,-27.0,3.0,67.59,3.0,2.0,2.0,2.0,0.0,2.0,1.0,3.0,1.0,,
IT,Italy,2020-07-25,-12.0,-12.0,96.0,-8.0,-12.0,-4.0,67.59,3.0,2.0,2.0,2.0,0.0,2.0,1.0,3.0,1.0,,
IT,Italy,2020-07-26,-13.0,-14.0,74.0,-5.0,12.0,-7.0,67.59,3.0,2.0,2.0,2.0,0.0,2.0,1.0,3.0,1.0,,
IT,Italy,2020-07-27,-2.0,-3.0,104.0,-23.0,-27.0,1.0,63.89,3.0,1.0,2.0,2.0,0.0,2.0,1.0,3.0,1.0,,
IT,Italy,2020-07-28,-2.0,-3.0,106.0,-24.0,-26.0,2.0,63.89,3.0,1.0,2.0,2.0,0.0,2.0,1.0,3.0,1.0,,
IT,Italy,2020-07-29,-4.0,-5.0,105.0,-24.0,-26.0,2.0,63.89,3.0,1.0,2.0,2.0,0.0,2.0,1.0,3.0,1.0,,
IT,Italy,2020-07-30,-4.0,-6.0,93.0,-25.0,-27.0,2.0,63.89,3.0,1.0,2.0,2.0,0.0,2.0,1.0,3.0,1.0,,
IT,Italy,2020-07-31,-7.0,-7.0,91.0,-23.0,-28.0,1.0,63.89,3.0,1.0,2.0,2.0,0.0,2.0,1.0,3.0,1.0,,
IT,Italy,2020-08-01,-14.0,-13.0,83.0,-10.0,-15.0,-4.0,64.81,3.0,1.0,2.0,2.0,0.0,2.0,2.0,3.0,1.0,,
IT,Italy,2020-08-02,-13.0,-11.0,61.0,-9.0,9.0,-6.0,64.81,3.0,1.0,2.0,2.0,0.0,2.0,2.0,3.0,1.0,,
IT,Italy,2020-08-03,-2.0,-2.0,90.0,-26.0,-32.0,3.0,64.81,3.0,1.0,2.0,2.0,0.0,2.0,2.0,3.0,1.0,,
IT,Italy,2020-08-04,4.0,2.0,109.0,-24.0,-32.0,3.0,64.81,3.0,1.0,2.0,2.0,0.0,2.0,2.0,3.0,1.0,,
IT,Italy,2020-08-05,2.0,-1.0,116.0,-24.0,-31.0,3.0,64.81,3.0,1.0,2.0,2.0,0.0,2.0,2.0,3.0,1.0,,
IT,Italy,2020-08-06,2.0,-2.0,117.0,-23.0,-32.0,2.0,64.81,3.0,1.0,2.0,2.0,0.0,2.0,2.0,3.0,1.0,,
IT,Italy,2020-08-07,-4.0,-4.0,113.0,-22.0,-33.0,2.0,64.81,3.0,1.0,2.0,2.0,0.0,2.0,2.0,3.0,1.0,,
IT,Italy,2020-08-08,-13.0,-13.0,104.0,-5.0,-17.0,-4.0,64.81,3.0,1.0,2.0,2.0,0.0,2.0,2.0,3.0,1.0,,
IT,Italy,2020-08-09,-12.0,-13.0,91.0,-1.0,9.0,-7.0,64.81,3.0,1.0,2.0,2.0,0.0,2.0,2.0,3.0,1.0,,
IT,Italy,2020-08-10,5.0,1.0,180.0,-22.0,-47.0,3.0,64.81,3.0,1.0,2.0,2.0,0.0,2.0,2.0,3.0,1.0,,
IT,Italy,2020-08-11,5.0,1.0,191.0,-24.0,-47.0,3.0,64.81,3.0,1.0,2.0,2.0,0.0,2.0,2.0,3.0,1.0,,
IT,Italy,2020-08-12,3.0,0.0,184.0,-25.0,-47.0,4.0,64.81,3.0,1.0,2.0,2.0,0.0,2.0,2.0,3.0,1.0,,
IT,Italy,2020-08-13,3.0,4.0,176.0,-24.0,-49.0,4.0,64.81,3.0,1.0,2.0,2.0,0.0,2.0,2.0,3.0,1.0,,
IT,Italy,2020-08-14,-3.0,15.0,165.0,-24.0,-53.0,4.0,64.81,3.0,1.0,2.0,2.0,0.0,2.0,2.0,3.0,1.0,,
IT,Italy,2020-08-15,-37.0,-56.0,139.0,-17.0,-47.0,-5.0,64.81,3.0,1.0,2.0,2.0,0.0,2.0,2.0,3.0,1.0,,
IT,Italy,2020-08-16,-14.0,-12.0,96.0,0.0,4.0,-7.0,64.81,3.0,1.0,2.0,2.0,0.0,2.0,2.0,3.0,1.0,,
IT,Italy,2020-08-17,3.0,5.0,184.0,-22.0,-53.0,4.0,68.52,3.0,2.0,2.0,2.0,0.0,2.0,2.0,3.0,1.0,,
IT,Italy,2020-08-18,5.0,3.0,198.0,-24.0,-50.0,5.0,68.52,3.0,2.0,2.0,2.0,0.0,2.0,2.0,3.0,1.0,,
IT,Italy,2020-08-19,0.0,-2.0,197.0,-25.0,-49.0,4.0,68.52,3.0,2.0,2.0,2.0,0.0,2.0,2.0,3.0,1.0,,
IT,Italy,2020-08-20,-2.0,-4.0,182.0,-25.0,-49.0,4.0,68.52,3.0,2.0,2.0,2.0,0.0,2.0,2.0,3.0,1.0,,
IT,Italy,2020-08-21,-9.0,-6.0,157.0,-26.0,-49.0,5.0,68.52,3.0,2.0,2.0,2.0,0.0,2.0,2.0,3.0,1.0,,
IT,Italy,2020-08-22,-18.0,-19.0,116.0,-9.0,-23.0,-4.0,68.52,3.0,2.0,2.0,2.0,0.0,2.0,2.0,3.0,1.0,,
IT,Italy,2020-08-23,-17.0,-14.0,71.0,-5.0,12.0,-6.0,68.52,3.0,2.0,2.0,2.0,0.0,2.0,2.0,3.0,1.0,,
IT,Italy,2020-08-24,-1.0,-1.0,127.0,-26.0,-38.0,4.0,68.52,3.0,2.0,2.0,2.0,0.0,2.0,2.0,3.0,1.0,,
IT,Italy,2020-08-25,1.0,-2.0,141.0,-26.0,-37.0,3.0,68.52,3.0,2.0,2.0,2.0,0.0,2.0,2.0,3.0,1.0,,
IT,Italy,2020-08-26,-3.0,-5.0,135.0,-27.0,-34.0,3.0,68.52,3.0,2.0,2.0,2.0,0.0,2.0,2.0,3.0,1.0,,
IT,Italy,2020-08-27,-3.0,-5.0,124.0,-27.0,-34.0,3.0,68.52,3.0,2.0,2.0,2.0,0.0,2.0,2.0,3.0,1.0,,
IT,Italy,2020-08-28,-9.0,-7.0,100.0,-27.0,-35.0,4.0,68.52,3.0,2.0,2.0,2.0,0.0,2.0,2.0,3.0,1.0,,
IT,Italy,2020-08-29,-17.0,-15.0,63.0,-17.0,-18.0,-1.0,68.52,3.0,2.0,2.0,2.0,0.0,2.0,2.0,3.0,1.0,,
IT,Italy,2020-08-30,-15.0,-11.0,40.0,-11.0,8.0,-2.0,68.52,3.0,2.0,2.0,2.0,0.0,2.0,2.0,3.0,1.0,,
IT,Italy,2020-08-31,-7.0,-5.0,56.0,-28.0,-31.0,5.0,68.52,3.0,2.0,2.0,2.0,0.0,2.0,2.0,3.0,1.0,,
IT,Italy,2020-09-01,0.0,0.0,94.0,-23.0,-28.0,3.0,68.52,3.0,2.0,2.0,2.0,0.0,2.0,2.0,3.0,1.0,,
IT,Italy,2020-09-02,-4.0,-3.0,80.0,-26.0,-28.0,4.0,68.52,3.0,2.0,2.0,2.0,0.0,2.0,2.0,3.0,1.0,,
IT,Italy,2020-09-03,-3.0,-2.0,86.0,-24.0,-28.0,3.0,68.52,3.0,2.0,2.0,2.0,0.0,2.0,2.0,3.0,1.0,,
IT,Italy,2020-09-04,-6.0,-5.0,89.0,-23.0,-28.0,2.0,68.52,3.0,2.0,2.0,2.0,0.0,2.0,2.0,3.0,1.0,,
IT,Italy,2020-09-05,-10.0,-12.0,92.0,-10.0,-15.0,-3.0,68.52,3.0,2.0,2.0,2.0,0.0,2.0,2.0,3.0,1.0,,
IT,Italy,2020-09-06,-11.0,-12.0,68.0,-4.0,9.0,-6.0,68.52,3.0,2.0,2.0,2.0,0.0,2.0,2.0,3.0,1.0,,
IT,Italy,2020-09-07,-4.0,-3.0,69.0,-24.0,-29.0,3.0,66.67,3.0,2.0,2.0,2.0,0.0,2.0,2.0,3.0,1.0,,
IT,Italy,2020-09-08,0.0,-3.0,88.0,-21.0,-28.0,2.0,66.67,3.0,2.0,2.0,2.0,0.0,2.0,2.0,3.0,1.0,,
IT,Italy,2020-09-09,-4.0,-5.0,83.0,-22.0,-26.0,2.0,66.67,3.0,2.0,2.0,2.0,0.0,2.0,2.0,3.0,1.0,,
IT,Italy,2020-09-10,-3.0,-3.0,75.0,-21.0,-27.0,1.0,66.67,3.0,2.0,2.0,2.0,0.0,2.0,2.0,3.0,1.0,,
IT,Italy,2020-09-11,-5.0,-3.0,73.0,-20.0,-27.0,1.0,66.67,3.0,2.0,2.0,2.0,0.0,2.0,2.0,3.0,1.0,,
IT,Italy,2020-09-12,-8.0,-9.0,82.0,-7.0,-15.0,-5.0,66.67,3.0,2.0,2.0,2.0,0.0,2.0,2.0,3.0,1.0,,
IT,Italy,2020-09-13,-10.0,-10.0,58.0,-4.0,8.0,-6.0,66.67,3.0,2.0,2.0,2.0,0.0,2.0,2.0,3.0,1.0,,
IT,Italy,2020-09-14,-2.0,-2.0,67.0,-18.0,-25.0,1.0,66.67,3.0,2.0,2.0,2.0,0.0,2.0,2.0,3.0,1.0,,
IT,Italy,2020-09-15,-1.0,-1.0,72.0,-16.0,-24.0,1.0,66.67,3.0,2.0,2.0,2.0,0.0,2.0,2.0,3.0,1.0,,
IT,Italy,2020-09-16,-4.0,-3.0,66.0,-16.0,-24.0,1.0,66.67,3.0,2.0,2.0,2.0,0.0,2.0,2.0,3.0,1.0,,
IT,Italy,2020-09-17,-5.0,-3.0,61.0,-16.0,-24.0,2.0,66.67,3.0,2.0,2.0,2.0,0.0,2.0,2.0,3.0,1.0,,
IT,Italy,2020-09-18,-6.0,-4.0,67.0,-15.0,-24.0,1.0,66.67,3.0,2.0,2.0,2.0,0.0,2.0,2.0,3.0,1.0,,
IT,Italy,2020-09-19,-8.0,-9.0,71.0,-7.0,-14.0,-3.0,66.67,3.0,2.0,2.0,2.0,0.0,2.0,2.0,3.0,1.0,,
IT,Italy,2020-09-20,-8.0,-8.0,48.0,-4.0,7.0,-4.0,66.67,3.0,2.0,2.0,2.0,0.0,2.0,2.0,3.0,1.0,,
IT,Italy,2020-09-21,-6.0,-4.0,44.0,-19.0,-26.0,2.0,62.96,2.0,2.0,2.0,2.0,0.0,2.0,2.0,3.0,1.0,,
IT,Italy,2020-09-22,-7.0,-2.0,32.0,-19.0,-25.0,4.0,62.96,2.0,2.0,2.0,2.0,0.0,2.0,2.0,3.0,1.0,,
IT,Italy,2020-09-23,-9.0,0.0,33.0,-17.0,-22.0,4.0,62.96,2.0,2.0,2.0,2.0,0.0,2.0,2.0,3.0,1.0,,
IT,Italy,2020-09-24,-10.0,0.0,29.0,-17.0,-23.0,4.0,62.96,2.0,2.0,2.0,2.0,0.0,2.0,2.0,3.0,1.0,,
IT,Italy,2020-09-25,-14.0,-2.0,13.0,-19.0,-24.0,5.0,62.96,2.0,2.0,2.0,2.0,0.0,2.0,2.0,3.0,1.0,,
IT,Italy,2020-09-26,-11.0,-3.0,31.0,-10.0,-13.0,1.0,62.96,2.0,2.0,2.0,2.0,0.0,2.0,2.0,3.0,1.0,,
IT,Italy,2020-09-27,-20.0,-12.0,-3.0,-17.0,-2.0,3.0,62.96,2.0,2.0,2.0,2.0,0.0,2.0,2.0,3.0,1.0,,
IT,Italy,2020-09-28,-10.0,-1.0,19.0,-19.0,-22.0,4.0,62.96,2.0,2.0,2.0,2.0,0.0,2.0,2.0,3.0,1.0,,
IT,Italy,2020-09-29,-5.0,3.0,42.0,-14.0,-21.0,3.0,62.96,2.0,2.0,2.0,2.0,0.0,2.0,2.0,3.0,1.0,,
IT,Italy,2020-09-30,-8.0,2.0,39.0,-13.0,-21.0,2.0,62.96,2.0,2.0,2.0,2.0,0.0,2.0,2.0,3.0,1.0,,
IT,Italy,2020-10-01,-9.0,5.0,25.0,-14.0,-19.0,3.0,61.11,1.0,2.0,2.0,2.0,0.0,2.0,2.0,3.0,1.0,,
IT,Italy,2020-10-02,-14.0,0.0,8.0,-16.0,-20.0,4.0,61.11,1.0,2.0,2.0,2.0,0.0,2.0,2.0,3.0,1.0,,
IT,Italy,2020-10-03,-13.0,-3.0,13.0,-10.0,-14.0,2.0,61.11,1.0,2.0,2.0,2.0,0.0,2.0,2.0,3.0,1.0,,
IT,Italy,2020-10-04,-15.0,-10.0,11.0,-10.0,-2.0,1.0,61.11,1.0,2.0,2.0,2.0,0.0,2.0,2.0,3.0,1.0,,
IT,Italy,2020-10-05,-11.0,0.0,19.0,-14.0,-20.0,3.0,61.11,1.0,2.0,2.0,2.0,0.0,2.0,2.0,3.0,1.0,,
IT,Italy,2020-10-06,-8.0,2.0,27.0,-13.0,-20.0,3.0,63.89,1.0,2.0,2.0,3.0,0.0,2.0,2.0,3.0,1.0,,
IT,Italy,2020-10-07,-12.0,0.0,20.0,-15.0,-18.0,3.0,63.89,1.0,2.0,2.0,3.0,0.0,2.0,2.0,3.0,1.0,,
IT,Italy,2020-10-08,-10.0,2.0,30.0,-14.0,-18.0,3.0,63.89,1.0,2.0,2.0,3.0,0.0,2.0,2.0,3.0,1.0,,
IT,Italy,2020-10-09,-11.0,2.0,30.0,-13.0,-18.0,3.0,63.89,1.0,2.0,2.0,3.0,0.0,2.0,2.0,3.0,1.0,,
IT,Italy,2020-10-10,-12.0,-4.0,41.0,-7.0,-10.0,0.0,63.89,1.0,2.0,2.0,3.0,0.0,2.0,2.0,3.0,1.0,,
IT,Italy,2020-10-11,-24.0,-12.0,-19.0,-25.0,-6.0,4.0,63.89,1.0,2.0,2.0,3.0,0.0,2.0,2.0,3.0,1.0,,
IT,Italy,2020-10-12,-15.0,-2.0,4.0,-19.0,-19.0,5.0,63.89,1.0,2.0,2.0,3.0,0.0,2.0,2.0,3.0,1.0,,
IT,Italy,2020-10-13,-11.0,1.0,20.0,-16.0,-18.0,4.0,63.89,1.0,2.0,2.0,3.0,0.0,2.0,2.0,3.0,1.0,,
IT,Italy,2020-10-14,-15.0,0.0,5.0,-19.0,-17.0,5.0,65.74,1.0,2.0,2.0,3.0,0.0,2.0,2.0,3.0,1.0,,
IT,Italy,2020-10-15,-19.0,-2.0,-17.0,-24.0,-18.0,7.0,65.74,1.0,2.0,2.0,3.0,0.0,2.0,2.0,3.0,1.0,,
IT,Italy,2020-10-16,-16.0,4.0,6.0,-19.0,-18.0,6.0,65.74,1.0,2.0,2.0,3.0,0.0,2.0,2.0,3.0,1.0,,
IT,Italy,2020-10-17,-17.0,-3.0,22.0,-14.0,-12.0,3.0,65.74,1.0,2.0,2.0,3.0,0.0,2.0,2.0,3.0,1.0,,
IT,Italy,2020-10-18,-20.0,-11.0,20.0,-15.0,-6.0,3.0,65.74,1.0,2.0,2.0,3.0,0.0,2.0,2.0,3.0,1.0,,
IT,Italy,2020-10-19,-16.0,-2.0,11.0,-21.0,-18.0,6.0,65.74,1.0,2.0,2.0,3.0,0.0,2.0,2.0,3.0,1.0,,
IT,Italy,2020-10-20,-15.0,0.0,14.0,-21.0,-18.0,6.0,65.74,1.0,2.0,2.0,3.0,0.0,2.0,2.0,3.0,1.0,,
IT,Italy,2020-10-21,-16.0,0.0,12.0,-22.0,-17.0,6.0,65.74,1.0,2.0,2.0,3.0,0.0,2.0,2.0,3.0,1.0,,
IT,Italy,2020-10-22,-17.0,1.0,5.0,-22.0,-18.0,7.0,65.74,1.0,2.0,2.0,3.0,0.0,2.0,2.0,3.0,1.0,,
IT,Italy,2020-10-23,-20.0,1.0,-7.0,-28.0,-20.0,8.0,75.93,2.0,2.0,2.0,4.0,1.0,2.0,2.0,3.0,1.0,,
IT,Italy,2020-10-24,-25.0,-4.0,-6.0,-25.0,-14.0,6.0,75.93,2.0,2.0,2.0,4.0,1.0,2.0,2.0,3.0,1.0,,
IT,Italy,2020-10-25,-28.0,-16.0,5.0,-26.0,-9.0,5.0,75.93,2.0,2.0,2.0,4.0,1.0,2.0,2.0,3.0,1.0,,
IT,Italy,2020-10-26,-26.0,-6.0,-14.0,-32.0,-23.0,9.0,78.7,2.0,2.0,2.0,4.0,1.0,2.0,2.0,3.0,1.0,,
IT,Italy,2020-10-27,-21.0,1.0,1.0,-29.0,-24.0,9.0,78.7,2.0,2.0,2.0,4.0,1.0,2.0,2.0,3.0,1.0,,
IT,Italy,2020-10-28,-23.0,0.0,7.0,-30.0,-23.0,9.0,78.7,2.0,2.0,2.0,4.0,1.0,2.0,2.0,3.0,1.0,,
IT,Italy,2020-10-29,-24.0,0.0,-1.0,-32.0,-24.0,10.0,78.7,2.0,2.0,2.0,4.0,1.0,2.0,2.0,3.0,1.0,,
IT,Italy,2020-10-30,-26.0,3.0,2.0,-31.0,-25.0,10.0,78.7,2.0,2.0,2.0,4.0,1.0,2.0,2.0,3.0,1.0,,
IT,Italy,2020-10-31,-29.0,-1.0,12.0,-27.0,-21.0,7.0,78.7,2.0,2.0,2.0,4.0,1.0,2.0,2.0,3.0,1.0,,
IT,Italy,2020-11-01,-38.0,-21.0,-3.0,-33.0,-16.0,7.0,78.7,2.0,2.0,2.0,4.0,1.0,2.0,2.0,3.0,1.0,,
IT,Italy,2020-11-02,-24.0,-3.0,-1.0,-36.0,-29.0,10.0,78.7,2.0,2.0,2.0,4.0,1.0,2.0,2.0,3.0,1.0,,
IT,Italy,2020-11-03,-24.0,-3.0,-4.0,-35.0,-27.0,11.0,78.7,2.0,2.0,2.0,4.0,1.0,2.0,2.0,3.0,1.0,,
IT,Italy,2020-11-04,-23.0,0.0,-5.0,-35.0,-25.0,11.0,78.7,2.0,2.0,2.0,4.0,1.0,2.0,2.0,3.0,1.0,,
IT,Italy,2020-11-05,-23.0,3.0,-3.0,-37.0,-27.0,11.0,78.7,2.0,2.0,2.0,4.0,1.0,2.0,2.0,3.0,1.0,,
IT,Italy,2020-11-06,-40.0,-8.0,-15.0,-45.0,-30.0,15.0,82.41,2.0,3.0,2.0,4.0,1.0,2.0,2.0,3.0,1.0,,
IT,Italy,2020-11-07,-45.0,-14.0,-6.0,-43.0,-28.0,13.0,82.41,2.0,3.0,2.0,4.0,1.0,2.0,2.0,3.0,1.0,,
IT,Italy,2020-11-08,-53.0,-36.0,-9.0,-46.0,-25.0,12.0,82.41,2.0,3.0,2.0,4.0,1.0,2.0,2.0,3.0,1.0,,
IT,Italy,2020-11-09,-35.0,-10.0,-9.0,-45.0,-29.0,13.0,82.41,2.0,3.0,2.0,4.0,1.0,2.0,2.0,3.0,1.0,,
IT,Italy,2020-11-10,-32.0,-5.0,-6.0,-43.0,-30.0,13.0,82.41,2.0,3.0,2.0,4.0,1.0,2.0,2.0,3.0,1.0,,
IT,Italy,2020-11-11,-38.0,-8.0,-12.0,-45.0,-30.0,14.0,82.41,2.0,3.0,2.0,4.0,1.0,2.0,2.0,3.0,1.0,,
IT,Italy,2020-11-12,-38.0,-7.0,-19.0,-45.0,-30.0,15.0,82.41,2.0,3.0,2.0,4.0,1.0,2.0,2.0,3.0,1.0,,
IT,Italy,2020-11-13,-39.0,-3.0,-20.0,-45.0,-31.0,15.0,82.41,2.0,3.0,2.0,4.0,1.0,2.0,2.0,3.0,1.0,,
IT,Italy,2020-11-14,-45.0,-10.0,-22.0,-45.0,-28.0,13.0,82.41,2.0,3.0,2.0,4.0,1.0,2.0,2.0,3.0,1.0,,
IT,Italy,2020-11-15,-66.0,-41.0,-39.0,-57.0,-32.0,15.0,82.41,2.0,3.0,2.0,4.0,1.0,2.0,2.0,3.0,1.0,,
IT,Italy,2020-11-16,-43.0,-15.0,-34.0,-50.0,-31.0,15.0,82.41,2.0,3.0,2.0,4.0,1.0,2.0,2.0,3.0,1.0,,
IT,Italy,2020-11-17,-40.0,-10.0,-19.0,-47.0,-31.0,15.0,82.41,2.0,3.0,2.0,4.0,1.0,2.0,2.0,3.0,1.0,,
IT,Italy,2020-11-18,-41.0,-11.0,-16.0,-47.0,-30.0,15.0,82.41,2.0,3.0,2.0,4.0,1.0,2.0,2.0,3.0,1.0,,
IT,Italy,2020-11-19,-41.0,-9.0,-20.0,-47.0,-31.0,15.0,82.41,2.0,3.0,2.0,4.0,1.0,2.0,2.0,3.0,1.0,,
IT,Italy,2020-11-20,-44.0,-9.0,-35.0,-49.0,-32.0,17.0,82.41,2.0,3.0,2.0,4.0,1.0,2.0,2.0,3.0,1.0,,
IT,Italy,2020-11-21,-50.0,-14.0,-33.0,-50.0,-31.0,15.0,82.41,2.0,3.0,2.0,4.0,1.0,2.0,2.0,3.0,1.0,,
IT,Italy,2020-11-22,-63.0,-40.0,-36.0,-56.0,-31.0,15.0,82.41,2.0,3.0,2.0,4.0,1.0,2.0,2.0,3.0,1.0,,
IT,Italy,2020-11-23,-38.0,-12.0,-21.0,-47.0,-30.0,14.0,82.41,2.0,3.0,2.0,4.0,1.0,2.0,2.0,3.0,1.0,,
IT,Italy,2020-11-24,-38.0,-10.0,-20.0,-46.0,-30.0,14.0,82.41,2.0,3.0,2.0,4.0,1.0,2.0,2.0,3.0,1.0,,
IT,Italy,2020-11-25,-38.0,-8.0,-17.0,-46.0,-29.0,14.0,82.41,2.0,3.0,2.0,4.0,1.0,2.0,2.0,3.0,1.0,,
IT,Italy,2020-11-26,-38.0,-8.0,-21.0,-45.0,-29.0,15.0,82.41,2.0,3.0,2.0,4.0,1.0,2.0,2.0,3.0,1.0,,
IT,Italy,2020-11-27,-38.0,-4.0,-26.0,-46.0,-29.0,15.0,82.41,2.0,3.0,2.0,4.0,1.0,2.0,2.0,3.0,1.0,,
IT,Italy,2020-11-28,-47.0,-11.0,-35.0,-48.0,-28.0,14.0,82.41,2.0,3.0,2.0,4.0,1.0,2.0,2.0,3.0,1.0,,
IT,Italy,2020-11-29,-58.0,-34.0,-41.0,-52.0,-27.0,14.0,82.41,2.0,3.0,2.0,4.0,1.0,2.0,2.0,3.0,1.0,,
IT,Italy,2020-11-30,-31.0,-8.0,-19.0,-43.0,-27.0,13.0,82.41,2.0,3.0,2.0,4.0,1.0,2.0,2.0,3.0,1.0,,
IT,Italy,2020-12-01,-33.0,-4.0,-26.0,-44.0,-27.0,13.0,82.41,2.0,3.0,2.0,4.0,1.0,2.0,2.0,3.0,1.0,,
IT,Italy,2020-12-02,-39.0,-11.0,-39.0,-48.0,-28.0,15.0,82.41,2.0,3.0,2.0,4.0,1.0,2.0,2.0,3.0,1.0,,
IT,Italy,2020-12-03,-35.0,-4.0,-32.0,-44.0,-27.0,14.0,82.41,2.0,3.0,2.0,4.0,1.0,2.0,2.0,3.0,1.0,,
IT,Italy,2020-12-04,-38.0,-6.0,-38.0,-45.0,-28.0,15.0,80.56,2.0,3.0,2.0,4.0,1.0,2.0,2.0,3.0,1.0,,
IT,Italy,2020-12-05,-44.0,-9.0,-44.0,-48.0,-26.0,14.0,80.56,2.0,3.0,2.0,4.0,1.0,2.0,2.0,3.0,1.0,,
IT,Italy,2020-12-06,-56.0,-30.0,-58.0,-55.0,-24.0,14.0,80.56,2.0,3.0,2.0,4.0,1.0,2.0,2.0,3.0,1.0,,
IT,Italy,2020-12-07,-21.0,10.0,-13.0,-46.0,-45.0,15.0,80.56,2.0,3.0,2.0,4.0,1.0,2.0,2.0,3.0,1.0,,
IT,Italy,2020-12-08,-51.0,-43.0,-33.0,-67.0,-76.0,28.0,80.56,2.0,3.0,2.0,4.0,1.0,2.0,2.0,3.0,1.0,,
IT,Italy,2020-12-09,-29.0,-2.0,-32.0,-42.0,-25.0,12.0,80.56,2.0,3.0,2.0,4.0,1.0,2.0,2.0,3.0,1.0,,
IT,Italy,2020-12-10,-28.0,2.0,-24.0,-40.0,-25.0,12.0,80.56,2.0,3.0,2.0,4.0,1.0,2.0,2.0,3.0,1.0,,
IT,Italy,2020-12-11,-29.0,4.0,-24.0,-39.0,-25.0,12.0,80.56,2.0,3.0,2.0,4.0,1.0,2.0,2.0,3.0,1.0,,
IT,Italy,2020-12-12,-35.0,-3.0,-19.0,-37.0,-21.0,11.0,80.56,2.0,3.0,2.0,4.0,1.0,2.0,2.0,3.0,1.0,,
IT,Italy,2020-12-13,-35.0,-17.0,-3.0,-30.0,-13.0,8.0,80.56,2.0,3.0,2.0,4.0,1.0,2.0,2.0,3.0,1.0,,
IT,Italy,2020-12-14,-19.0,-1.0,-12.0,-37.0,-24.0,10.0,80.56,2.0,3.0,2.0,4.0,1.0,2.0,2.0,3.0,1.0,,
IT,Italy,2020-12-15,-18.0,4.0,-11.0,-35.0,-24.0,10.0,80.56,2.0,3.0,2.0,4.0,1.0,2.0,2.0,3.0,1.0,,
IT,Italy,2020-12-16,-20.0,4.0,-12.0,-35.0,-23.0,10.0,80.56,2.0,3.0,2.0,4.0,1.0,2.0,2.0,3.0,1.0,,
IT,Italy,2020-12-17,-19.0,7.0,-12.0,-33.0,-24.0,10.0,80.56,2.0,3.0,2.0,4.0,1.0,2.0,2.0,3.0,1.0,,
IT,Italy,2020-12-18,-20.0,10.0,-11.0,-31.0,-24.0,10.0,80.56,2.0,3.0,2.0,4.0,1.0,2.0,2.0,3.0,1.0,,
IT,Italy,2020-12-19,-27.0,2.0,-8.0,-26.0,-20.0,8.0,80.56,2.0,3.0,2.0,4.0,1.0,2.0,2.0,3.0,1.0,,
IT,Italy,2020-12-20,-35.0,-8.0,-21.0,-30.0,-8.0,8.0,80.56,2.0,3.0,2.0,4.0,1.0,2.0,2.0,3.0,1.0,,
IT,Italy,2020-12-21,-8.0,15.0,-7.0,-35.0,-24.0,9.0,80.56,2.0,3.0,2.0,4.0,1.0,2.0,2.0,3.0,1.0,,
IT,Italy,2020-12-22,-5.0,25.0,4.0,-31.0,-25.0,8.0,80.56,2.0,3.0,2.0,4.0,1.0,2.0,2.0,3.0,1.0,,
IT,Italy,2020-12-23,0.0,46.0,9.0,-28.0,-29.0,7.0,80.56,2.0,3.0,2.0,4.0,1.0,2.0,2.0,3.0,1.0,,
IT,Italy,2020-12-24,-52.0,6.0,-47.0,-63.0,-62.0,24.0,82.41,2.0,3.0,2.0,4.0,1.0,2.0,2.0,3.0,1.0,,
IT,Italy,2020-12-25,-87.0,-88.0,-66.0,-82.0,-85.0,32.0,82.41,2.0,3.0,2.0,4.0,1.0,2.0,2.0,3.0,1.0,,
IT,Italy,2020-12-26,-85.0,-78.0,-60.0,-75.0,-67.0,22.0,82.41,2.0,3.0,2.0,4.0,1.0,2.0,2.0,3.0,1.0,,
IT,Italy,2020-12-27,-71.0,-27.0,-57.0,-62.0,-28.0,15.0,82.41,2.0,3.0,2.0,4.0,1.0,2.0,2.0,3.0,1.0,,
IT,Italy,2020-12-28,-36.0,-6.0,-32.0,-52.0,-48.0,19.0,78.7,2.0,2.0,2.0,4.0,1.0,2.0,2.0,3.0,1.0,,
IT,Italy,2020-12-29,-28.0,13.0,-17.0,-46.0,-45.0,17.0,78.7,2.0,2.0,2.0,4.0,1.0,2.0,2.0,3.0,1.0,,
IT,Italy,2020-12-30,-24.0,37.0,-15.0,-43.0,-44.0,16.0,78.7,2.0,2.0,2.0,4.0,1.0,2.0,2.0,3.0,1.0,,
IT,Italy,2020-12-31,-50.0,9.0,-37.0,-62.0,-62.0,24.0,82.41,2.0,3.0,2.0,4.0,1.0,2.0,2.0,3.0,1.0,,
IT,Italy,2021-01-01,-88.0,-90.0,-66.0,-83.0,-85.0,31.0,82.41,2.0,3.0,2.0,4.0,1.0,2.0,2.0,3.0,1.0,,
IT,Italy,2021-01-02,-69.0,-36.0,-66.0,-68.0,-49.0,21.0,82.41,2.0,3.0,2.0,4.0,1.0,2.0,2.0,3.0,1.0,,
IT,Italy,2021-01-03,-72.0,-42.0,-59.0,-62.0,-28.0,16.0,82.41,2.0,3.0,2.0,4.0,1.0,2.0,2.0,3.0,1.0,,
IT,Italy,2021-01-04,-23.0,15.0,-16.0,-45.0,-43.0,15.0,82.41,2.0,3.0,2.0,4.0,1.0,2.0,2.0,3.0,1.0,,
IT,Italy,2021-01-05,-47.0,5.0,-45.0,-58.0,-49.0,20.0,82.41,2.0,3.0,2.0,4.0,1.0,2.0,2.0,3.0,1.0,,
IT,Italy,2021-01-06,-73.0,-57.0,-45.0,-73.0,-78.0,31.0,82.41,2.0,3.0,2.0,4.0,1.0,2.0,2.0,3.0,1.0,,
IT,Italy,2021-01-07,-26.0,1.0,-23.0,-42.0,-29.0,13.0,78.7,2.0,2.0,2.0,4.0,1.0,2.0,2.0,3.0,1.0,,
IT,Italy,2021-01-08,-27.0,2.0,-17.0,-40.0,-28.0,13.0,78.7,2.0,2.0,2.0,4.0,1.0,2.0,2.0,3.0,1.0,,
IT,Italy,2021-01-09,-51.0,-13.0,-44.0,-50.0,-26.0,15.0,78.7,2.0,2.0,2.0,4.0,1.0,2.0,2.0,3.0,1.0,,
IT,Italy,2021-01-10,-66.0,-38.0,-57.0,-57.0,-23.0,15.0,78.7,2.0,2.0,2.0,4.0,1.0,2.0,2.0,3.0,1.0,,
IT,Italy,2021-01-11,-30.0,-5.0,-24.0,-42.0,-24.0,11.0,76.85,2.0,2.0,2.0,4.0,1.0,2.0,2.0,3.0,1.0,,
IT,Italy,2021-01-12,-30.0,-4.0,-18.0,-40.0,-25.0,11.0,76.85,2.0,2.0,2.0,4.0,1.0,2.0,2.0,3.0,1.0,,
IT,Italy,2021-01-13,-33.0,-6.0,-15.0,-41.0,-25.0,10.0,76.85,2.0,2.0,2.0,4.0,1.0,2.0,2.0,3.0,1.0,,
IT,Italy,2021-01-14,-36.0,-9.0,-24.0,-43.0,-28.0,11.0,74.07,2.0,2.0,2.0,4.0,1.0,2.0,2.0,3.0,1.0,,
IT,Italy,2021-01-15,-39.0,-10.0,-32.0,-44.0,-29.0,11.0,74.07,2.0,2.0,2.0,4.0,1.0,2.0,2.0,3.0,1.0,,
IT,Italy,2021-01-16,-44.0,-14.0,-21.0,-43.0,-28.0,10.0,74.07,2.0,2.0,2.0,4.0,1.0,2.0,2.0,3.0,1.0,,
IT,Italy,2021-01-17,-68.0,-41.0,-56.0,-60.0,-29.0,13.0,74.07,2.0,2.0,2.0,4.0,1.0,2.0,2.0,3.0,1.0,,
IT,Italy,2021-01-18,-41.0,-16.0,-27.0,-45.0,-30.0,11.0,74.07,2.0,2.0,2.0,4.0,1.0,2.0,2.0,3.0,1.0,,
IT,Italy,2021-01-19,-40.0,-14.0,-24.0,-44.0,-30.0,11.0,74.07,2.0,2.0,2.0,4.0,1.0,2.0,2.0,3.0,1.0,,
IT,Italy,2021-01-20,-42.0,-13.0,-31.0,-45.0,-29.0,12.0,74.07,2.0,2.0,2.0,4.0,1.0,2.0,2.0,3.0,1.0,,
IT,Italy,2021-01-21,-42.0,-13.0,-36.0,-46.0,-29.0,12.0,74.07,2.0,2.0,2.0,4.0,1.0,2.0,2.0,3.0,1.0,,
IT,Italy,2021-01-22,-45.0,-13.0,-43.0,-47.0,-29.0,13.0,74.07,2.0,2.0,2.0,4.0,1.0,2.0,2.0,3.0,1.0,,
IT,Italy,2021-01-23,-50.0,-14.0,-37.0,-47.0,-27.0,12.0,74.07,2.0,2.0,2.0,4.0,1.0,2.0,2.0,3.0,1.0,,
IT,Italy,2021-01-24,-63.0,-37.0,-48.0,-55.0,-26.0,12.0,74.07,2.0,2.0,2.0,4.0,1.0,2.0,2.0,3.0,1.0,,
IT,Italy,2021-01-25,-38.0,-13.0,-29.0,-43.0,-28.0,10.0,74.07,2.0,2.0,2.0,4.0,1.0,2.0,2.0,3.0,1.0,,
IT,Italy,2021-01-26,-36.0,-10.0,-13.0,-39.0,-28.0,10.0,74.07,2.0,2.0,2.0,4.0,1.0,2.0,2.0,3.0,1.0,,
IT,Italy,2021-01-27,-38.0,-9.0,-20.0,-40.0,-26.0,11.0,74.07,2.0,2.0,2.0,4.0,1.0,2.0,2.0,3.0,1.0,,
IT,Italy,2021-01-28,-37.0,-7.0,-21.0,-40.0,-27.0,11.0,74.07,2.0,2.0,2.0,4.0,1.0,2.0,2.0,3.0,1.0,,
IT,Italy,2021-01-29,-39.0,-5.0,-24.0,-41.0,-27.0,11.0,74.07,2.0,2.0,2.0,4.0,1.0,2.0,2.0,3.0,1.0,,
IT,Italy,2021-01-30,-43.0,-10.0,-13.0,-40.0,-24.0,10.0,74.07,2.0,2.0,2.0,4.0,1.0,2.0,2.0,3.0,1.0,,
IT,Italy,2021-01-31,-58.0,-31.0,-40.0,-50.0,-22.0,11.0,74.07,2.0,2.0,2.0,4.0,1.0,2.0,2.0,3.0,1.0,,
JP,Japan,2020-02-15,-1.0,4.0,7.0,1.0,4.0,0.0,19.44,0.0,0.0,0.0,0.0,0.0,0.0,0.0,3.0,0.0,54.0,1.0
JP,Japan,2020-02-16,-9.0,-6.0,-35.0,-10.0,-2.0,2.0,19.44,0.0,0.0,0.0,0.0,0.0,0.0,0.0,3.0,0.0,60.0,1.0
JP,Japan,2020-02-17,-2.0,1.0,-5.0,-1.0,0.0,1.0,19.44,0.0,0.0,0.0,0.0,0.0,0.0,0.0,3.0,0.0,67.0,1.0
JP,Japan,2020-02-18,1.0,2.0,1.0,-2.0,0.0,1.0,19.44,0.0,0.0,0.0,0.0,0.0,0.0,0.0,3.0,0.0,79.0,2.0
JP,Japan,2020-02-19,0.0,2.0,8.0,-3.0,0.0,0.0,19.44,0.0,0.0,0.0,0.0,0.0,0.0,0.0,3.0,0.0,85.0,2.0
JP,Japan,2020-02-20,1.0,4.0,4.0,-3.0,0.0,0.0,25.0,0.0,0.0,1.0,0.0,0.0,0.0,0.0,3.0,0.0,95.0,2.0
JP,Japan,2020-02-21,-1.0,2.0,7.0,-2.0,0.0,1.0,25.0,0.0,0.0,1.0,0.0,0.0,0.0,0.0,3.0,0.0,112.0,2.0
JP,Japan,2020-02-22,-5.0,1.0,-10.0,-3.0,-1.0,2.0,25.0,0.0,0.0,1.0,0.0,0.0,0.0,0.0,3.0,0.0,137.0,2.0
JP,Japan,2020-02-23,1.0,3.0,16.0,2.0,0.0,0.0,25.0,0.0,0.0,1.0,0.0,0.0,0.0,0.0,3.0,0.0,149.0,2.0
JP,Japan,2020-02-24,18.0,4.0,54.0,-27.0,-55.0,14.0,25.0,0.0,0.0,1.0,0.0,0.0,0.0,0.0,3.0,0.0,160.0,2.0
JP,Japan,2020-02-25,0.0,7.0,0.0,-2.0,1.0,1.0,34.26,0.0,1.0,1.0,0.0,0.0,0.0,1.0,3.0,0.0,173.0,3.0
JP,Japan,2020-02-26,-4.0,3.0,-5.0,-5.0,1.0,1.0,34.26,0.0,1.0,1.0,0.0,0.0,0.0,1.0,3.0,0.0,192.0,3.0
JP,Japan,2020-02-27,-3.0,6.0,-4.0,-7.0,0.0,1.0,34.26,0.0,1.0,1.0,0.0,0.0,0.0,1.0,3.0,0.0,218.0,4.0
JP,Japan,2020-02-28,-2.0,14.0,-4.0,-10.0,1.0,2.0,34.26,0.0,1.0,1.0,0.0,0.0,0.0,1.0,3.0,0.0,236.0,5.0
JP,Japan,2020-02-29,-10.0,9.0,-22.0,-21.0,3.0,4.0,34.26,0.0,1.0,1.0,0.0,0.0,0.0,1.0,3.0,0.0,245.0,6.0
JP,Japan,2020-03-01,-10.0,9.0,-1.0,-23.0,1.0,4.0,34.26,0.0,1.0,1.0,0.0,0.0,0.0,1.0,3.0,0.0,259.0,6.0
JP,Japan,2020-03-02,-10.0,3.0,-15.0,-15.0,-2.0,4.0,43.52,3.0,1.0,1.0,0.0,0.0,0.0,1.0,3.0,0.0,278.0,6.0
JP,Japan,2020-03-03,-2.0,9.0,11.0,-15.0,-2.0,4.0,43.52,3.0,1.0,1.0,0.0,0.0,0.0,1.0,3.0,0.0,298.0,6.0
JP,Japan,2020-03-04,-12.0,-2.0,-21.0,-19.0,-4.0,5.0,43.52,3.0,1.0,1.0,0.0,0.0,0.0,1.0,3.0,0.0,333.0,7.0
JP,Japan,2020-03-05,-9.0,3.0,-8.0,-18.0,-4.0,4.0,43.52,3.0,1.0,1.0,0.0,0.0,0.0,1.0,3.0,0.0,365.0,7.0
JP,Japan,2020-03-06,-9.0,2.0,5.0,-18.0,-4.0,5.0,43.52,3.0,1.0,1.0,0.0,0.0,0.0,1.0,3.0,0.0,420.0,7.0
JP,Japan,2020-03-07,-12.0,2.0,-8.0,-24.0,-4.0,5.0,43.52,3.0,1.0,1.0,0.0,0.0,0.0,1.0,3.0,0.0,466.0,7.0
JP,Japan,2020-03-08,-17.0,-4.0,-35.0,-31.0,-5.0,6.0,43.52,3.0,1.0,1.0,0.0,0.0,0.0,1.0,3.0,0.0,499.0,8.0
JP,Japan,2020-03-09,-7.0,2.0,11.0,-15.0,-3.0,4.0,40.74,3.0,1.0,1.0,0.0,0.0,0.0,1.0,2.0,0.0,527.0,10.0
JP,Japan,2020-03-10,-9.0,-3.0,-28.0,-18.0,-5.0,6.0,40.74,3.0,1.0,1.0,0.0,0.0,0.0,1.0,2.0,0.0,585.0,13.0
JP,Japan,2020-03-11,-3.0,4.0,13.0,-16.0,-4.0,3.0,40.74,3.0,1.0,1.0,0.0,0.0,0.0,1.0,2.0,0.0,640.0,15.0
JP,Japan,2020-03-12,-3.0,5.0,16.0,-15.0,-4.0,3.0,40.74,3.0,1.0,1.0,0.0,0.0,0.0,1.0,2.0,0.0,696.0,19.0
JP,Japan,2020-03-13,-5.0,3.0,10.0,-17.0,-4.0,5.0,40.74,3.0,1.0,1.0,0.0,0.0,0.0,1.0,2.0,0.0,733.0,21.0
JP,Japan,2020-03-14,-14.0,-4.0,-39.0,-27.0,-7.0,7.0,40.74,3.0,1.0,1.0,0.0,0.0,0.0,1.0,2.0,0.0,795.0,22.0
JP,Japan,2020-03-15,-7.0,5.0,9.0,-21.0,-3.0,3.0,40.74,3.0,1.0,1.0,0.0,0.0,0.0,1.0,2.0,0.0,826.0,24.0
JP,Japan,2020-03-16,-7.0,0.0,-7.0,-15.0,-3.0,4.0,40.74,3.0,1.0,1.0,0.0,0.0,0.0,1.0,2.0,0.0,843.0,30.0
JP,Japan,2020-03-17,-1.0,4.0,14.0,-15.0,-4.0,4.0,40.74,3.0,1.0,1.0,0.0,0.0,0.0,1.0,2.0,0.0,893.0,30.0
JP,Japan,2020-03-18,-3.0,3.0,20.0,-14.0,-4.0,3.0,40.74,3.0,1.0,1.0,0.0,0.0,0.0,1.0,2.0,0.0,928.0,32.0
JP,Japan,2020-03-19,4.0,6.0,17.0,-10.0,-4.0,2.0,40.74,3.0,1.0,1.0,0.0,0.0,0.0,1.0,2.0,0.0,968.0,33.0
JP,Japan,2020-03-20,7.0,6.0,40.0,-34.0,-54.0,17.0,40.74,3.0,1.0,1.0,0.0,0.0,0.0,1.0,2.0,0.0,1022.0,34.0
JP,Japan,2020-03-21,-6.0,5.0,34.0,-15.0,-7.0,3.0,40.74,3.0,1.0,1.0,0.0,0.0,0.0,1.0,2.0,0.0,1059.0,36.0
JP,Japan,2020-03-22,-9.0,1.0,18.0,-18.0,-3.0,3.0,40.74,3.0,1.0,1.0,0.0,0.0,0.0,1.0,2.0,0.0,1104.0,40.0
JP,Japan,2020-03-23,-4.0,0.0,11.0,-13.0,-3.0,3.0,40.74,3.0,1.0,1.0,0.0,0.0,0.0,1.0,2.0,0.0,1144.0,41.0
JP,Japan,2020-03-24,0.0,3.0,14.0,-13.0,-4.0,4.0,40.74,3.0,1.0,1.0,0.0,0.0,0.0,1.0,2.0,0.0,1217.0,42.0
JP,Japan,2020-03-25,2.0,8.0,31.0,-11.0,-4.0,2.0,40.74,3.0,1.0,1.0,0.0,0.0,0.0,1.0,2.0,0.0,1314.0,45.0
JP,Japan,2020-03-26,0.0,13.0,26.0,-13.0,-5.0,3.0,40.74,3.0,1.0,1.0,0.0,0.0,0.0,1.0,2.0,0.0,1416.0,47.0
JP,Japan,2020-03-27,-10.0,3.0,-9.0,-19.0,-7.0,6.0,40.74,3.0,1.0,1.0,0.0,0.0,0.0,1.0,2.0,0.0,1530.0,53.0
JP,Japan,2020-03-28,-18.0,1.0,-23.0,-33.0,-8.0,7.0,40.74,3.0,1.0,1.0,0.0,0.0,0.0,1.0,2.0,0.0,1728.0,56.0
JP,Japan,2020-03-29,-26.0,-7.0,-25.0,-41.0,-9.0,7.0,40.74,3.0,1.0,1.0,0.0,0.0,0.0,1.0,2.0,0.0,1907.0,63.0
JP,Japan,2020-03-30,-7.0,4.0,-2.0,-20.0,-8.0,5.0,40.74,3.0,1.0,1.0,0.0,0.0,0.0,1.0,2.0,0.0,2001.0,65.0
JP,Japan,2020-03-31,-4.0,7.0,9.0,-20.0,-7.0,5.0,40.74,3.0,1.0,1.0,0.0,0.0,0.0,1.0,2.0,0.0,2255.0,67.0
JP,Japan,2020-04-01,-20.0,-5.0,-29.0,-25.0,-10.0,7.0,40.74,3.0,1.0,1.0,0.0,0.0,0.0,1.0,2.0,0.0,2535.0,72.0
JP,Japan,2020-04-02,-12.0,6.0,13.0,-23.0,-10.0,6.0,40.74,3.0,1.0,1.0,0.0,0.0,0.0,1.0,2.0,0.0,2818.0,75.0
JP,Japan,2020-04-03,-14.0,6.0,26.0,-25.0,-11.0,7.0,43.52,3.0,1.0,1.0,0.0,0.0,0.0,1.0,3.0,0.0,3154.0,81.0
JP,Japan,2020-04-04,-21.0,6.0,26.0,-35.0,-12.0,8.0,43.52,3.0,1.0,1.0,0.0,0.0,0.0,1.0,3.0,0.0,3525.0,87.0
JP,Japan,2020-04-05,-25.0,2.0,3.0,-43.0,-13.0,8.0,43.52,3.0,1.0,1.0,0.0,0.0,0.0,1.0,3.0,0.0,3876.0,93.0
JP,Japan,2020-04-06,-13.0,7.0,15.0,-24.0,-11.0,7.0,43.52,3.0,1.0,1.0,0.0,0.0,0.0,1.0,3.0,0.0,4110.0,96.0
JP,Japan,2020-04-07,-12.0,6.0,17.0,-27.0,-13.0,8.0,45.37,3.0,1.0,1.0,0.0,0.0,1.0,1.0,3.0,0.0,4485.0,98.0
JP,Japan,2020-04-08,-22.0,2.0,16.0,-34.0,-16.0,9.0,45.37,3.0,1.0,1.0,0.0,0.0,1.0,1.0,3.0,0.0,5020.0,105.0
JP,Japan,2020-04-09,-24.0,2.0,8.0,-36.0,-17.0,10.0,45.37,3.0,1.0,1.0,0.0,0.0,1.0,1.0,3.0,0.0,5614.0,113.0
JP,Japan,2020-04-10,-26.0,4.0,0.0,-38.0,-18.0,12.0,45.37,3.0,1.0,1.0,0.0,0.0,1.0,1.0,3.0,0.0,6250.0,125.0
JP,Japan,2020-04-11,-30.0,4.0,3.0,-48.0,-22.0,12.0,45.37,3.0,1.0,1.0,0.0,0.0,1.0,1.0,3.0,0.0,6951.0,138.0
JP,Japan,2020-04-12,-40.0,-9.0,-35.0,-58.0,-22.0,12.0,45.37,3.0,1.0,1.0,0.0,0.0,1.0,1.0,3.0,0.0,7473.0,147.0
JP,Japan,2020-04-13,-38.0,-15.0,-45.0,-45.0,-20.0,13.0,45.37,3.0,1.0,1.0,0.0,0.0,1.0,1.0,3.0,0.0,7773.0,156.0
JP,Japan,2020-04-14,-23.0,5.0,10.0,-41.0,-20.0,12.0,45.37,3.0,1.0,1.0,0.0,0.0,1.0,1.0,3.0,0.0,8277.0,170.0
JP,Japan,2020-04-15,-24.0,7.0,17.0,-41.0,-21.0,11.0,45.37,3.0,1.0,1.0,0.0,0.0,1.0,1.0,3.0,0.0,8835.0,186.0
JP,Japan,2020-04-16,-27.0,5.0,9.0,-43.0,-22.0,12.0,47.22,3.0,1.0,1.0,0.0,0.0,1.0,1.0,3.0,1.0,9398.0,204.0
JP,Japan,2020-04-17,-31.0,4.0,-1.0,-46.0,-23.0,14.0,47.22,3.0,1.0,1.0,0.0,0.0,1.0,1.0,3.0,1.0,9958.0,217.0
JP,Japan,2020-04-18,-48.0,-14.0,-47.0,-60.0,-26.0,16.0,47.22,3.0,1.0,1.0,0.0,0.0,1.0,1.0,3.0,1.0,10548.0,236.0
JP,Japan,2020-04-19,-40.0,-3.0,1.0,-53.0,-23.0,11.0,47.22,3.0,1.0,1.0,0.0,0.0,1.0,1.0,3.0,1.0,10914.0,255.0
JP,Japan,2020-04-20,-37.0,-8.0,-33.0,-47.0,-23.0,14.0,47.22,3.0,1.0,1.0,0.0,0.0,1.0,1.0,3.0,1.0,11258.0,275.0
JP,Japan,2020-04-21,-31.0,1.0,8.0,-46.0,-25.0,14.0,47.22,3.0,1.0,1.0,0.0,0.0,1.0,1.0,3.0,1.0,11641.0,303.0
JP,Japan,2020-04-22,-36.0,-4.0,-3.0,-48.0,-26.0,14.0,47.22,3.0,1.0,1.0,0.0,0.0,1.0,1.0,3.0,1.0,12037.0,323.0
JP,Japan,2020-04-23,-36.0,-3.0,-4.0,-48.0,-26.0,15.0,47.22,3.0,1.0,1.0,0.0,0.0,1.0,1.0,3.0,1.0,12469.0,351.0
JP,Japan,2020-04-24,-37.0,-1.0,-8.0,-48.0,-26.0,16.0,47.22,3.0,1.0,1.0,0.0,0.0,1.0,1.0,3.0,1.0,12854.0,360.0
JP,Japan,2020-04-25,-41.0,-3.0,-9.0,-53.0,-26.0,14.0,47.22,3.0,1.0,1.0,0.0,0.0,1.0,1.0,3.0,1.0,13186.0,379.0
JP,Japan,2020-04-26,-45.0,-9.0,-16.0,-58.0,-27.0,12.0,47.22,3.0,1.0,1.0,0.0,0.0,1.0,1.0,3.0,1.0,13405.0,395.0
JP,Japan,2020-04-27,-35.0,-5.0,-9.0,-47.0,-26.0,15.0,47.22,3.0,1.0,1.0,0.0,0.0,1.0,1.0,3.0,1.0,13576.0,417.0
JP,Japan,2020-04-28,-28.0,2.0,4.0,-46.0,-27.0,14.0,47.22,3.0,1.0,1.0,0.0,0.0,1.0,1.0,3.0,1.0,13860.0,436.0
JP,Japan,2020-04-29,-30.0,-5.0,23.0,-64.0,-64.0,22.0,47.22,3.0,1.0,1.0,0.0,0.0,1.0,1.0,3.0,1.0,14076.0,454.0
JP,Japan,2020-04-30,-30.0,4.0,8.0,-47.0,-32.0,16.0,47.22,3.0,1.0,1.0,0.0,0.0,1.0,1.0,3.0,1.0,14284.0,481.0
JP,Japan,2020-05-01,-35.0,1.0,4.0,-50.0,-35.0,19.0,47.22,3.0,1.0,1.0,0.0,0.0,1.0,1.0,3.0,1.0,14558.0,510.0
JP,Japan,2020-05-02,-43.0,-5.0,-11.0,-55.0,-30.0,15.0,47.22,3.0,1.0,1.0,0.0,0.0,1.0,1.0,3.0,1.0,14861.0,536.0
JP,Japan,2020-05-03,-45.0,-9.0,-19.0,-58.0,-30.0,12.0,47.22,3.0,1.0,1.0,0.0,0.0,1.0,1.0,3.0,1.0,15061.0,560.0
JP,Japan,2020-05-04,-28.0,-6.0,4.0,-67.0,-73.0,29.0,47.22,3.0,1.0,1.0,0.0,0.0,1.0,1.0,3.0,1.0,15229.0,582.0
JP,Japan,2020-05-05,-23.0,0.0,29.0,-65.0,-73.0,29.0,47.22,3.0,1.0,1.0,0.0,0.0,1.0,1.0,3.0,1.0,15354.0,593.0
JP,Japan,2020-05-06,-36.0,-12.0,-17.0,-69.0,-72.0,30.0,47.22,3.0,1.0,1.0,0.0,0.0,1.0,1.0,3.0,1.0,15455.0,605.0
JP,Japan,2020-05-07,-31.0,1.0,3.0,-44.0,-26.0,14.0,47.22,3.0,1.0,1.0,0.0,0.0,1.0,1.0,3.0,1.0,15553.0,617.0
JP,Japan,2020-05-08,-34.0,0.0,6.0,-45.0,-27.0,16.0,47.22,3.0,1.0,1.0,0.0,0.0,1.0,1.0,3.0,1.0,15640.0,634.0
JP,Japan,2020-05-09,-39.0,-5.0,-20.0,-51.0,-20.0,13.0,47.22,3.0,1.0,1.0,0.0,0.0,1.0,1.0,3.0,1.0,15755.0,654.0
JP,Japan,2020-05-10,-38.0,-7.0,-35.0,-56.0,-24.0,12.0,47.22,3.0,1.0,1.0,0.0,0.0,1.0,1.0,3.0,1.0,15824.0,666.0
JP,Japan,2020-05-11,-32.0,-2.0,0.0,-42.0,-22.0,12.0,47.22,3.0,1.0,1.0,0.0,0.0,1.0,1.0,3.0,1.0,15861.0,685.0
JP,Japan,2020-05-12,-30.0,0.0,6.0,-43.0,-23.0,13.0,47.22,3.0,1.0,1.0,0.0,0.0,1.0,1.0,3.0,1.0,15948.0,707.0
JP,Japan,2020-05-13,-31.0,-1.0,4.0,-44.0,-23.0,13.0,47.22,3.0,1.0,1.0,0.0,0.0,1.0,1.0,3.0,1.0,15998.0,726.0
JP,Japan,2020-05-14,-30.0,-1.0,6.0,-44.0,-23.0,12.0,40.74,3.0,1.0,1.0,0.0,0.0,1.0,1.0,3.0,1.0,16096.0,742.0
JP,Japan,2020-05-15,-32.0,0.0,-4.0,-44.0,-23.0,15.0,40.74,3.0,1.0,1.0,0.0,0.0,1.0,1.0,3.0,1.0,16148.0,760.0
JP,Japan,2020-05-16,-40.0,-12.0,-52.0,-55.0,-23.0,14.0,40.74,3.0,1.0,1.0,0.0,0.0,1.0,1.0,3.0,1.0,16202.0,778.0
JP,Japan,2020-05-17,-32.0,-1.0,-2.0,-48.0,-20.0,9.0,40.74,3.0,1.0,1.0,0.0,0.0,1.0,1.0,3.0,1.0,16226.0,787.0
JP,Japan,2020-05-18,-32.0,-7.0,-20.0,-42.0,-20.0,13.0,40.74,3.0,1.0,1.0,0.0,0.0,1.0,1.0,3.0,1.0,16259.0,796.0
JP,Japan,2020-05-19,-29.0,-4.0,-20.0,-43.0,-22.0,14.0,40.74,3.0,1.0,1.0,0.0,0.0,1.0,1.0,3.0,1.0,16287.0,805.0
JP,Japan,2020-05-20,-26.0,1.0,-6.0,-41.0,-21.0,12.0,40.74,3.0,1.0,1.0,0.0,0.0,1.0,1.0,3.0,1.0,16321.0,818.0
JP,Japan,2020-05-21,-27.0,-1.0,-8.0,-41.0,-21.0,12.0,40.74,3.0,1.0,1.0,0.0,0.0,1.0,1.0,3.0,1.0,16362.0,826.0
JP,Japan,2020-05-22,-29.0,-2.0,-5.0,-41.0,-21.0,13.0,40.74,3.0,1.0,1.0,0.0,0.0,1.0,1.0,3.0,1.0,16385.0,836.0
JP,Japan,2020-05-23,-27.0,0.0,-8.0,-43.0,-20.0,11.0,40.74,3.0,1.0,1.0,0.0,0.0,1.0,1.0,3.0,1.0,16410.0,845.0
JP,Japan,2020-05-24,-27.0,-1.0,8.0,-42.0,-17.0,8.0,40.74,3.0,1.0,1.0,0.0,0.0,1.0,1.0,3.0,1.0,16451.0,852.0
JP,Japan,2020-05-25,-22.0,2.0,2.0,-35.0,-18.0,10.0,34.26,3.0,0.0,1.0,0.0,0.0,0.0,1.0,3.0,1.0,16472.0,857.0
JP,Japan,2020-05-26,-22.0,-1.0,-8.0,-36.0,-18.0,11.0,34.26,3.0,0.0,1.0,0.0,0.0,0.0,1.0,3.0,1.0,16502.0,863.0
JP,Japan,2020-05-27,-20.0,2.0,5.0,-35.0,-18.0,10.0,34.26,3.0,0.0,1.0,0.0,0.0,0.0,1.0,3.0,1.0,16528.0,870.0
JP,Japan,2020-05-28,-20.0,1.0,5.0,-34.0,-18.0,10.0,34.26,3.0,0.0,1.0,0.0,0.0,0.0,1.0,3.0,1.0,16588.0,884.0
JP,Japan,2020-05-29,-21.0,2.0,5.0,-34.0,-17.0,11.0,34.26,3.0,0.0,1.0,0.0,0.0,0.0,1.0,3.0,1.0,16661.0,890.0
JP,Japan,2020-05-30,-20.0,3.0,1.0,-34.0,-14.0,8.0,34.26,3.0,0.0,1.0,0.0,0.0,0.0,1.0,3.0,1.0,16706.0,895.0
JP,Japan,2020-05-31,-22.0,0.0,-16.0,-39.0,-14.0,7.0,34.26,3.0,0.0,1.0,0.0,0.0,0.0,1.0,3.0,1.0,16741.0,898.0
JP,Japan,2020-06-01,-21.0,-2.0,-13.0,-26.0,-11.0,8.0,28.07,1.0,0.0,1.0,0.0,0.0,0.0,1.0,3.0,1.0,16778.0,900.0
JP,Japan,2020-06-02,-16.0,2.0,5.0,-27.0,-13.0,8.0,28.07,1.0,0.0,1.0,0.0,0.0,0.0,1.0,3.0,1.0,16829.0,903.0
JP,Japan,2020-06-03,-19.0,1.0,5.0,-28.0,-13.0,8.0,28.07,1.0,0.0,1.0,0.0,0.0,0.0,1.0,3.0,1.0,16858.0,908.0
JP,Japan,2020-06-04,-18.0,2.0,2.0,-28.0,-13.0,8.0,28.07,1.0,0.0,1.0,0.0,0.0,0.0,1.0,3.0,1.0,16902.0,913.0
JP,Japan,2020-06-05,-18.0,1.0,1.0,-29.0,-15.0,9.0,28.07,1.0,0.0,1.0,0.0,0.0,0.0,1.0,3.0,1.0,16949.0,917.0
JP,Japan,2020-06-06,-17.0,1.0,-2.0,-31.0,-15.0,7.0,28.07,1.0,0.0,1.0,0.0,0.0,0.0,1.0,3.0,1.0,16995.0,919.0
JP,Japan,2020-06-07,-15.0,2.0,10.0,-32.0,-13.0,5.0,28.07,1.0,0.0,1.0,0.0,0.0,0.0,1.0,3.0,1.0,17033.0,919.0
JP,Japan,2020-06-08,-17.0,-1.0,1.0,-26.0,-11.0,7.0,28.07,1.0,0.0,1.0,0.0,0.0,0.0,1.0,3.0,1.0,17054.0,922.0
JP,Japan,2020-06-09,-13.0,2.0,7.0,-26.0,-12.0,8.0,28.07,1.0,0.0,1.0,0.0,0.0,0.0,1.0,3.0,1.0,17099.0,923.0
JP,Japan,2020-06-10,-14.0,2.0,-1.0,-26.0,-13.0,7.0,28.07,1.0,0.0,1.0,0.0,0.0,0.0,1.0,3.0,1.0,17135.0,925.0
JP,Japan,2020-06-11,-20.0,-6.0,-26.0,-28.0,-14.0,9.0,28.07,1.0,0.0,1.0,0.0,0.0,0.0,1.0,3.0,1.0,17179.0,925.0
JP,Japan,2020-06-12,-16.0,0.0,-10.0,-27.0,-15.0,9.0,28.07,1.0,0.0,1.0,0.0,0.0,0.0,1.0,3.0,1.0,17240.0,929.0
JP,Japan,2020-06-13,-18.0,-6.0,-40.0,-35.0,-19.0,9.0,28.07,1.0,0.0,1.0,0.0,0.0,0.0,1.0,3.0,1.0,17285.0,931.0
JP,Japan,2020-06-14,-16.0,-2.0,-30.0,-36.0,-13.0,6.0,28.07,1.0,0.0,1.0,0.0,0.0,0.0,1.0,3.0,1.0,17360.0,931.0
JP,Japan,2020-06-15,-12.0,3.0,-3.0,-23.0,-11.0,6.0,28.07,1.0,0.0,1.0,0.0,0.0,0.0,1.0,3.0,2.0,17432.0,933.0
JP,Japan,2020-06-16,-9.0,3.0,6.0,-23.0,-11.0,7.0,28.07,1.0,0.0,1.0,0.0,0.0,0.0,1.0,3.0,2.0,17474.0,938.0
JP,Japan,2020-06-17,-11.0,2.0,10.0,-23.0,-12.0,6.0,28.07,1.0,0.0,1.0,0.0,0.0,0.0,1.0,3.0,2.0,17520.0,939.0
JP,Japan,2020-06-18,-16.0,-4.0,-14.0,-25.0,-13.0,7.0,28.07,1.0,0.0,1.0,0.0,0.0,0.0,1.0,3.0,2.0,17589.0,940.0
JP,Japan,2020-06-19,-15.0,-5.0,-26.0,-26.0,-15.0,9.0,28.07,1.0,0.0,1.0,0.0,0.0,0.0,1.0,3.0,2.0,17650.0,959.0
JP,Japan,2020-06-20,-7.0,6.0,10.0,-21.0,-12.0,4.0,28.07,1.0,0.0,1.0,0.0,0.0,0.0,1.0,3.0,2.0,17714.0,959.0
JP,Japan,2020-06-21,-9.0,2.0,11.0,-24.0,-10.0,4.0,25.93,1.0,0.0,1.0,0.0,0.0,0.0,0.0,3.0,2.0,17769.0,960.0
JP,Japan,2020-06-22,-16.0,-5.0,-14.0,-22.0,-11.0,7.0,25.93,1.0,0.0,1.0,0.0,0.0,0.0,0.0,3.0,2.0,17812.0,961.0
JP,Japan,2020-06-23,-8.0,3.0,6.0,-20.0,-11.0,6.0,25.93,1.0,0.0,1.0,0.0,0.0,0.0,0.0,3.0,2.0,17869.0,965.0
JP,Japan,2020-06-24,-11.0,1.0,6.0,-21.0,-11.0,6.0,25.93,1.0,0.0,1.0,0.0,0.0,0.0,0.0,3.0,2.0,17965.0,969.0
JP,Japan,2020-06-25,-11.0,2.0,-13.0,-20.0,-12.0,6.0,25.93,1.0,0.0,1.0,0.0,0.0,0.0,0.0,3.0,2.0,18047.0,971.0
JP,Japan,2020-06-26,-11.0,1.0,-7.0,-21.0,-13.0,7.0,25.93,1.0,0.0,1.0,0.0,0.0,0.0,0.0,3.0,2.0,18152.0,971.0
JP,Japan,2020-06-27,-8.0,3.0,0.0,-20.0,-15.0,5.0,25.93,1.0,0.0,1.0,0.0,0.0,0.0,0.0,3.0,2.0,18244.0,972.0
JP,Japan,2020-06-28,-12.0,-1.0,-20.0,-28.0,-12.0,5.0,25.93,1.0,0.0,1.0,0.0,0.0,0.0,0.0,3.0,2.0,18357.0,972.0
JP,Japan,2020-06-29,-9.0,0.0,1.0,-19.0,-9.0,6.0,25.93,1.0,0.0,1.0,0.0,0.0,0.0,0.0,3.0,2.0,18467.0,974.0
JP,Japan,2020-06-30,-11.0,-2.0,-22.0,-21.0,-10.0,7.0,25.93,1.0,0.0,1.0,0.0,0.0,0.0,0.0,3.0,2.0,18605.0,974.0
JP,Japan,2020-07-01,-13.0,-2.0,-12.0,-21.0,-9.0,6.0,25.93,1.0,0.0,1.0,0.0,0.0,0.0,0.0,3.0,2.0,18732.0,976.0
JP,Japan,2020-07-02,-9.0,3.0,2.0,-19.0,-10.0,5.0,25.93,1.0,0.0,1.0,0.0,0.0,0.0,0.0,3.0,2.0,18926.0,977.0
JP,Japan,2020-07-03,-14.0,-4.0,-14.0,-21.0,-11.0,7.0,25.93,1.0,0.0,1.0,0.0,0.0,0.0,0.0,3.0,2.0,19176.0,977.0
JP,Japan,2020-07-04,-13.0,-1.0,-28.0,-27.0,-13.0,7.0,25.93,1.0,0.0,1.0,0.0,0.0,0.0,0.0,3.0,2.0,19450.0,977.0
JP,Japan,2020-07-05,-12.0,2.0,-7.0,-28.0,-11.0,5.0,25.93,1.0,0.0,1.0,0.0,0.0,0.0,0.0,3.0,2.0,19658.0,977.0
JP,Japan,2020-07-06,-20.0,-9.0,-31.0,-22.0,-11.0,7.0,25.93,1.0,0.0,1.0,0.0,0.0,0.0,0.0,3.0,2.0,19834.0,978.0
JP,Japan,2020-07-07,-12.0,-1.0,-18.0,-22.0,-12.0,7.0,25.93,1.0,0.0,1.0,0.0,0.0,0.0,0.0,3.0,2.0,20042.0,980.0
JP,Japan,2020-07-08,-12.0,-1.0,-12.0,-22.0,-12.0,6.0,25.93,1.0,0.0,1.0,0.0,0.0,0.0,0.0,3.0,2.0,20249.0,982.0
JP,Japan,2020-07-09,-14.0,-2.0,-20.0,-21.0,-11.0,7.0,25.93,1.0,0.0,1.0,0.0,0.0,0.0,0.0,3.0,2.0,20604.0,982.0
JP,Japan,2020-07-10,-13.0,0.0,-17.0,-22.0,-12.0,7.0,25.93,1.0,0.0,1.0,0.0,0.0,0.0,0.0,3.0,2.0,21034.0,982.0
JP,Japan,2020-07-11,-12.0,1.0,-22.0,-27.0,-15.0,7.0,25.93,1.0,0.0,1.0,0.0,0.0,0.0,0.0,3.0,2.0,21420.0,983.0
JP,Japan,2020-07-12,-11.0,2.0,-3.0,-27.0,-10.0,5.0,25.93,1.0,0.0,1.0,0.0,0.0,0.0,0.0,3.0,2.0,21827.0,983.0
JP,Japan,2020-07-13,-15.0,-5.0,-18.0,-20.0,-10.0,6.0,25.93,1.0,0.0,1.0,0.0,0.0,0.0,0.0,3.0,2.0,22086.0,984.0
JP,Japan,2020-07-14,-12.0,-2.0,-17.0,-22.0,-12.0,7.0,25.93,1.0,0.0,1.0,0.0,0.0,0.0,0.0,3.0,2.0,22419.0,984.0
JP,Japan,2020-07-15,-10.0,1.0,-9.0,-20.0,-11.0,6.0,25.93,1.0,0.0,1.0,0.0,0.0,0.0,0.0,3.0,2.0,22869.0,985.0
JP,Japan,2020-07-16,-9.0,3.0,0.0,-20.0,-11.0,6.0,25.93,1.0,0.0,1.0,0.0,0.0,0.0,0.0,3.0,2.0,23493.0,985.0
JP,Japan,2020-07-17,-14.0,-3.0,-15.0,-22.0,-12.0,7.0,25.93,1.0,0.0,1.0,0.0,0.0,0.0,0.0,3.0,2.0,24090.0,985.0
JP,Japan,2020-07-18,-13.0,0.0,-15.0,-26.0,-11.0,6.0,25.93,1.0,0.0,1.0,0.0,0.0,0.0,0.0,3.0,2.0,24751.0,986.0
JP,Japan,2020-07-19,-13.0,0.0,6.0,-28.0,-10.0,5.0,25.93,1.0,0.0,1.0,0.0,0.0,0.0,0.0,3.0,2.0,25262.0,986.0
JP,Japan,2020-07-20,-11.0,1.0,-4.0,-20.0,-9.0,5.0,25.93,1.0,0.0,1.0,0.0,0.0,0.0,0.0,3.0,2.0,25680.0,988.0
JP,Japan,2020-07-21,-7.0,3.0,0.0,-19.0,-10.0,6.0,25.93,1.0,0.0,1.0,0.0,0.0,0.0,0.0,3.0,2.0,26312.0,989.0
JP,Japan,2020-07-22,-4.0,4.0,-1.0,-16.0,-9.0,4.0,25.93,1.0,0.0,1.0,0.0,0.0,0.0,0.0,3.0,2.0,27107.0,990.0
JP,Japan,2020-07-23,6.0,3.0,9.0,-39.0,-58.0,18.0,30.56,1.0,0.0,1.0,0.0,0.0,1.0,1.0,3.0,2.0,28088.0,992.0
JP,Japan,2020-07-24,-2.0,1.0,26.0,-42.0,-61.0,21.0,30.56,1.0,0.0,1.0,0.0,0.0,1.0,1.0,3.0,2.0,28867.0,995.0
JP,Japan,2020-07-25,-16.0,-3.0,-19.0,-28.0,-20.0,8.0,30.56,1.0,0.0,1.0,0.0,0.0,1.0,1.0,3.0,2.0,29668.0,998.0
JP,Japan,2020-07-26,-18.0,-4.0,-21.0,-29.0,-12.0,6.0,34.26,1.0,1.0,1.0,0.0,0.0,1.0,1.0,3.0,2.0,30507.0,998.0
JP,Japan,2020-07-27,-13.0,-1.0,-14.0,-20.0,-11.0,6.0,34.26,1.0,1.0,1.0,0.0,0.0,1.0,1.0,3.0,2.0,31107.0,999.0
JP,Japan,2020-07-28,-10.0,0.0,-8.0,-21.0,-12.0,7.0,34.26,1.0,1.0,1.0,0.0,0.0,1.0,1.0,3.0,2.0,32092.0,1002.0
JP,Japan,2020-07-29,-12.0,1.0,-3.0,-22.0,-12.0,6.0,34.26,1.0,1.0,1.0,0.0,0.0,1.0,1.0,3.0,2.0,,1006.0
JP,Japan,2020-07-30,-11.0,2.0,-2.0,-22.0,-12.0,6.0,34.26,1.0,1.0,1.0,0.0,0.0,1.0,1.0,3.0,2.0,,1007.0
JP,Japan,2020-07-31,-14.0,1.0,-5.0,-23.0,-12.0,7.0,34.26,1.0,1.0,1.0,0.0,0.0,1.0,1.0,3.0,2.0,,1013.0
JP,Japan,2020-08-01,-15.0,3.0,3.0,-26.0,-9.0,5.0,34.26,1.0,1.0,1.0,0.0,0.0,1.0,1.0,3.0,2.0,,1013.0
JP,Japan,2020-08-02,-15.0,2.0,9.0,-29.0,-10.0,5.0,34.26,1.0,1.0,1.0,0.0,0.0,1.0,1.0,3.0,2.0,,1013.0
JP,Japan,2020-08-03,-12.0,0.0,3.0,-22.0,-12.0,6.0,34.26,1.0,1.0,1.0,0.0,0.0,1.0,1.0,3.0,2.0,,1018.0
JP,Japan,2020-08-04,-8.0,5.0,8.0,-22.0,-13.0,6.0,34.26,1.0,1.0,1.0,0.0,0.0,1.0,1.0,3.0,2.0,,1023.0
JP,Japan,2020-08-05,-9.0,3.0,6.0,-23.0,-14.0,6.0,34.26,1.0,1.0,1.0,0.0,0.0,1.0,1.0,3.0,2.0,,1030.0
JP,Japan,2020-08-06,-9.0,3.0,4.0,-23.0,-14.0,6.0,32.41,1.0,1.0,1.0,0.0,0.0,1.0,1.0,3.0,2.0,,1036.0
JP,Japan,2020-08-07,-11.0,1.0,1.0,-24.0,-15.0,7.0,32.41,1.0,1.0,1.0,0.0,0.0,1.0,1.0,3.0,2.0,,1043.0
JP,Japan,2020-08-08,-14.0,2.0,0.0,-25.0,-12.0,5.0,32.41,1.0,1.0,1.0,0.0,0.0,1.0,1.0,3.0,2.0,,1044.0
JP,Japan,2020-08-09,-12.0,1.0,10.0,-23.0,-11.0,4.0,32.41,1.0,1.0,1.0,0.0,0.0,1.0,1.0,3.0,2.0,,1049.0
JP,Japan,2020-08-10,8.0,4.0,36.0,-42.0,-64.0,19.0,32.41,1.0,1.0,1.0,0.0,0.0,1.0,1.0,3.0,2.0,,1054.0
JP,Japan,2020-08-11,3.0,8.0,20.0,-28.0,-33.0,11.0,32.41,1.0,1.0,1.0,0.0,0.0,1.0,1.0,3.0,2.0,,1061.0
JP,Japan,2020-08-12,3.0,8.0,23.0,-29.0,-37.0,11.0,32.41,1.0,1.0,1.0,0.0,0.0,1.0,1.0,3.0,2.0,,1066.0
JP,Japan,2020-08-13,8.0,10.0,30.0,-32.0,-53.0,15.0,32.41,1.0,1.0,1.0,0.0,0.0,1.0,1.0,3.0,2.0,,1077.0
JP,Japan,2020-08-14,1.0,6.0,29.0,-34.0,-57.0,18.0,32.41,1.0,1.0,1.0,0.0,0.0,1.0,1.0,3.0,2.0,,1086.0
JP,Japan,2020-08-15,-14.0,0.0,6.0,-29.0,-41.0,9.0,32.41,1.0,1.0,1.0,0.0,0.0,1.0,1.0,3.0,2.0,,1093.0
JP,Japan,2020-08-16,-19.0,-3.0,-5.0,-30.0,-18.0,5.0,32.41,1.0,1.0,1.0,0.0,0.0,1.0,1.0,3.0,2.0,,1104.0
JP,Japan,2020-08-17,-11.0,-1.0,-3.0,-26.0,-17.0,7.0,32.41,1.0,1.0,1.0,0.0,0.0,1.0,1.0,3.0,2.0,,1119.0
JP,Japan,2020-08-18,-9.0,1.0,4.0,-25.0,-15.0,7.0,32.41,1.0,1.0,1.0,0.0,0.0,1.0,1.0,3.0,2.0,,1135.0
JP,Japan,2020-08-19,-12.0,0.0,2.0,-25.0,-15.0,7.0,32.41,1.0,1.0,1.0,0.0,0.0,1.0,1.0,3.0,2.0,,1149.0
JP,Japan,2020-08-20,-11.0,2.0,-4.0,-26.0,-14.0,7.0,32.41,1.0,1.0,1.0,0.0,0.0,1.0,1.0,3.0,2.0,,1160.0
JP,Japan,2020-08-21,-15.0,-3.0,-4.0,-27.0,-15.0,8.0,32.41,1.0,1.0,1.0,0.0,0.0,1.0,1.0,3.0,2.0,,1175.0
JP,Japan,2020-08-22,-15.0,-1.0,-8.0,-28.0,-12.0,6.0,32.41,1.0,1.0,1.0,0.0,0.0,1.0,1.0,3.0,2.0,,1181.0
JP,Japan,2020-08-23,-17.0,-3.0,-9.0,-31.0,-11.0,5.0,32.41,1.0,1.0,1.0,0.0,0.0,1.0,1.0,3.0,2.0,,1190.0
JP,Japan,2020-08-24,-13.0,-3.0,-5.0,-24.0,-12.0,6.0,32.41,1.0,1.0,1.0,0.0,0.0,1.0,1.0,3.0,2.0,,1203.0
JP,Japan,2020-08-25,-7.0,3.0,1.0,-22.0,-12.0,6.0,32.41,1.0,1.0,1.0,0.0,0.0,1.0,1.0,3.0,2.0,,1217.0
JP,Japan,2020-08-26,-11.0,0.0,-2.0,-23.0,-12.0,6.0,32.41,1.0,1.0,1.0,0.0,0.0,1.0,1.0,3.0,2.0,,1230.0
JP,Japan,2020-08-27,-12.0,0.0,-7.0,-24.0,-12.0,6.0,32.41,1.0,1.0,1.0,0.0,0.0,1.0,1.0,3.0,2.0,,1241.0
JP,Japan,2020-08-28,-14.0,-2.0,-6.0,-25.0,-13.0,7.0,32.41,1.0,1.0,1.0,0.0,0.0,1.0,1.0,3.0,2.0,,1261.0
JP,Japan,2020-08-29,-13.0,0.0,-5.0,-26.0,-12.0,5.0,32.41,1.0,1.0,1.0,0.0,0.0,1.0,1.0,3.0,2.0,,1272.0
JP,Japan,2020-08-30,-14.0,0.0,-8.0,-29.0,-10.0,5.0,32.41,1.0,1.0,1.0,0.0,0.0,1.0,1.0,3.0,2.0,,1286.0
JP,Japan,2020-08-31,-13.0,-2.0,-10.0,-23.0,-10.0,6.0,32.41,1.0,1.0,1.0,0.0,0.0,1.0,1.0,3.0,2.0,,1300.0
JP,Japan,2020-09-01,-11.0,1.0,-3.0,-22.0,-11.0,6.0,32.41,1.0,1.0,1.0,0.0,0.0,1.0,1.0,3.0,2.0,,1314.0
JP,Japan,2020-09-02,-15.0,-3.0,-10.0,-25.0,-12.0,6.0,32.41,1.0,1.0,1.0,0.0,0.0,1.0,1.0,3.0,2.0,,1327.0
JP,Japan,2020-09-03,-13.0,-1.0,-11.0,-24.0,-12.0,6.0,32.41,1.0,1.0,1.0,0.0,0.0,1.0,1.0,3.0,2.0,,1335.0
JP,Japan,2020-09-04,-13.0,-1.0,-10.0,-24.0,-12.0,7.0,32.41,1.0,1.0,1.0,0.0,0.0,1.0,1.0,3.0,2.0,,1352.0
JP,Japan,2020-09-05,-12.0,2.0,-12.0,-27.0,-11.0,6.0,32.41,1.0,1.0,1.0,0.0,0.0,1.0,1.0,3.0,2.0,,1361.0
JP,Japan,2020-09-06,-20.0,-8.0,-23.0,-35.0,-13.0,6.0,32.41,1.0,1.0,1.0,0.0,0.0,1.0,1.0,3.0,2.0,,1369.0
JP,Japan,2020-09-07,-22.0,-13.0,-23.0,-29.0,-19.0,9.0,32.41,1.0,1.0,1.0,0.0,0.0,1.0,1.0,3.0,2.0,,1380.0
JP,Japan,2020-09-08,-9.0,1.0,0.0,-21.0,-12.0,5.0,32.41,1.0,1.0,1.0,0.0,0.0,1.0,1.0,3.0,2.0,,1398.0
JP,Japan,2020-09-09,-12.0,-3.0,-3.0,-22.0,-12.0,5.0,32.41,1.0,1.0,1.0,0.0,0.0,1.0,1.0,3.0,2.0,,1412.0
JP,Japan,2020-09-10,-10.0,0.0,-4.0,-20.0,-12.0,5.0,35.19,1.0,0.0,1.0,0.0,0.0,1.0,1.0,3.0,2.0,,1419.0
JP,Japan,2020-09-11,-12.0,-2.0,-2.0,-21.0,-12.0,6.0,35.19,1.0,0.0,1.0,0.0,0.0,1.0,1.0,3.0,2.0,,1428.0
JP,Japan,2020-09-12,-12.0,-3.0,-15.0,-25.0,-13.0,5.0,35.19,1.0,0.0,1.0,0.0,0.0,1.0,1.0,3.0,2.0,,1441.0
JP,Japan,2020-09-13,-11.0,-2.0,-1.0,-25.0,-9.0,3.0,35.19,1.0,0.0,1.0,0.0,0.0,1.0,1.0,3.0,2.0,,1447.0
JP,Japan,2020-09-14,-11.0,-4.0,2.0,-19.0,-9.0,4.0,35.19,1.0,0.0,1.0,0.0,0.0,1.0,1.0,3.0,2.0,,1454.0
JP,Japan,2020-09-15,-5.0,2.0,11.0,-17.0,-10.0,4.0,35.19,1.0,0.0,1.0,0.0,0.0,1.0,1.0,3.0,2.0,,1467.0
JP,Japan,2020-09-16,-9.0,-1.0,7.0,-18.0,-10.0,4.0,35.19,1.0,0.0,1.0,0.0,0.0,1.0,1.0,3.0,2.0,,1480.0
JP,Japan,2020-09-17,-10.0,-3.0,0.0,-19.0,-11.0,4.0,35.19,1.0,0.0,1.0,0.0,0.0,1.0,1.0,3.0,2.0,,1489.0
JP,Japan,2020-09-18,-11.0,-3.0,-6.0,-19.0,-11.0,5.0,35.19,1.0,0.0,1.0,0.0,0.0,1.0,1.0,3.0,2.0,,1499.0
JP,Japan,2020-09-19,-8.0,1.0,12.0,-12.0,-9.0,2.0,35.19,1.0,0.0,1.0,0.0,0.0,1.0,1.0,3.0,2.0,,1503.0
JP,Japan,2020-09-20,-3.0,2.0,27.0,-7.0,-8.0,0.0,35.19,1.0,0.0,1.0,0.0,0.0,1.0,1.0,3.0,2.0,,1507.0
JP,Japan,2020-09-21,21.0,5.0,76.0,-25.0,-62.0,14.0,35.19,1.0,0.0,1.0,0.0,0.0,1.0,1.0,3.0,2.0,,1514.0
JP,Japan,2020-09-22,12.0,5.0,53.0,-34.0,-60.0,16.0,35.19,1.0,0.0,1.0,0.0,0.0,1.0,1.0,3.0,2.0,,1519.0
JP,Japan,2020-09-23,-14.0,-2.0,-10.0,-18.0,-9.0,5.0,35.19,1.0,0.0,1.0,0.0,0.0,1.0,1.0,3.0,2.0,,1525.0
JP,Japan,2020-09-24,-15.0,-5.0,-17.0,-22.0,-10.0,6.0,35.19,1.0,0.0,1.0,0.0,0.0,1.0,1.0,3.0,2.0,,1537.0
JP,Japan,2020-09-25,-15.0,-4.0,-25.0,-19.0,-10.0,7.0,35.19,1.0,0.0,1.0,0.0,0.0,1.0,1.0,3.0,2.0,,1544.0
JP,Japan,2020-09-26,-12.0,0.0,-15.0,-20.0,-7.0,5.0,35.19,1.0,0.0,1.0,0.0,0.0,1.0,1.0,3.0,2.0,,1547.0
JP,Japan,2020-09-27,-9.0,2.0,7.0,-20.0,-6.0,3.0,35.19,1.0,0.0,1.0,0.0,0.0,1.0,1.0,3.0,2.0,,1550.0
JP,Japan,2020-09-28,-7.0,1.0,2.0,-15.0,-9.0,4.0,35.19,1.0,0.0,1.0,0.0,0.0,1.0,1.0,3.0,2.0,,1561.0
JP,Japan,2020-09-29,-4.0,3.0,6.0,-16.0,-9.0,4.0,35.19,1.0,0.0,1.0,0.0,0.0,1.0,1.0,3.0,2.0,,1568.0
JP,Japan,2020-09-30,-5.0,5.0,4.0,-16.0,-8.0,3.0,35.19,1.0,0.0,1.0,0.0,0.0,1.0,1.0,3.0,2.0,,1575.0
JP,Japan,2020-10-01,-9.0,1.0,-3.0,-18.0,-8.0,4.0,35.19,1.0,0.0,1.0,0.0,0.0,1.0,1.0,3.0,2.0,,1583.0
JP,Japan,2020-10-02,-11.0,-2.0,2.0,-19.0,-9.0,5.0,35.19,1.0,0.0,1.0,0.0,0.0,1.0,1.0,3.0,2.0,,1593.0
JP,Japan,2020-10-03,-9.0,1.0,11.0,-17.0,-9.0,4.0,35.19,1.0,0.0,1.0,0.0,0.0,1.0,1.0,3.0,2.0,,1599.0
JP,Japan,2020-10-04,-10.0,0.0,12.0,-18.0,-8.0,3.0,35.19,1.0,0.0,1.0,0.0,0.0,1.0,1.0,3.0,2.0,,1600.0
JP,Japan,2020-10-05,-11.0,-2.0,-4.0,-17.0,-9.0,4.0,35.19,1.0,0.0,1.0,0.0,0.0,1.0,1.0,3.0,2.0,,1604.0
JP,Japan,2020-10-06,-6.0,1.0,7.0,-16.0,-9.0,4.0,35.19,1.0,0.0,1.0,0.0,0.0,1.0,1.0,3.0,2.0,,1611.0
JP,Japan,2020-10-07,-10.0,-2.0,-2.0,-17.0,-9.0,4.0,35.19,1.0,0.0,1.0,0.0,0.0,1.0,1.0,3.0,2.0,,1616.0
JP,Japan,2020-10-08,-15.0,-7.0,-30.0,-20.0,-10.0,6.0,35.19,1.0,0.0,1.0,0.0,0.0,1.0,1.0,3.0,2.0,,1619.0
JP,Japan,2020-10-09,-17.0,-7.0,-26.0,-21.0,-11.0,7.0,35.19,1.0,0.0,1.0,0.0,0.0,1.0,1.0,3.0,2.0,,1625.0
JP,Japan,2020-10-10,-17.0,-7.0,-33.0,-30.0,-16.0,8.0,35.19,1.0,0.0,1.0,0.0,0.0,1.0,1.0,3.0,2.0,,1628.0
JP,Japan,2020-10-11,-8.0,2.0,7.0,-18.0,-7.0,3.0,35.19,1.0,0.0,1.0,0.0,0.0,1.0,1.0,3.0,2.0,,1630.0
JP,Japan,2020-10-12,-10.0,-2.0,0.0,-17.0,-9.0,4.0,35.19,1.0,0.0,1.0,0.0,0.0,1.0,1.0,3.0,2.0,,1634.0
JP,Japan,2020-10-13,-7.0,1.0,8.0,-16.0,-9.0,4.0,35.19,1.0,0.0,1.0,0.0,0.0,1.0,1.0,3.0,2.0,,1638.0
JP,Japan,2020-10-14,-8.0,-1.0,8.0,-16.0,-9.0,4.0,35.19,1.0,0.0,1.0,0.0,0.0,1.0,1.0,3.0,2.0,,1647.0
JP,Japan,2020-10-15,-6.0,3.0,-5.0,-15.0,-9.0,4.0,35.19,1.0,0.0,1.0,0.0,0.0,1.0,1.0,3.0,2.0,,1650.0
JP,Japan,2020-10-16,-7.0,1.0,-1.0,-16.0,-10.0,5.0,35.19,1.0,0.0,1.0,0.0,0.0,1.0,1.0,3.0,2.0,,1665.0
JP,Japan,2020-10-17,-11.0,-4.0,-34.0,-20.0,-11.0,6.0,35.19,1.0,0.0,1.0,0.0,0.0,1.0,1.0,3.0,2.0,,1671.0
JP,Japan,2020-10-18,-4.0,4.0,18.0,-11.0,-7.0,2.0,35.19,1.0,0.0,1.0,0.0,0.0,1.0,1.0,3.0,2.0,,1675.0
JP,Japan,2020-10-19,-11.0,-5.0,-13.0,-16.0,-9.0,5.0,35.19,1.0,0.0,1.0,0.0,0.0,1.0,1.0,3.0,2.0,,1677.0
JP,Japan,2020-10-20,-2.0,4.0,8.0,-15.0,-8.0,4.0,35.19,1.0,0.0,1.0,0.0,0.0,1.0,1.0,3.0,2.0,,1680.0
JP,Japan,2020-10-21,-6.0,1.0,9.0,-15.0,-8.0,3.0,35.19,1.0,0.0,1.0,0.0,0.0,1.0,1.0,3.0,2.0,,1687.0
JP,Japan,2020-10-22,-8.0,-1.0,-10.0,-17.0,-9.0,4.0,35.19,1.0,0.0,1.0,0.0,0.0,1.0,1.0,3.0,2.0,,1698.0
JP,Japan,2020-10-23,-11.0,-3.0,-21.0,-18.0,-10.0,6.0,35.19,1.0,0.0,1.0,0.0,0.0,1.0,1.0,3.0,2.0,,1710.0
JP,Japan,2020-10-24,-3.0,4.0,11.0,-11.0,-11.0,3.0,35.19,1.0,0.0,1.0,0.0,0.0,1.0,1.0,3.0,2.0,,1714.0
JP,Japan,2020-10-25,-3.0,5.0,24.0,-9.0,-7.0,1.0,35.19,1.0,0.0,1.0,0.0,0.0,1.0,1.0,3.0,2.0,,1720.0
JP,Japan,2020-10-26,-6.0,0.0,3.0,-15.0,-8.0,3.0,35.19,1.0,0.0,1.0,0.0,0.0,1.0,1.0,3.0,2.0,,1728.0
JP,Japan,2020-10-27,-3.0,3.0,9.0,-15.0,-8.0,4.0,35.19,1.0,0.0,1.0,0.0,0.0,1.0,1.0,3.0,2.0,,1733.0
JP,Japan,2020-10-28,-5.0,1.0,7.0,-16.0,-8.0,3.0,35.19,1.0,0.0,1.0,0.0,0.0,1.0,1.0,3.0,2.0,,1738.0
JP,Japan,2020-10-29,-6.0,0.0,3.0,-16.0,-8.0,4.0,35.19,1.0,0.0,1.0,0.0,0.0,1.0,1.0,3.0,2.0,,1748.0
JP,Japan,2020-10-30,-7.0,0.0,-3.0,-17.0,-8.0,4.0,35.19,1.0,0.0,1.0,0.0,0.0,1.0,1.0,3.0,2.0,,1756.0
JP,Japan,2020-10-31,-5.0,2.0,14.0,-11.0,-7.0,2.0,35.19,1.0,0.0,1.0,0.0,0.0,1.0,1.0,3.0,2.0,,1770.0
JP,Japan,2020-11-01,-5.0,2.0,19.0,-12.0,-6.0,2.0,35.19,1.0,0.0,1.0,0.0,0.0,1.0,1.0,3.0,2.0,,1776.0
JP,Japan,2020-11-02,-5.0,-4.0,-19.0,-17.0,-11.0,5.0,35.19,1.0,0.0,1.0,0.0,0.0,1.0,1.0,3.0,2.0,,1788.0
JP,Japan,2020-11-03,16.0,5.0,33.0,-36.0,-57.0,17.0,35.19,1.0,0.0,1.0,0.0,0.0,1.0,1.0,3.0,2.0,,1795.0
JP,Japan,2020-11-04,-10.0,-1.0,-1.0,-16.0,-6.0,3.0,35.19,1.0,0.0,1.0,0.0,0.0,1.0,1.0,3.0,2.0,,1799.0
JP,Japan,2020-11-05,-8.0,0.0,0.0,-17.0,-7.0,4.0,35.19,1.0,0.0,1.0,0.0,0.0,1.0,1.0,3.0,2.0,,1808.0
JP,Japan,2020-11-06,-11.0,-3.0,-3.0,-18.0,-7.0,5.0,35.19,1.0,0.0,1.0,0.0,0.0,1.0,1.0,3.0,2.0,,1812.0
JP,Japan,2020-11-07,-10.0,-2.0,-13.0,-19.0,-5.0,4.0,37.04,1.0,1.0,1.0,0.0,0.0,1.0,1.0,3.0,2.0,,1817.0
JP,Japan,2020-11-08,-7.0,1.0,15.0,-15.0,-7.0,3.0,37.04,1.0,1.0,1.0,0.0,0.0,1.0,1.0,3.0,2.0,,1824.0
JP,Japan,2020-11-09,-10.0,-3.0,-5.0,-17.0,-7.0,4.0,37.04,1.0,1.0,1.0,0.0,0.0,1.0,1.0,3.0,2.0,,1836.0
JP,Japan,2020-11-10,-4.0,2.0,0.0,-16.0,-8.0,4.0,37.04,1.0,1.0,1.0,0.0,0.0,1.0,1.0,3.0,2.0,,1851.0
JP,Japan,2020-11-11,-6.0,0.0,1.0,-17.0,-8.0,4.0,37.04,1.0,1.0,1.0,0.0,0.0,1.0,1.0,3.0,2.0,,1863.0
JP,Japan,2020-11-12,-7.0,0.0,-2.0,-17.0,-8.0,4.0,37.04,1.0,1.0,1.0,0.0,0.0,1.0,1.0,3.0,2.0,,1873.0
JP,Japan,2020-11-13,-9.0,-1.0,-1.0,-18.0,-9.0,5.0,37.04,1.0,1.0,1.0,0.0,0.0,1.0,1.0,3.0,2.0,,1885.0
JP,Japan,2020-11-14,-6.0,1.0,10.0,-14.0,-10.0,4.0,37.04,1.0,1.0,1.0,0.0,0.0,1.0,1.0,3.0,2.0,,1888.0
JP,Japan,2020-11-15,-6.0,3.0,21.0,-13.0,-7.0,2.0,37.04,1.0,1.0,1.0,0.0,0.0,1.0,1.0,3.0,2.0,,1895.0
JP,Japan,2020-11-16,-9.0,-2.0,0.0,-17.0,-8.0,4.0,37.04,1.0,1.0,1.0,0.0,0.0,1.0,1.0,3.0,2.0,,1906.0
JP,Japan,2020-11-17,-6.0,0.0,7.0,-17.0,-8.0,4.0,37.04,1.0,1.0,1.0,0.0,0.0,1.0,1.0,3.0,2.0,,1920.0
JP,Japan,2020-11-18,-8.0,-1.0,7.0,-17.0,-8.0,4.0,37.04,1.0,1.0,1.0,0.0,0.0,1.0,1.0,3.0,2.0,,1934.0
JP,Japan,2020-11-19,-9.0,-1.0,-1.0,-18.0,-8.0,4.0,37.04,1.0,1.0,1.0,0.0,0.0,1.0,1.0,3.0,2.0,,1955.0
JP,Japan,2020-11-20,-11.0,-1.0,-15.0,-19.0,-9.0,6.0,37.04,1.0,1.0,1.0,0.0,0.0,1.0,1.0,3.0,2.0,,1969.0
JP,Japan,2020-11-21,-9.0,1.0,4.0,-15.0,-7.0,3.0,37.04,1.0,1.0,1.0,0.0,0.0,1.0,1.0,3.0,2.0,,1981.0
JP,Japan,2020-11-22,-6.0,-1.0,17.0,-12.0,-8.0,2.0,37.04,1.0,1.0,1.0,0.0,0.0,1.0,1.0,3.0,2.0,,1988.0
JP,Japan,2020-11-23,9.0,1.0,29.0,-38.0,-60.0,17.0,37.04,1.0,1.0,1.0,0.0,0.0,1.0,1.0,3.0,2.0,,1996.0
JP,Japan,2020-11-24,-9.0,0.0,-5.0,-17.0,-7.0,4.0,37.04,1.0,1.0,1.0,0.0,0.0,1.0,1.0,3.0,2.0,,2015.0
JP,Japan,2020-11-25,-9.0,0.0,-10.0,-18.0,-7.0,4.0,37.04,1.0,1.0,1.0,0.0,0.0,1.0,1.0,3.0,2.0,,2036.0
JP,Japan,2020-11-26,-8.0,1.0,-4.0,-18.0,-7.0,4.0,37.04,1.0,1.0,1.0,0.0,0.0,1.0,1.0,3.0,2.0,,2065.0
JP,Japan,2020-11-27,-11.0,-2.0,-9.0,-20.0,-8.0,5.0,37.04,1.0,1.0,1.0,0.0,0.0,1.0,1.0,3.0,2.0,,2096.0
JP,Japan,2020-11-28,-10.0,0.0,-10.0,-21.0,-7.0,5.0,37.04,1.0,1.0,1.0,0.0,0.0,1.0,1.0,3.0,2.0,,2110.0
JP,Japan,2020-11-29,-10.0,0.0,-4.0,-24.0,-7.0,4.0,37.04,1.0,1.0,1.0,0.0,0.0,1.0,1.0,3.0,2.0,,2126.0
JP,Japan,2020-11-30,-8.0,0.0,-11.0,-19.0,-6.0,4.0,37.04,1.0,1.0,1.0,0.0,0.0,1.0,1.0,3.0,2.0,,2152.0
JP,Japan,2020-12-01,-7.0,2.0,-5.0,-19.0,-7.0,5.0,42.59,1.0,1.0,1.0,0.0,1.0,1.0,1.0,3.0,2.0,,2193.0
JP,Japan,2020-12-02,-11.0,-3.0,-12.0,-21.0,-7.0,5.0,42.59,1.0,1.0,1.0,0.0,1.0,1.0,1.0,3.0,2.0,,2225.0
JP,Japan,2020-12-03,-10.0,0.0,-13.0,-21.0,-7.0,5.0,42.59,1.0,1.0,1.0,0.0,1.0,1.0,1.0,3.0,2.0,,2261.0
JP,Japan,2020-12-04,-10.0,-1.0,-11.0,-21.0,-8.0,6.0,42.59,1.0,1.0,1.0,0.0,1.0,1.0,1.0,3.0,2.0,,2306.0
JP,Japan,2020-12-05,-11.0,-1.0,-21.0,-24.0,-7.0,5.0,42.59,1.0,1.0,1.0,0.0,1.0,1.0,1.0,3.0,2.0,,2328.0
JP,Japan,2020-12-06,-8.0,1.0,-1.0,-23.0,-7.0,4.0,42.59,1.0,1.0,1.0,0.0,1.0,1.0,1.0,3.0,2.0,,2359.0
JP,Japan,2020-12-07,-11.0,-2.0,-10.0,-20.0,-7.0,5.0,42.59,1.0,1.0,1.0,0.0,1.0,1.0,1.0,3.0,2.0,,2398.0
JP,Japan,2020-12-08,-8.0,0.0,-7.0,-21.0,-7.0,5.0,42.59,1.0,1.0,1.0,0.0,1.0,1.0,1.0,3.0,2.0,,2445.0
JP,Japan,2020-12-09,-10.0,-2.0,-9.0,-22.0,-8.0,5.0,42.59,1.0,1.0,1.0,0.0,1.0,1.0,1.0,3.0,2.0,,2487.0
JP,Japan,2020-12-10,-8.0,2.0,-12.0,-20.0,-8.0,5.0,42.59,1.0,1.0,1.0,0.0,1.0,1.0,1.0,3.0,2.0,,2513.0
JP,Japan,2020-12-11,-11.0,-2.0,-10.0,-21.0,-8.0,5.0,42.59,1.0,1.0,1.0,0.0,1.0,1.0,1.0,3.0,2.0,,2554.0
JP,Japan,2020-12-12,-8.0,1.0,-13.0,-22.0,-9.0,5.0,42.59,1.0,1.0,1.0,0.0,1.0,1.0,1.0,3.0,2.0,,2582.0
JP,Japan,2020-12-13,-8.0,1.0,-10.0,-24.0,-7.0,4.0,42.59,1.0,1.0,1.0,0.0,1.0,1.0,1.0,3.0,2.0,,2602.0
JP,Japan,2020-12-14,-12.0,-5.0,-20.0,-21.0,-8.0,5.0,42.59,1.0,1.0,1.0,0.0,1.0,1.0,1.0,3.0,2.0,,2649.0
JP,Japan,2020-12-15,-4.0,3.0,-17.0,-19.0,-8.0,5.0,42.59,1.0,1.0,1.0,0.0,1.0,1.0,1.0,3.0,2.0,,2702.0
JP,Japan,2020-12-16,-9.0,-1.0,-19.0,-21.0,-8.0,5.0,42.59,1.0,1.0,1.0,0.0,1.0,1.0,1.0,3.0,2.0,,2755.0
JP,Japan,2020-12-17,-9.0,0.0,-20.0,-21.0,-8.0,5.0,42.59,1.0,1.0,1.0,0.0,1.0,1.0,1.0,3.0,2.0,,2793.0
JP,Japan,2020-12-18,-10.0,0.0,-18.0,-21.0,-8.0,6.0,42.59,1.0,1.0,1.0,0.0,1.0,1.0,1.0,3.0,2.0,,2841.0
JP,Japan,2020-12-19,-9.0,1.0,-25.0,-23.0,-6.0,5.0,42.59,1.0,1.0,1.0,0.0,1.0,1.0,1.0,3.0,2.0,,2881.0
JP,Japan,2020-12-20,-8.0,2.0,-22.0,-26.0,-6.0,4.0,42.59,1.0,1.0,1.0,0.0,1.0,1.0,1.0,3.0,2.0,,2917.0
JP,Japan,2020-12-21,-8.0,0.0,-18.0,-20.0,-8.0,5.0,42.59,1.0,1.0,1.0,0.0,1.0,1.0,1.0,3.0,2.0,,2965.0
JP,Japan,2020-12-22,-4.0,2.0,-12.0,-20.0,-8.0,5.0,42.59,1.0,1.0,1.0,0.0,1.0,1.0,1.0,3.0,2.0,,3013.0
JP,Japan,2020-12-23,-4.0,3.0,-11.0,-20.0,-8.0,4.0,42.59,1.0,1.0,1.0,0.0,1.0,1.0,1.0,3.0,2.0,,3069.0
JP,Japan,2020-12-24,0.0,8.0,-22.0,-21.0,-9.0,5.0,42.59,1.0,1.0,1.0,0.0,1.0,1.0,1.0,3.0,2.0,,3123.0
JP,Japan,2020-12-25,-6.0,5.0,-19.0,-22.0,-10.0,7.0,42.59,1.0,1.0,1.0,0.0,1.0,1.0,1.0,3.0,2.0,,3187.0
JP,Japan,2020-12-26,-12.0,1.0,-24.0,-24.0,-5.0,5.0,42.59,1.0,1.0,1.0,0.0,1.0,1.0,1.0,3.0,2.0,,3234.0
JP,Japan,2020-12-27,-11.0,2.0,-21.0,-26.0,-4.0,5.0,42.59,1.0,1.0,1.0,0.0,1.0,1.0,1.0,3.0,2.0,,3274.0
JP,Japan,2020-12-28,9.0,9.0,-16.0,-26.0,-26.0,9.0,45.37,1.0,1.0,1.0,0.0,1.0,1.0,1.0,4.0,2.0,,3325.0
JP,Japan,2020-12-29,18.0,17.0,-4.0,-36.0,-49.0,16.0,45.37,1.0,1.0,1.0,0.0,1.0,1.0,1.0,4.0,2.0,,3384.0
JP,Japan,2020-12-30,9.0,17.0,-31.0,-45.0,-64.0,21.0,45.37,1.0,1.0,1.0,0.0,1.0,1.0,1.0,4.0,2.0,,3443.0
JP,Japan,2020-12-31,-9.0,13.0,-28.0,-57.0,-75.0,27.0,45.37,1.0,1.0,1.0,0.0,1.0,1.0,1.0,4.0,2.0,,3492.0
JP,Japan,2021-01-01,-45.0,-41.0,-8.0,-66.0,-84.0,32.0,48.15,1.0,1.0,1.0,0.0,1.0,1.0,1.0,4.0,2.0,,3541.0
JP,Japan,2021-01-02,-28.0,-21.0,-27.0,-45.0,-60.0,15.0,48.15,1.0,1.0,1.0,0.0,1.0,1.0,1.0,4.0,2.0,,3572.0
JP,Japan,2021-01-03,-24.0,-14.0,-25.0,-35.0,-29.0,8.0,48.15,1.0,1.0,1.0,0.0,1.0,1.0,1.0,4.0,2.0,,3632.0
JP,Japan,2021-01-04,0.0,0.0,-11.0,-35.0,-43.0,16.0,48.15,1.0,1.0,1.0,0.0,1.0,1.0,1.0,4.0,2.0,,3680.0
JP,Japan,2021-01-05,-7.0,0.0,-19.0,-29.0,-21.0,11.0,49.54,1.0,1.0,1.0,1.0,1.0,1.0,1.0,4.0,2.0,,3756.0
JP,Japan,2021-01-06,-14.0,0.0,-19.0,-28.0,-12.0,7.0,49.54,1.0,1.0,1.0,1.0,1.0,1.0,1.0,4.0,2.0,,3821.0
JP,Japan,2021-01-07,-21.0,-5.0,-30.0,-30.0,-12.0,9.0,49.54,1.0,1.0,1.0,1.0,1.0,1.0,1.0,4.0,2.0,,3885.0
JP,Japan,2021-01-08,-27.0,-8.0,-32.0,-32.0,-13.0,10.0,49.54,1.0,1.0,1.0,1.0,1.0,1.0,1.0,4.0,2.0,,3963.0
JP,Japan,2021-01-09,-27.0,-8.0,-37.0,-40.0,-12.0,10.0,49.54,1.0,1.0,1.0,1.0,1.0,1.0,1.0,4.0,2.0,,4022.0
JP,Japan,2021-01-10,-20.0,-5.0,-27.0,-40.0,-12.0,7.0,49.54,1.0,1.0,1.0,1.0,1.0,1.0,1.0,4.0,2.0,,4067.0
JP,Japan,2021-01-11,-7.0,-4.0,-16.0,-54.0,-60.0,22.0,49.54,1.0,1.0,1.0,1.0,1.0,1.0,1.0,4.0,2.0,,4115.0
JP,Japan,2021-01-12,-23.0,-7.0,-34.0,-29.0,-12.0,9.0,49.54,1.0,1.0,1.0,1.0,1.0,1.0,1.0,4.0,2.0,,4179.0
JP,Japan,2021-01-13,-21.0,-4.0,-18.0,-29.0,-11.0,7.0,49.54,1.0,1.0,1.0,1.0,1.0,1.0,1.0,4.0,2.0,,4276.0
JP,Japan,2021-01-14,-22.0,-5.0,-17.0,-31.0,-12.0,7.0,49.54,1.0,1.0,1.0,1.0,1.0,1.0,1.0,4.0,2.0,,4342.0
JP,Japan,2021-01-15,-25.0,-6.0,-24.0,-33.0,-13.0,8.0,49.54,1.0,1.0,1.0,1.0,1.0,1.0,1.0,4.0,2.0,,4420.0
JP,Japan,2021-01-16,-25.0,-7.0,-24.0,-39.0,-11.0,7.0,49.54,1.0,1.0,1.0,1.0,1.0,1.0,1.0,4.0,2.0,,4476.0
JP,Japan,2021-01-17,-25.0,-9.0,-30.0,-44.0,-14.0,7.0,49.54,1.0,1.0,1.0,1.0,1.0,1.0,1.0,4.0,2.0,,4525.0
JP,Japan,2021-01-18,-25.0,-9.0,-25.0,-32.0,-13.0,7.0,49.54,1.0,1.0,1.0,1.0,1.0,1.0,1.0,4.0,2.0,,4583.0
JP,Japan,2021-01-19,-23.0,-8.0,-24.0,-33.0,-15.0,8.0,49.54,1.0,1.0,1.0,1.0,1.0,1.0,1.0,4.0,2.0,,4687.0
JP,Japan,2021-01-20,-21.0,-5.0,-18.0,-32.0,-14.0,7.0,49.54,1.0,1.0,1.0,1.0,1.0,1.0,1.0,4.0,2.0,,4779.0
JP,Japan,2021-01-21,-22.0,-6.0,-18.0,-32.0,-14.0,7.0,49.54,1.0,1.0,1.0,1.0,1.0,1.0,1.0,4.0,2.0,,4873.0
JP,Japan,2021-01-22,-27.0,-9.0,-29.0,-34.0,-14.0,9.0,49.54,1.0,1.0,1.0,1.0,1.0,1.0,1.0,4.0,2.0,,4981.0
JP,Japan,2021-01-23,-28.0,-11.0,-56.0,-42.0,-16.0,10.0,49.54,1.0,1.0,1.0,1.0,1.0,1.0,1.0,4.0,2.0,,5064.0
JP,Japan,2021-01-24,-29.0,-13.0,-55.0,-47.0,-16.0,9.0,49.54,1.0,1.0,1.0,1.0,1.0,1.0,1.0,4.0,2.0,,5120.0
JP,Japan,2021-01-25,-20.0,-4.0,-18.0,-30.0,-13.0,7.0,49.54,1.0,1.0,1.0,1.0,1.0,1.0,1.0,4.0,2.0,,5194.0
JP,Japan,2021-01-26,-20.0,-5.0,-21.0,-31.0,-14.0,8.0,49.54,1.0,1.0,1.0,1.0,1.0,1.0,1.0,4.0,2.0,,5298.0
JP,Japan,2021-01-27,-22.0,-6.0,-24.0,-33.0,-14.0,8.0,49.54,1.0,1.0,1.0,1.0,1.0,1.0,1.0,4.0,2.0,,5388.0
JP,Japan,2021-01-28,-23.0,-7.0,-29.0,-33.0,-14.0,8.0,49.54,1.0,1.0,1.0,1.0,1.0,1.0,1.0,4.0,2.0,,5501.0
JP,Japan,2021-01-29,-26.0,-8.0,-30.0,-34.0,-13.0,9.0,49.54,1.0,1.0,1.0,1.0,1.0,1.0,1.0,4.0,2.0,,5597.0
JP,Japan,2021-01-30,-21.0,-3.0,-28.0,-37.0,-12.0,8.0,49.54,1.0,1.0,1.0,1.0,1.0,1.0,1.0,4.0,2.0,,5688.0
JP,Japan,2021-01-31,-19.0,-3.0,-16.0,-38.0,-10.0,6.0,49.54,1.0,1.0,1.0,1.0,1.0,1.0,1.0,4.0,2.0,,5753.0
KR,South Korea,2020-02-15,-4.0,0.0,3.0,-6.0,1.0,3.0,31.48,3.0,0.0,1.0,0.0,0.0,0.0,0.0,3.0,0.0,28.0,0.0
KR,South Korea,2020-02-16,-11.0,0.0,-31.0,-15.0,-3.0,4.0,31.48,3.0,0.0,1.0,0.0,0.0,0.0,0.0,3.0,0.0,29.0,0.0
KR,South Korea,2020-02-17,-7.0,-6.0,-17.0,-6.0,0.0,5.0,31.48,3.0,0.0,1.0,0.0,0.0,0.0,0.0,3.0,0.0,30.0,0.0
KR,South Korea,2020-02-18,-1.0,-3.0,-5.0,-3.0,2.0,2.0,31.48,3.0,0.0,1.0,0.0,0.0,0.0,0.0,3.0,0.0,31.0,0.0
KR,South Korea,2020-02-19,-5.0,-1.0,14.0,-4.0,1.0,2.0,31.48,3.0,0.0,1.0,0.0,0.0,0.0,0.0,3.0,0.0,31.0,0.0
KR,South Korea,2020-02-20,-7.0,-3.0,7.0,-6.0,1.0,2.0,31.48,3.0,0.0,1.0,0.0,0.0,0.0,0.0,3.0,0.0,104.0,1.0
KR,South Korea,2020-02-21,-15.0,-4.0,-10.0,-10.0,0.0,5.0,45.37,3.0,0.0,2.0,2.0,0.0,0.0,0.0,3.0,0.0,204.0,2.0
KR,South Korea,2020-02-22,-26.0,-6.0,-32.0,-24.0,-4.0,9.0,45.37,3.0,0.0,2.0,2.0,0.0,0.0,0.0,3.0,0.0,433.0,2.0
KR,South Korea,2020-02-23,-31.0,-18.0,-12.0,-25.0,-9.0,8.0,50.0,3.0,0.0,2.0,2.0,0.0,1.0,1.0,3.0,0.0,602.0,6.0
KR,South Korea,2020-02-24,-21.0,6.0,6.0,-15.0,-6.0,8.0,55.56,3.0,1.0,2.0,2.0,0.0,1.0,1.0,3.0,0.0,833.0,8.0
KR,South Korea,2020-02-25,-33.0,-13.0,-38.0,-26.0,-10.0,10.0,55.56,3.0,1.0,2.0,2.0,0.0,1.0,1.0,3.0,0.0,977.0,10.0
KR,South Korea,2020-02-26,-29.0,-7.0,5.0,-22.0,-11.0,9.0,55.56,3.0,1.0,2.0,2.0,0.0,1.0,1.0,3.0,0.0,1261.0,12.0
KR,South Korea,2020-02-27,-30.0,-10.0,1.0,-24.0,-10.0,9.0,55.56,3.0,1.0,2.0,2.0,0.0,1.0,1.0,3.0,0.0,1766.0,13.0
KR,South Korea,2020-02-28,-37.0,-17.0,-38.0,-30.0,-12.0,13.0,55.56,3.0,1.0,2.0,2.0,0.0,1.0,1.0,3.0,0.0,2337.0,13.0
KR,South Korea,2020-02-29,-38.0,-10.0,-13.0,-32.0,-10.0,12.0,55.56,3.0,1.0,2.0,2.0,0.0,1.0,1.0,3.0,0.0,3150.0,16.0
KR,South Korea,2020-03-01,-41.0,-8.0,-17.0,-36.0,-16.0,11.0,55.56,3.0,1.0,2.0,2.0,0.0,1.0,1.0,3.0,0.0,3736.0,17.0
KR,South Korea,2020-03-02,-23.0,-1.0,10.0,-20.0,-8.0,9.0,55.56,3.0,1.0,2.0,2.0,0.0,1.0,1.0,3.0,0.0,4335.0,28.0
KR,South Korea,2020-03-03,-24.0,-7.0,2.0,-21.0,-9.0,8.0,55.56,3.0,1.0,2.0,2.0,0.0,1.0,1.0,3.0,0.0,5186.0,28.0
KR,South Korea,2020-03-04,-30.0,-10.0,-7.0,-25.0,-11.0,10.0,55.56,3.0,1.0,2.0,2.0,0.0,1.0,1.0,3.0,0.0,5621.0,35.0
KR,South Korea,2020-03-05,-28.0,-11.0,-2.0,-25.0,-9.0,9.0,55.56,3.0,1.0,2.0,2.0,0.0,1.0,1.0,3.0,0.0,6088.0,35.0
KR,South Korea,2020-03-06,-27.0,-8.0,1.0,-22.0,-9.0,10.0,55.56,3.0,1.0,2.0,2.0,0.0,1.0,1.0,3.0,0.0,6593.0,42.0
KR,South Korea,2020-03-07,-32.0,-7.0,-16.0,-29.0,-8.0,11.0,55.56,3.0,1.0,2.0,2.0,0.0,1.0,1.0,3.0,0.0,7041.0,44.0
KR,South Korea,2020-03-08,-27.0,-14.0,34.0,-24.0,-14.0,9.0,55.56,3.0,1.0,2.0,2.0,0.0,1.0,1.0,3.0,0.0,7314.0,50.0
KR,South Korea,2020-03-09,-19.0,1.0,16.0,-17.0,-6.0,8.0,55.56,3.0,1.0,2.0,2.0,0.0,1.0,1.0,3.0,0.0,7478.0,53.0
KR,South Korea,2020-03-10,-27.0,-11.0,-32.0,-25.0,-9.0,9.0,55.56,3.0,1.0,2.0,2.0,0.0,1.0,1.0,3.0,0.0,7513.0,54.0
KR,South Korea,2020-03-11,-22.0,-3.0,23.0,-18.0,-8.0,8.0,55.56,3.0,1.0,2.0,2.0,0.0,1.0,1.0,3.0,0.0,7755.0,60.0
KR,South Korea,2020-03-12,-23.0,-5.0,19.0,-20.0,-7.0,8.0,55.56,3.0,1.0,2.0,2.0,0.0,1.0,1.0,3.0,0.0,7869.0,66.0
KR,South Korea,2020-03-13,-24.0,-5.0,2.0,-20.0,-7.0,9.0,55.56,3.0,1.0,2.0,2.0,0.0,1.0,1.0,3.0,0.0,7979.0,66.0
KR,South Korea,2020-03-14,-25.0,1.0,4.0,-22.0,-5.0,9.0,55.56,3.0,1.0,2.0,2.0,0.0,1.0,1.0,3.0,0.0,8086.0,72.0
KR,South Korea,2020-03-15,-28.0,1.0,-3.0,-29.0,-12.0,9.0,55.56,3.0,1.0,2.0,2.0,0.0,1.0,1.0,3.0,0.0,8162.0,75.0
KR,South Korea,2020-03-16,-17.0,1.0,23.0,-16.0,-6.0,8.0,55.56,3.0,1.0,2.0,2.0,0.0,1.0,1.0,3.0,0.0,8236.0,75.0
KR,South Korea,2020-03-17,-19.0,-5.0,12.0,-17.0,-6.0,6.0,55.56,3.0,1.0,2.0,2.0,0.0,1.0,1.0,3.0,0.0,8320.0,81.0
KR,South Korea,2020-03-18,-19.0,-1.0,47.0,-16.0,-7.0,7.0,55.56,3.0,1.0,2.0,2.0,0.0,1.0,1.0,3.0,0.0,8413.0,84.0
KR,South Korea,2020-03-19,-28.0,-13.0,-18.0,-25.0,-7.0,9.0,55.56,3.0,1.0,2.0,2.0,0.0,1.0,1.0,3.0,0.0,8565.0,91.0
KR,South Korea,2020-03-20,-20.0,-2.0,17.0,-17.0,-6.0,8.0,55.56,3.0,1.0,2.0,2.0,0.0,1.0,1.0,3.0,0.0,8652.0,94.0
KR,South Korea,2020-03-21,-21.0,4.0,31.0,-18.0,-5.0,7.0,69.44,3.0,1.0,2.0,2.0,0.0,2.0,2.0,3.0,0.0,8799.0,102.0
KR,South Korea,2020-03-22,-20.0,-8.0,52.0,-17.0,-12.0,7.0,75.93,3.0,2.0,2.0,3.0,0.0,2.0,2.0,3.0,0.0,8961.0,111.0
KR,South Korea,2020-03-23,-15.0,6.0,47.0,-13.0,-5.0,7.0,75.93,3.0,2.0,2.0,3.0,0.0,2.0,2.0,3.0,0.0,8961.0,111.0
KR,South Korea,2020-03-24,-16.0,0.0,40.0,-13.0,-6.0,5.0,75.93,3.0,2.0,2.0,3.0,0.0,2.0,2.0,3.0,0.0,9037.0,120.0
KR,South Korea,2020-03-25,-18.0,1.0,61.0,-14.0,-8.0,7.0,75.93,3.0,2.0,2.0,3.0,0.0,2.0,2.0,3.0,0.0,9137.0,126.0
KR,South Korea,2020-03-26,-25.0,-8.0,3.0,-21.0,-7.0,8.0,75.93,3.0,2.0,2.0,3.0,0.0,2.0,2.0,3.0,0.0,9241.0,131.0
KR,South Korea,2020-03-27,-23.0,-4.0,4.0,-20.0,-8.0,10.0,75.93,3.0,2.0,2.0,3.0,0.0,2.0,2.0,3.0,0.0,9332.0,139.0
KR,South Korea,2020-03-28,-23.0,2.0,16.0,-20.0,-7.0,8.0,75.93,3.0,2.0,2.0,3.0,0.0,2.0,2.0,3.0,0.0,9478.0,144.0
KR,South Korea,2020-03-29,-19.0,11.0,51.0,-17.0,-12.0,6.0,75.93,3.0,2.0,2.0,3.0,0.0,2.0,2.0,3.0,0.0,9583.0,152.0
KR,South Korea,2020-03-30,-13.0,4.0,60.0,-12.0,-6.0,7.0,75.93,3.0,2.0,2.0,3.0,0.0,2.0,2.0,3.0,1.0,9661.0,158.0
KR,South Korea,2020-03-31,-11.0,2.0,54.0,-10.0,-5.0,5.0,75.93,3.0,2.0,2.0,3.0,0.0,2.0,2.0,3.0,1.0,9786.0,162.0
KR,South Korea,2020-04-01,-18.0,0.0,44.0,-15.0,-8.0,7.0,75.93,3.0,2.0,2.0,3.0,0.0,2.0,2.0,3.0,1.0,9887.0,165.0
KR,South Korea,2020-04-02,-18.0,-2.0,44.0,-15.0,-6.0,7.0,75.93,3.0,2.0,2.0,3.0,0.0,2.0,2.0,3.0,1.0,9976.0,169.0
KR,South Korea,2020-04-03,-18.0,1.0,36.0,-13.0,-6.0,7.0,75.93,3.0,2.0,2.0,3.0,0.0,2.0,2.0,3.0,1.0,10062.0,174.0
KR,South Korea,2020-04-04,-19.0,5.0,25.0,-16.0,-8.0,7.0,78.7,3.0,2.0,2.0,4.0,0.0,2.0,2.0,3.0,1.0,10156.0,177.0
KR,South Korea,2020-04-05,-17.0,14.0,46.0,-14.0,-13.0,6.0,78.7,3.0,2.0,2.0,4.0,0.0,2.0,2.0,3.0,1.0,10237.0,183.0
KR,South Korea,2020-04-06,-12.0,6.0,48.0,-9.0,-3.0,6.0,82.41,3.0,3.0,2.0,4.0,0.0,2.0,2.0,3.0,1.0,10284.0,186.0
KR,South Korea,2020-04-07,-12.0,2.0,40.0,-10.0,-4.0,5.0,82.41,3.0,3.0,2.0,4.0,0.0,2.0,2.0,3.0,1.0,10331.0,192.0
KR,South Korea,2020-04-08,-16.0,0.0,47.0,-13.0,-6.0,6.0,82.41,3.0,3.0,2.0,4.0,0.0,2.0,2.0,3.0,1.0,10384.0,200.0
KR,South Korea,2020-04-09,-18.0,-2.0,31.0,-14.0,-4.0,6.0,82.41,3.0,3.0,2.0,4.0,0.0,2.0,2.0,3.0,1.0,10423.0,204.0
KR,South Korea,2020-04-10,-16.0,2.0,22.0,-12.0,-5.0,7.0,82.41,3.0,3.0,2.0,4.0,0.0,2.0,2.0,3.0,1.0,10450.0,208.0
KR,South Korea,2020-04-11,-16.0,10.0,17.0,-13.0,-7.0,6.0,82.41,3.0,3.0,2.0,4.0,0.0,2.0,2.0,3.0,1.0,10480.0,211.0
KR,South Korea,2020-04-12,-20.0,-10.0,8.0,-20.0,-13.0,7.0,82.41,3.0,3.0,2.0,4.0,0.0,2.0,2.0,3.0,1.0,10512.0,214.0
KR,South Korea,2020-04-13,-9.0,10.0,45.0,-9.0,-3.0,6.0,82.41,3.0,3.0,2.0,4.0,0.0,2.0,2.0,3.0,1.0,10537.0,217.0
KR,South Korea,2020-04-14,-4.0,9.0,51.0,-4.0,-3.0,2.0,82.41,3.0,3.0,2.0,4.0,0.0,2.0,2.0,3.0,1.0,10564.0,222.0
KR,South Korea,2020-04-15,-3.0,23.0,124.0,-16.0,-50.0,17.0,82.41,3.0,3.0,2.0,4.0,0.0,2.0,2.0,3.0,1.0,10591.0,225.0
KR,South Korea,2020-04-16,-17.0,-2.0,33.0,-13.0,-4.0,6.0,82.41,3.0,3.0,2.0,4.0,0.0,2.0,2.0,3.0,1.0,10613.0,229.0
KR,South Korea,2020-04-17,-23.0,-7.0,-19.0,-20.0,-6.0,9.0,82.41,3.0,3.0,2.0,4.0,0.0,2.0,2.0,3.0,1.0,10635.0,230.0
KR,South Korea,2020-04-18,-13.0,8.0,40.0,-10.0,-4.0,6.0,73.15,3.0,3.0,2.0,4.0,0.0,1.0,1.0,3.0,1.0,10653.0,232.0
KR,South Korea,2020-04-19,-24.0,1.0,-20.0,-24.0,-12.0,7.0,73.15,3.0,3.0,2.0,4.0,0.0,1.0,1.0,3.0,1.0,10661.0,234.0
KR,South Korea,2020-04-20,-12.0,5.0,19.0,-11.0,-2.0,6.0,43.52,3.0,2.0,1.0,0.0,0.0,0.0,0.0,3.0,1.0,10674.0,236.0
KR,South Korea,2020-04-21,-13.0,-1.0,6.0,-11.0,-2.0,4.0,43.52,3.0,2.0,1.0,0.0,0.0,0.0,0.0,3.0,1.0,10683.0,237.0
KR,South Korea,2020-04-22,-18.0,-3.0,6.0,-15.0,-4.0,6.0,43.52,3.0,2.0,1.0,0.0,0.0,0.0,0.0,3.0,1.0,10694.0,238.0
KR,South Korea,2020-04-23,-16.0,-2.0,10.0,-14.0,-2.0,5.0,43.52,3.0,2.0,1.0,0.0,0.0,0.0,0.0,3.0,1.0,10708.0,240.0
KR,South Korea,2020-04-24,-14.0,2.0,10.0,-10.0,-2.0,6.0,43.52,3.0,2.0,1.0,0.0,0.0,0.0,0.0,3.0,1.0,10718.0,240.0
KR,South Korea,2020-04-25,-12.0,9.0,21.0,-10.0,-4.0,5.0,43.52,3.0,2.0,1.0,0.0,0.0,0.0,0.0,3.0,1.0,10728.0,242.0
KR,South Korea,2020-04-26,-6.0,1.0,56.0,-5.0,-8.0,3.0,43.52,3.0,2.0,1.0,0.0,0.0,0.0,0.0,3.0,1.0,10738.0,243.0
KR,South Korea,2020-04-27,-6.0,11.0,40.0,-6.0,-1.0,4.0,43.52,3.0,2.0,1.0,0.0,0.0,0.0,0.0,3.0,1.0,10752.0,244.0
KR,South Korea,2020-04-28,-5.0,8.0,41.0,-3.0,-1.0,1.0,43.52,3.0,2.0,1.0,0.0,0.0,0.0,0.0,3.0,1.0,10761.0,246.0
KR,South Korea,2020-04-29,-2.0,17.0,62.0,2.0,-3.0,-2.0,43.52,3.0,2.0,1.0,0.0,0.0,0.0,0.0,3.0,1.0,10765.0,247.0
KR,South Korea,2020-04-30,6.0,29.0,158.0,-6.0,-54.0,11.0,43.52,3.0,2.0,1.0,0.0,0.0,0.0,0.0,3.0,1.0,10774.0,248.0
KR,South Korea,2020-05-01,0.0,22.0,123.0,-10.0,-46.0,13.0,43.52,3.0,2.0,1.0,0.0,0.0,0.0,0.0,3.0,1.0,10780.0,250.0
KR,South Korea,2020-05-02,-9.0,10.0,60.0,-4.0,-15.0,2.0,43.52,3.0,2.0,1.0,0.0,0.0,0.0,0.0,3.0,1.0,10793.0,250.0
KR,South Korea,2020-05-03,-5.0,19.0,39.0,-2.0,-9.0,1.0,43.52,3.0,2.0,1.0,0.0,0.0,0.0,0.0,3.0,1.0,10801.0,252.0
KR,South Korea,2020-05-04,15.0,30.0,95.0,1.0,-18.0,5.0,43.52,3.0,2.0,1.0,0.0,0.0,0.0,0.0,3.0,1.0,10804.0,254.0
KR,South Korea,2020-05-05,13.0,23.0,114.0,-14.0,-56.0,14.0,43.52,3.0,2.0,1.0,0.0,0.0,0.0,0.0,3.0,1.0,10806.0,255.0
KR,South Korea,2020-05-06,-10.0,9.0,48.0,-4.0,-1.0,3.0,43.52,3.0,2.0,1.0,0.0,0.0,0.0,0.0,3.0,1.0,10810.0,256.0
KR,South Korea,2020-05-07,-7.0,7.0,36.0,-4.0,-1.0,2.0,43.52,3.0,2.0,1.0,0.0,0.0,0.0,0.0,3.0,1.0,10822.0,256.0
KR,South Korea,2020-05-08,-5.0,8.0,19.0,-1.0,-1.0,3.0,43.52,3.0,2.0,1.0,0.0,0.0,0.0,0.0,3.0,1.0,10840.0,256.0
KR,South Korea,2020-05-09,-18.0,-2.0,-36.0,-20.0,-7.0,7.0,43.52,3.0,2.0,1.0,0.0,0.0,0.0,0.0,3.0,1.0,10874.0,256.0
KR,South Korea,2020-05-10,-6.0,1.0,34.0,-4.0,-5.0,3.0,43.52,3.0,2.0,1.0,0.0,0.0,0.0,0.0,3.0,1.0,10909.0,256.0
KR,South Korea,2020-05-11,-3.0,14.0,44.0,-2.0,0.0,3.0,43.52,3.0,2.0,1.0,0.0,0.0,0.0,0.0,3.0,1.0,10936.0,258.0
KR,South Korea,2020-05-12,-4.0,7.0,35.0,-3.0,-1.0,2.0,43.52,3.0,2.0,1.0,0.0,0.0,0.0,0.0,3.0,1.0,10962.0,259.0
KR,South Korea,2020-05-13,-7.0,8.0,58.0,-4.0,-2.0,3.0,43.52,3.0,2.0,1.0,0.0,0.0,0.0,0.0,3.0,1.0,10991.0,260.0
KR,South Korea,2020-05-14,-8.0,7.0,42.0,-6.0,-2.0,2.0,43.52,3.0,2.0,1.0,0.0,0.0,0.0,0.0,3.0,1.0,11018.0,260.0
KR,South Korea,2020-05-15,-17.0,-3.0,-23.0,-15.0,-5.0,5.0,43.52,3.0,2.0,1.0,0.0,0.0,0.0,0.0,3.0,1.0,11037.0,262.0
KR,South Korea,2020-05-16,-8.0,12.0,26.0,-8.0,-4.0,4.0,43.52,3.0,2.0,1.0,0.0,0.0,0.0,0.0,3.0,1.0,11050.0,262.0
KR,South Korea,2020-05-17,-1.0,25.0,56.0,-2.0,-4.0,2.0,43.52,3.0,2.0,1.0,0.0,0.0,0.0,0.0,3.0,1.0,11065.0,263.0
KR,South Korea,2020-05-18,-9.0,4.0,12.0,-9.0,-2.0,5.0,43.52,3.0,2.0,1.0,0.0,0.0,0.0,0.0,3.0,1.0,11078.0,263.0
KR,South Korea,2020-05-19,-6.0,7.0,14.0,-8.0,-2.0,3.0,43.52,3.0,2.0,1.0,0.0,0.0,0.0,0.0,3.0,1.0,11110.0,263.0
KR,South Korea,2020-05-20,-4.0,12.0,59.0,-3.0,-3.0,2.0,39.81,2.0,2.0,1.0,0.0,0.0,0.0,0.0,3.0,1.0,11122.0,264.0
KR,South Korea,2020-05-21,-5.0,7.0,44.0,-5.0,-2.0,2.0,39.81,2.0,2.0,1.0,0.0,0.0,0.0,0.0,3.0,1.0,11142.0,264.0
KR,South Korea,2020-05-22,-7.0,8.0,34.0,-4.0,-2.0,3.0,39.81,2.0,2.0,1.0,0.0,0.0,0.0,0.0,3.0,1.0,11165.0,266.0
KR,South Korea,2020-05-23,-3.0,14.0,55.0,-2.0,-2.0,2.0,39.81,2.0,2.0,1.0,0.0,0.0,0.0,0.0,3.0,1.0,11190.0,266.0
KR,South Korea,2020-05-24,-3.0,4.0,42.0,-5.0,-6.0,3.0,39.81,2.0,2.0,1.0,0.0,0.0,0.0,0.0,3.0,1.0,11206.0,267.0
KR,South Korea,2020-05-25,1.0,18.0,57.0,-1.0,-1.0,3.0,39.81,2.0,2.0,1.0,0.0,0.0,0.0,0.0,3.0,1.0,11225.0,269.0
KR,South Korea,2020-05-26,-3.0,8.0,32.0,-3.0,-1.0,1.0,39.81,2.0,2.0,1.0,0.0,0.0,0.0,0.0,3.0,1.0,11265.0,269.0
KR,South Korea,2020-05-27,-3.0,11.0,64.0,-2.0,-2.0,1.0,39.81,2.0,2.0,1.0,0.0,0.0,0.0,0.0,3.0,1.0,11344.0,269.0
KR,South Korea,2020-05-28,-7.0,7.0,43.0,-5.0,-1.0,2.0,39.81,2.0,2.0,1.0,0.0,0.0,0.0,0.0,3.0,1.0,11402.0,269.0
KR,South Korea,2020-05-29,-7.0,9.0,39.0,-3.0,-1.0,2.0,55.09,2.0,2.0,2.0,4.0,0.0,1.0,1.0,3.0,1.0,11441.0,269.0
KR,South Korea,2020-05-30,-7.0,11.0,47.0,-5.0,-3.0,2.0,55.09,2.0,2.0,2.0,4.0,0.0,1.0,1.0,3.0,1.0,11468.0,270.0
KR,South Korea,2020-05-31,-3.0,21.0,44.0,-4.0,-4.0,2.0,55.09,2.0,2.0,2.0,4.0,0.0,1.0,1.0,3.0,1.0,11503.0,271.0
KR,South Korea,2020-06-01,0.0,16.0,56.0,-1.0,0.0,2.0,55.09,2.0,2.0,2.0,4.0,0.0,1.0,1.0,3.0,1.0,11541.0,272.0
KR,South Korea,2020-06-02,-6.0,7.0,29.0,-4.0,0.0,1.0,55.09,2.0,2.0,2.0,4.0,0.0,1.0,1.0,3.0,1.0,11590.0,273.0
KR,South Korea,2020-06-03,-6.0,11.0,54.0,-3.0,-1.0,2.0,55.09,2.0,2.0,2.0,4.0,0.0,1.0,1.0,3.0,1.0,11629.0,273.0
KR,South Korea,2020-06-04,-8.0,6.0,35.0,-5.0,0.0,2.0,55.09,2.0,2.0,2.0,4.0,0.0,1.0,1.0,3.0,1.0,11668.0,273.0
KR,South Korea,2020-06-05,-6.0,10.0,37.0,-2.0,-2.0,2.0,55.09,2.0,2.0,2.0,4.0,0.0,1.0,1.0,3.0,1.0,11719.0,273.0
KR,South Korea,2020-06-06,-7.0,13.0,49.0,-7.0,-15.0,3.0,55.09,2.0,2.0,2.0,4.0,0.0,1.0,1.0,3.0,1.0,11776.0,273.0
KR,South Korea,2020-06-07,-2.0,24.0,47.0,-3.0,-5.0,1.0,55.09,2.0,2.0,2.0,4.0,0.0,1.0,1.0,3.0,1.0,11814.0,273.0
KR,South Korea,2020-06-08,-1.0,15.0,49.0,-1.0,1.0,1.0,53.24,2.0,2.0,2.0,4.0,0.0,1.0,1.0,3.0,1.0,11852.0,274.0
KR,South Korea,2020-06-09,-2.0,9.0,36.0,-2.0,1.0,0.0,53.24,2.0,2.0,2.0,4.0,0.0,1.0,1.0,3.0,1.0,11902.0,276.0
KR,South Korea,2020-06-10,-9.0,4.0,26.0,-5.0,-1.0,2.0,53.24,2.0,2.0,2.0,4.0,0.0,1.0,1.0,3.0,1.0,11947.0,276.0
KR,South Korea,2020-06-11,-6.0,7.0,30.0,-7.0,0.0,2.0,53.24,2.0,2.0,2.0,4.0,0.0,1.0,1.0,3.0,1.0,12003.0,277.0
KR,South Korea,2020-06-12,-7.0,7.0,25.0,-5.0,-1.0,2.0,53.24,2.0,2.0,2.0,4.0,0.0,1.0,1.0,3.0,1.0,12051.0,277.0
KR,South Korea,2020-06-13,-6.0,10.0,13.0,-11.0,-6.0,4.0,53.24,2.0,2.0,2.0,4.0,0.0,1.0,1.0,3.0,1.0,12085.0,277.0
KR,South Korea,2020-06-14,-4.0,0.0,28.0,-9.0,-7.0,3.0,53.24,2.0,2.0,2.0,4.0,0.0,1.0,1.0,3.0,1.0,12121.0,277.0
KR,South Korea,2020-06-15,2.0,18.0,55.0,-1.0,2.0,1.0,53.24,2.0,2.0,2.0,4.0,0.0,1.0,1.0,3.0,1.0,12155.0,278.0
KR,South Korea,2020-06-16,-1.0,10.0,43.0,-1.0,2.0,0.0,53.24,2.0,2.0,2.0,4.0,0.0,1.0,1.0,3.0,1.0,12198.0,279.0
KR,South Korea,2020-06-17,-5.0,10.0,52.0,-3.0,0.0,1.0,53.24,2.0,2.0,2.0,4.0,0.0,1.0,1.0,3.0,1.0,12257.0,280.0
KR,South Korea,2020-06-18,-9.0,1.0,18.0,-9.0,0.0,2.0,53.24,2.0,2.0,2.0,4.0,0.0,1.0,1.0,3.0,1.0,12306.0,280.0
KR,South Korea,2020-06-19,-6.0,9.0,36.0,-3.0,-1.0,1.0,53.24,2.0,2.0,2.0,4.0,0.0,1.0,1.0,3.0,1.0,12373.0,280.0
KR,South Korea,2020-06-20,-5.0,10.0,44.0,-5.0,-5.0,1.0,53.24,2.0,2.0,2.0,4.0,0.0,1.0,1.0,3.0,1.0,12421.0,280.0
KR,South Korea,2020-06-21,-3.0,20.0,43.0,-4.0,-6.0,1.0,53.24,2.0,2.0,2.0,4.0,0.0,1.0,1.0,3.0,1.0,12438.0,280.0
KR,South Korea,2020-06-22,-1.0,13.0,49.0,-2.0,0.0,1.0,53.24,2.0,2.0,2.0,4.0,0.0,1.0,1.0,3.0,1.0,12484.0,281.0
KR,South Korea,2020-06-23,-1.0,9.0,41.0,-1.0,1.0,-1.0,53.24,2.0,2.0,2.0,4.0,0.0,1.0,1.0,3.0,1.0,12535.0,281.0
KR,South Korea,2020-06-24,-15.0,-4.0,-2.0,-12.0,-1.0,3.0,53.24,2.0,2.0,2.0,4.0,0.0,1.0,1.0,3.0,1.0,12563.0,282.0
KR,South Korea,2020-06-25,-10.0,2.0,4.0,-10.0,0.0,3.0,53.24,2.0,2.0,2.0,4.0,0.0,1.0,1.0,3.0,1.0,12602.0,282.0
KR,South Korea,2020-06-26,-4.0,9.0,34.0,-3.0,0.0,1.0,53.24,2.0,2.0,2.0,4.0,0.0,1.0,1.0,3.0,1.0,12653.0,282.0
KR,South Korea,2020-06-27,-3.0,11.0,41.0,-5.0,-6.0,1.0,53.24,2.0,2.0,2.0,4.0,0.0,1.0,1.0,3.0,1.0,12715.0,282.0
KR,South Korea,2020-06-28,-1.0,0.0,43.0,-4.0,-7.0,1.0,53.24,2.0,2.0,2.0,4.0,0.0,1.0,1.0,3.0,1.0,12757.0,282.0
KR,South Korea,2020-06-29,-5.0,8.0,18.0,-5.0,1.0,2.0,53.24,2.0,2.0,2.0,4.0,0.0,1.0,1.0,3.0,1.0,12800.0,282.0
KR,South Korea,2020-06-30,-4.0,6.0,8.0,-7.0,1.0,2.0,53.24,2.0,2.0,2.0,4.0,0.0,1.0,1.0,3.0,1.0,12850.0,282.0
KR,South Korea,2020-07-01,-5.0,10.0,56.0,-4.0,0.0,1.0,53.24,2.0,2.0,2.0,4.0,0.0,1.0,1.0,3.0,1.0,12904.0,282.0
KR,South Korea,2020-07-02,-6.0,5.0,41.0,-6.0,1.0,1.0,56.94,3.0,2.0,2.0,4.0,0.0,1.0,1.0,3.0,1.0,12967.0,282.0
KR,South Korea,2020-07-03,-8.0,5.0,23.0,-5.0,-1.0,2.0,56.94,3.0,2.0,2.0,4.0,0.0,1.0,1.0,3.0,1.0,13030.0,283.0
KR,South Korea,2020-07-04,-6.0,10.0,44.0,-7.0,-6.0,2.0,53.24,2.0,2.0,2.0,4.0,0.0,1.0,1.0,3.0,1.0,13091.0,283.0
KR,South Korea,2020-07-05,-3.0,20.0,49.0,-5.0,-7.0,1.0,53.24,2.0,2.0,2.0,4.0,0.0,1.0,1.0,3.0,1.0,13137.0,284.0
KR,South Korea,2020-07-06,-2.0,11.0,48.0,-3.0,0.0,2.0,53.24,2.0,2.0,2.0,4.0,0.0,1.0,1.0,3.0,1.0,13181.0,285.0
KR,South Korea,2020-07-07,-1.0,8.0,43.0,-2.0,1.0,0.0,53.24,2.0,2.0,2.0,4.0,0.0,1.0,1.0,3.0,1.0,13244.0,285.0
KR,South Korea,2020-07-08,-5.0,5.0,55.0,-5.0,0.0,1.0,53.24,2.0,2.0,2.0,4.0,0.0,1.0,1.0,3.0,1.0,13293.0,287.0
KR,South Korea,2020-07-09,-7.0,3.0,32.0,-7.0,0.0,1.0,53.24,2.0,2.0,2.0,4.0,0.0,1.0,1.0,3.0,1.0,13338.0,288.0
KR,South Korea,2020-07-10,-10.0,3.0,18.0,-8.0,-1.0,3.0,53.24,2.0,2.0,2.0,4.0,0.0,1.0,1.0,3.0,1.0,13373.0,288.0
KR,South Korea,2020-07-11,-5.0,11.0,41.0,-7.0,-6.0,2.0,53.24,2.0,2.0,2.0,4.0,0.0,1.0,1.0,3.0,1.0,13417.0,289.0
KR,South Korea,2020-07-12,-10.0,-8.0,12.0,-12.0,-10.0,3.0,53.24,2.0,2.0,2.0,4.0,0.0,1.0,1.0,3.0,1.0,13479.0,289.0
KR,South Korea,2020-07-13,-14.0,-1.0,-14.0,-14.0,-3.0,5.0,53.24,2.0,2.0,2.0,4.0,0.0,1.0,1.0,3.0,1.0,13512.0,289.0
KR,South Korea,2020-07-14,-3.0,7.0,28.0,-5.0,0.0,1.0,53.24,2.0,2.0,2.0,4.0,0.0,1.0,1.0,3.0,1.0,13551.0,289.0
KR,South Korea,2020-07-15,-3.0,11.0,55.0,-5.0,0.0,1.0,53.24,2.0,2.0,2.0,4.0,0.0,1.0,1.0,3.0,1.0,13612.0,291.0
KR,South Korea,2020-07-16,-3.0,8.0,46.0,-6.0,1.0,0.0,53.24,2.0,2.0,2.0,4.0,0.0,1.0,1.0,3.0,1.0,13672.0,293.0
KR,South Korea,2020-07-17,-5.0,6.0,40.0,-5.0,-1.0,1.0,53.24,2.0,2.0,2.0,4.0,0.0,1.0,1.0,3.0,1.0,13711.0,294.0
KR,South Korea,2020-07-18,-4.0,9.0,48.0,-7.0,-6.0,1.0,53.24,2.0,2.0,2.0,4.0,0.0,1.0,1.0,3.0,1.0,13745.0,295.0
KR,South Korea,2020-07-19,-8.0,12.0,13.0,-15.0,-9.0,3.0,53.24,2.0,2.0,2.0,4.0,0.0,1.0,1.0,3.0,1.0,13771.0,296.0
KR,South Korea,2020-07-20,-3.0,10.0,40.0,-7.0,-1.0,3.0,53.24,2.0,2.0,2.0,4.0,0.0,1.0,1.0,3.0,1.0,13816.0,296.0
KR,South Korea,2020-07-21,1.0,7.0,45.0,-3.0,0.0,-1.0,53.24,2.0,2.0,2.0,4.0,0.0,1.0,1.0,3.0,1.0,13879.0,297.0
KR,South Korea,2020-07-22,-11.0,-3.0,16.0,-11.0,-2.0,3.0,53.24,2.0,2.0,2.0,4.0,0.0,1.0,1.0,3.0,1.0,13938.0,297.0
KR,South Korea,2020-07-23,-19.0,-13.0,-21.0,-18.0,-2.0,4.0,53.24,2.0,2.0,2.0,4.0,0.0,1.0,1.0,3.0,1.0,13979.0,298.0
KR,South Korea,2020-07-24,-8.0,6.0,13.0,-10.0,-1.0,3.0,53.24,2.0,2.0,2.0,4.0,0.0,1.0,1.0,3.0,1.0,14092.0,298.0
KR,South Korea,2020-07-25,-5.0,10.0,36.0,-10.0,-7.0,3.0,53.24,2.0,2.0,2.0,4.0,0.0,1.0,1.0,3.0,1.0,14150.0,298.0
KR,South Korea,2020-07-26,0.0,0.0,54.0,-5.0,-8.0,1.0,53.24,2.0,2.0,2.0,4.0,0.0,1.0,1.0,3.0,1.0,14175.0,299.0
KR,South Korea,2020-07-27,-4.0,8.0,26.0,-8.0,-3.0,3.0,53.24,2.0,2.0,2.0,4.0,0.0,1.0,1.0,3.0,1.0,14203.0,300.0
KR,South Korea,2020-07-28,-2.0,5.0,27.0,-7.0,-2.0,1.0,53.24,2.0,2.0,2.0,4.0,0.0,1.0,1.0,3.0,1.0,14251.0,300.0
KR,South Korea,2020-07-29,-8.0,2.0,22.0,-12.0,-6.0,3.0,53.24,2.0,2.0,2.0,4.0,0.0,1.0,1.0,3.0,1.0,14269.0,300.0
KR,South Korea,2020-07-30,-3.0,6.0,43.0,-9.0,-6.0,2.0,53.24,2.0,2.0,2.0,4.0,0.0,1.0,1.0,3.0,1.0,14305.0,301.0
KR,South Korea,2020-07-31,0.0,11.0,49.0,-3.0,-8.0,2.0,53.24,2.0,2.0,2.0,4.0,0.0,1.0,1.0,3.0,1.0,14336.0,301.0
KR,South Korea,2020-08-01,-8.0,7.0,29.0,-11.0,-18.0,3.0,53.24,2.0,2.0,2.0,4.0,0.0,1.0,1.0,3.0,1.0,14366.0,301.0
KR,South Korea,2020-08-02,-9.0,13.0,24.0,-12.0,-15.0,2.0,53.24,2.0,2.0,2.0,4.0,0.0,1.0,1.0,3.0,1.0,14389.0,301.0
KR,South Korea,2020-08-03,2.0,15.0,69.0,-6.0,-20.0,5.0,53.24,2.0,2.0,2.0,4.0,0.0,1.0,1.0,3.0,1.0,14423.0,301.0
KR,South Korea,2020-08-04,7.0,15.0,62.0,-4.0,-18.0,3.0,53.24,2.0,2.0,2.0,4.0,0.0,1.0,1.0,3.0,1.0,14456.0,302.0
KR,South Korea,2020-08-05,-1.0,11.0,52.0,-8.0,-17.0,4.0,53.24,2.0,2.0,2.0,4.0,0.0,1.0,1.0,3.0,1.0,14499.0,302.0
KR,South Korea,2020-08-06,-4.0,6.0,36.0,-11.0,-13.0,5.0,53.24,2.0,2.0,2.0,4.0,0.0,1.0,1.0,3.0,1.0,14519.0,303.0
KR,South Korea,2020-08-07,-5.0,4.0,24.0,-9.0,-13.0,5.0,53.24,2.0,2.0,2.0,4.0,0.0,1.0,1.0,3.0,1.0,14562.0,304.0
KR,South Korea,2020-08-08,-13.0,0.0,-9.0,-19.0,-14.0,6.0,53.24,2.0,2.0,2.0,4.0,0.0,1.0,1.0,3.0,1.0,14598.0,305.0
KR,South Korea,2020-08-09,-12.0,-11.0,-6.0,-21.0,-14.0,5.0,53.24,2.0,2.0,2.0,4.0,0.0,1.0,1.0,3.0,1.0,14626.0,305.0
KR,South Korea,2020-08-10,-4.0,9.0,12.0,-11.0,-8.0,4.0,53.24,2.0,2.0,2.0,4.0,0.0,1.0,1.0,3.0,1.0,14660.0,305.0
KR,South Korea,2020-08-11,1.0,9.0,25.0,-7.0,-7.0,2.0,53.24,2.0,2.0,2.0,4.0,0.0,1.0,1.0,3.0,1.0,14714.0,305.0
KR,South Korea,2020-08-12,0.0,9.0,52.0,-5.0,-8.0,1.0,53.24,2.0,2.0,2.0,4.0,0.0,1.0,1.0,3.0,1.0,14770.0,305.0
KR,South Korea,2020-08-13,0.0,9.0,47.0,-6.0,-8.0,1.0,53.24,2.0,2.0,2.0,4.0,0.0,1.0,1.0,3.0,1.0,14873.0,305.0
KR,South Korea,2020-08-14,0.0,12.0,42.0,-4.0,-11.0,2.0,53.24,2.0,2.0,2.0,4.0,0.0,1.0,1.0,3.0,1.0,15039.0,305.0
KR,South Korea,2020-08-15,-9.0,8.0,30.0,-13.0,-24.0,3.0,53.24,2.0,2.0,2.0,4.0,0.0,1.0,1.0,3.0,1.0,15318.0,305.0
KR,South Korea,2020-08-16,2.0,23.0,58.0,-3.0,-15.0,-1.0,53.24,2.0,2.0,2.0,4.0,0.0,1.0,1.0,3.0,1.0,15515.0,305.0
KR,South Korea,2020-08-17,7.0,22.0,98.0,-13.0,-46.0,10.0,53.24,2.0,2.0,2.0,4.0,0.0,1.0,1.0,3.0,1.0,15761.0,306.0
KR,South Korea,2020-08-18,-6.0,9.0,38.0,-6.0,-7.0,1.0,53.24,2.0,2.0,2.0,4.0,0.0,1.0,1.0,3.0,1.0,16058.0,306.0
KR,South Korea,2020-08-19,-13.0,8.0,45.0,-10.0,-9.0,3.0,53.24,2.0,2.0,2.0,4.0,0.0,1.0,1.0,3.0,1.0,16346.0,307.0
KR,South Korea,2020-08-20,-16.0,3.0,30.0,-14.0,-9.0,3.0,53.24,2.0,2.0,2.0,4.0,0.0,1.0,1.0,3.0,1.0,16670.0,309.0
KR,South Korea,2020-08-21,-19.0,3.0,21.0,-14.0,-9.0,5.0,53.24,2.0,2.0,2.0,4.0,0.0,1.0,1.0,3.0,1.0,17002.0,309.0
KR,South Korea,2020-08-22,-28.0,-1.0,0.0,-24.0,-11.0,7.0,53.24,2.0,2.0,2.0,4.0,0.0,1.0,1.0,3.0,1.0,17399.0,309.0
KR,South Korea,2020-08-23,-25.0,-7.0,20.0,-21.0,-17.0,6.0,53.24,2.0,2.0,2.0,4.0,0.0,1.0,1.0,3.0,1.0,17665.0,309.0
KR,South Korea,2020-08-24,-15.0,14.0,41.0,-12.0,-8.0,5.0,53.24,2.0,2.0,2.0,4.0,0.0,1.0,1.0,3.0,1.0,17945.0,310.0
KR,South Korea,2020-08-25,-16.0,8.0,24.0,-12.0,-8.0,3.0,53.24,2.0,2.0,2.0,4.0,0.0,1.0,1.0,3.0,1.0,18265.0,312.0
KR,South Korea,2020-08-26,-26.0,-1.0,2.0,-22.0,-11.0,8.0,53.24,2.0,2.0,2.0,4.0,0.0,1.0,1.0,3.0,1.0,18706.0,313.0
KR,South Korea,2020-08-27,-27.0,-5.0,-3.0,-26.0,-10.0,8.0,53.24,2.0,2.0,2.0,4.0,0.0,1.0,1.0,3.0,1.0,19077.0,316.0
KR,South Korea,2020-08-28,-26.0,0.0,2.0,-20.0,-9.0,7.0,53.24,2.0,2.0,2.0,4.0,0.0,1.0,1.0,3.0,1.0,19400.0,321.0
KR,South Korea,2020-08-29,-34.0,-2.0,-13.0,-29.0,-12.0,9.0,53.24,2.0,2.0,2.0,4.0,0.0,1.0,1.0,3.0,1.0,19699.0,323.0
KR,South Korea,2020-08-30,-34.0,7.0,2.0,-29.0,-19.0,8.0,53.24,2.0,2.0,2.0,4.0,0.0,1.0,1.0,3.0,1.0,19947.0,324.0
KR,South Korea,2020-08-31,-20.0,10.0,39.0,-16.0,-10.0,6.0,53.24,2.0,2.0,2.0,4.0,0.0,1.0,1.0,3.0,1.0,20182.0,324.0
KR,South Korea,2020-09-01,-23.0,3.0,27.0,-16.0,-10.0,5.0,53.24,2.0,2.0,2.0,4.0,0.0,1.0,1.0,3.0,1.0,20449.0,326.0
KR,South Korea,2020-09-02,-37.0,-11.0,-19.0,-29.0,-14.0,10.0,50.46,2.0,2.0,2.0,4.0,0.0,1.0,1.0,2.0,1.0,20644.0,329.0
KR,South Korea,2020-09-03,-29.0,-3.0,15.0,-25.0,-13.0,8.0,50.46,2.0,2.0,2.0,4.0,0.0,1.0,1.0,2.0,1.0,20842.0,331.0
KR,South Korea,2020-09-04,-25.0,5.0,31.0,-17.0,-11.0,6.0,50.46,2.0,2.0,2.0,4.0,0.0,1.0,1.0,2.0,1.0,21010.0,333.0
KR,South Korea,2020-09-05,-29.0,4.0,15.0,-24.0,-14.0,7.0,50.46,2.0,2.0,2.0,4.0,0.0,1.0,1.0,2.0,1.0,21177.0,334.0
KR,South Korea,2020-09-06,-32.0,5.0,-6.0,-30.0,-20.0,8.0,50.46,2.0,2.0,2.0,4.0,0.0,1.0,1.0,2.0,1.0,21296.0,336.0
KR,South Korea,2020-09-07,-33.0,-11.0,-25.0,-31.0,-16.0,12.0,50.46,2.0,2.0,2.0,4.0,0.0,1.0,1.0,2.0,1.0,21432.0,341.0
KR,South Korea,2020-09-08,-17.0,8.0,42.0,-12.0,-9.0,4.0,50.46,2.0,2.0,2.0,4.0,0.0,1.0,1.0,2.0,1.0,21588.0,344.0
KR,South Korea,2020-09-09,-24.0,1.0,32.0,-18.0,-10.0,6.0,50.46,2.0,2.0,2.0,4.0,0.0,1.0,1.0,2.0,1.0,21743.0,346.0
KR,South Korea,2020-09-10,-22.0,3.0,40.0,-16.0,-9.0,4.0,50.46,2.0,2.0,2.0,4.0,0.0,1.0,1.0,2.0,1.0,21919.0,350.0
KR,South Korea,2020-09-11,-25.0,0.0,10.0,-17.0,-10.0,6.0,50.46,2.0,2.0,2.0,4.0,0.0,1.0,1.0,2.0,1.0,22055.0,355.0
KR,South Korea,2020-09-12,-26.0,6.0,2.0,-21.0,-13.0,7.0,50.46,2.0,2.0,2.0,4.0,0.0,1.0,1.0,2.0,1.0,22176.0,358.0
KR,South Korea,2020-09-13,-18.0,0.0,55.0,-12.0,-18.0,4.0,50.46,2.0,2.0,2.0,4.0,0.0,1.0,1.0,2.0,1.0,22285.0,363.0
KR,South Korea,2020-09-14,-11.0,13.0,52.0,-9.0,-4.0,3.0,50.46,2.0,2.0,2.0,4.0,0.0,1.0,1.0,2.0,1.0,22391.0,367.0
KR,South Korea,2020-09-15,-11.0,7.0,43.0,-8.0,-4.0,1.0,50.46,2.0,2.0,2.0,4.0,0.0,1.0,1.0,2.0,1.0,22504.0,367.0
KR,South Korea,2020-09-16,-18.0,4.0,31.0,-13.0,-6.0,4.0,50.46,2.0,2.0,2.0,4.0,0.0,1.0,1.0,2.0,1.0,22657.0,372.0
KR,South Korea,2020-09-17,-19.0,-1.0,24.0,-14.0,-5.0,3.0,50.46,2.0,2.0,2.0,4.0,0.0,1.0,1.0,2.0,1.0,22783.0,377.0
KR,South Korea,2020-09-18,-17.0,6.0,31.0,-9.0,-5.0,3.0,50.46,2.0,2.0,2.0,4.0,0.0,1.0,1.0,2.0,1.0,22893.0,378.0
KR,South Korea,2020-09-19,-17.0,8.0,37.0,-10.0,-8.0,2.0,50.46,2.0,2.0,2.0,4.0,0.0,1.0,1.0,2.0,1.0,22975.0,383.0
KR,South Korea,2020-09-20,-12.0,19.0,51.0,-8.0,-10.0,2.0,50.46,2.0,2.0,2.0,4.0,0.0,1.0,1.0,2.0,1.0,23045.0,385.0
KR,South Korea,2020-09-21,-8.0,13.0,52.0,-5.0,-3.0,1.0,48.61,1.0,2.0,2.0,4.0,0.0,1.0,1.0,2.0,1.0,23106.0,388.0
KR,South Korea,2020-09-22,-10.0,11.0,40.0,-1.0,-2.0,0.0,48.61,1.0,2.0,2.0,4.0,0.0,1.0,1.0,2.0,1.0,23216.0,388.0
KR,South Korea,2020-09-23,-14.0,12.0,42.0,0.0,-3.0,1.0,48.61,1.0,2.0,2.0,4.0,0.0,1.0,1.0,2.0,1.0,23341.0,393.0
KR,South Korea,2020-09-24,-15.0,11.0,30.0,-1.0,-2.0,1.0,48.61,1.0,2.0,2.0,4.0,0.0,1.0,1.0,2.0,1.0,23455.0,395.0
KR,South Korea,2020-09-25,-14.0,14.0,24.0,1.0,-2.0,2.0,48.61,1.0,2.0,2.0,4.0,0.0,1.0,1.0,2.0,1.0,23516.0,399.0
KR,South Korea,2020-09-26,-14.0,18.0,28.0,-2.0,-4.0,3.0,48.61,1.0,2.0,2.0,4.0,0.0,1.0,1.0,2.0,1.0,23611.0,401.0
KR,South Korea,2020-09-27,-10.0,13.0,45.0,1.0,-6.0,3.0,48.61,1.0,2.0,2.0,4.0,0.0,1.0,1.0,2.0,1.0,23661.0,406.0
KR,South Korea,2020-09-28,1.0,42.0,49.0,9.0,-2.0,1.0,60.19,1.0,2.0,2.0,3.0,0.0,1.0,2.0,2.0,1.0,23699.0,407.0
KR,South Korea,2020-09-29,7.0,63.0,44.0,16.0,-7.0,-1.0,60.19,1.0,2.0,2.0,3.0,0.0,1.0,2.0,2.0,1.0,23812.0,413.0
KR,South Korea,2020-09-30,-17.0,73.0,83.0,-10.0,-72.0,12.0,60.19,1.0,2.0,2.0,3.0,0.0,1.0,2.0,2.0,1.0,23889.0,415.0
KR,South Korea,2020-10-01,-45.0,-18.0,120.0,-21.0,-81.0,10.0,60.19,1.0,2.0,2.0,3.0,0.0,1.0,2.0,2.0,1.0,23952.0,416.0
KR,South Korea,2020-10-02,-23.0,1.0,112.0,-21.0,-75.0,16.0,60.19,1.0,2.0,2.0,3.0,0.0,1.0,2.0,2.0,1.0,24027.0,420.0
KR,South Korea,2020-10-03,-24.0,-6.0,53.0,-13.0,-41.0,7.0,62.96,1.0,2.0,2.0,4.0,0.0,1.0,2.0,2.0,1.0,24091.0,421.0
KR,South Korea,2020-10-04,-18.0,7.0,32.0,-9.0,-11.0,5.0,60.19,1.0,2.0,2.0,3.0,0.0,1.0,2.0,2.0,1.0,24164.0,422.0
KR,South Korea,2020-10-05,-8.0,15.0,45.0,3.0,-2.0,2.0,65.74,3.0,2.0,2.0,3.0,0.0,1.0,2.0,2.0,1.0,24239.0,422.0
KR,South Korea,2020-10-06,-10.0,9.0,41.0,4.0,-1.0,0.0,65.74,3.0,2.0,2.0,3.0,0.0,1.0,2.0,2.0,1.0,24353.0,425.0
KR,South Korea,2020-10-07,-13.0,11.0,52.0,2.0,-1.0,1.0,65.74,3.0,2.0,2.0,3.0,0.0,1.0,2.0,2.0,1.0,24422.0,427.0
KR,South Korea,2020-10-08,-10.0,12.0,43.0,4.0,-1.0,-1.0,65.74,3.0,2.0,2.0,3.0,0.0,1.0,2.0,2.0,1.0,24476.0,428.0
KR,South Korea,2020-10-09,-9.0,17.0,97.0,-10.0,-50.0,13.0,60.19,1.0,2.0,2.0,3.0,0.0,1.0,2.0,2.0,1.0,24548.0,430.0
KR,South Korea,2020-10-10,-15.0,8.0,52.0,-3.0,-8.0,3.0,60.19,1.0,2.0,2.0,3.0,0.0,1.0,2.0,2.0,1.0,24606.0,432.0
KR,South Korea,2020-10-11,-12.0,-1.0,58.0,1.0,-7.0,3.0,60.19,1.0,2.0,2.0,3.0,0.0,1.0,2.0,2.0,1.0,24703.0,433.0
KR,South Korea,2020-10-12,-7.0,17.0,57.0,6.0,0.0,1.0,56.94,1.0,1.0,2.0,3.0,0.0,1.0,2.0,2.0,1.0,24805.0,434.0
KR,South Korea,2020-10-13,-7.0,11.0,45.0,6.0,0.0,-1.0,56.94,1.0,1.0,2.0,3.0,0.0,1.0,2.0,2.0,1.0,24889.0,438.0
KR,South Korea,2020-10-14,-10.0,11.0,53.0,3.0,-1.0,1.0,56.94,1.0,1.0,2.0,3.0,0.0,1.0,2.0,2.0,1.0,24988.0,439.0
KR,South Korea,2020-10-15,-10.0,9.0,41.0,1.0,0.0,0.0,56.94,1.0,1.0,2.0,3.0,0.0,1.0,2.0,2.0,1.0,25035.0,441.0
KR,South Korea,2020-10-16,-11.0,9.0,28.0,3.0,-1.0,1.0,56.94,1.0,1.0,2.0,3.0,0.0,1.0,2.0,2.0,1.0,25108.0,443.0
KR,South Korea,2020-10-17,-8.0,12.0,44.0,4.0,-5.0,1.0,56.94,1.0,1.0,2.0,3.0,0.0,1.0,2.0,2.0,1.0,25199.0,444.0
KR,South Korea,2020-10-18,-4.0,21.0,59.0,5.0,-7.0,1.0,56.94,1.0,1.0,2.0,3.0,0.0,1.0,2.0,2.0,1.0,25275.0,444.0
KR,South Korea,2020-10-19,-3.0,18.0,60.0,8.0,1.0,0.0,56.94,1.0,1.0,2.0,3.0,0.0,1.0,2.0,2.0,1.0,25333.0,447.0
KR,South Korea,2020-10-20,-3.0,13.0,51.0,10.0,1.0,-2.0,56.94,1.0,1.0,2.0,3.0,0.0,1.0,2.0,2.0,1.0,25424.0,450.0
KR,South Korea,2020-10-21,-9.0,10.0,46.0,4.0,1.0,0.0,56.94,1.0,1.0,2.0,3.0,0.0,1.0,2.0,2.0,1.0,25543.0,453.0
KR,South Korea,2020-10-22,-9.0,6.0,34.0,1.0,2.0,0.0,56.94,1.0,1.0,2.0,3.0,0.0,1.0,2.0,2.0,1.0,25698.0,455.0
KR,South Korea,2020-10-23,-9.0,10.0,29.0,3.0,1.0,0.0,56.94,1.0,1.0,2.0,3.0,0.0,1.0,2.0,2.0,1.0,25775.0,457.0
KR,South Korea,2020-10-24,-7.0,12.0,40.0,4.0,-4.0,1.0,56.94,1.0,1.0,2.0,3.0,0.0,1.0,2.0,2.0,1.0,25836.0,457.0
KR,South Korea,2020-10-25,-1.0,5.0,67.0,8.0,-8.0,0.0,51.39,1.0,1.0,1.0,3.0,0.0,1.0,2.0,2.0,1.0,25955.0,457.0
KR,South Korea,2020-10-26,-2.0,19.0,59.0,9.0,3.0,0.0,51.39,1.0,1.0,1.0,3.0,0.0,1.0,2.0,2.0,1.0,26043.0,460.0
KR,South Korea,2020-10-27,-3.0,12.0,49.0,9.0,2.0,-2.0,51.39,1.0,1.0,1.0,3.0,0.0,1.0,2.0,2.0,1.0,26146.0,461.0
KR,South Korea,2020-10-28,-7.0,9.0,54.0,5.0,2.0,0.0,51.39,1.0,1.0,1.0,3.0,0.0,1.0,2.0,2.0,1.0,26271.0,462.0
KR,South Korea,2020-10-29,-8.0,6.0,38.0,2.0,3.0,-1.0,51.39,1.0,1.0,1.0,3.0,0.0,1.0,2.0,2.0,1.0,26385.0,463.0
KR,South Korea,2020-10-30,-8.0,8.0,35.0,4.0,2.0,0.0,51.39,1.0,1.0,1.0,3.0,0.0,1.0,2.0,2.0,1.0,26511.0,464.0
KR,South Korea,2020-10-31,-6.0,11.0,50.0,5.0,-5.0,0.0,51.39,1.0,1.0,1.0,3.0,0.0,1.0,2.0,2.0,1.0,26635.0,466.0
KR,South Korea,2020-11-01,-10.0,15.0,2.0,-4.0,-10.0,2.0,51.39,1.0,1.0,1.0,3.0,0.0,1.0,2.0,2.0,1.0,26732.0,468.0
KR,South Korea,2020-11-02,-3.0,11.0,46.0,5.0,3.0,0.0,51.39,1.0,1.0,1.0,3.0,0.0,1.0,2.0,2.0,1.0,26807.0,472.0
KR,South Korea,2020-11-03,-6.0,2.0,18.0,3.0,3.0,-1.0,51.39,1.0,1.0,1.0,3.0,0.0,1.0,2.0,2.0,1.0,26925.0,474.0
KR,South Korea,2020-11-04,-9.0,5.0,31.0,1.0,2.0,0.0,51.39,1.0,1.0,1.0,3.0,0.0,1.0,2.0,2.0,1.0,27050.0,475.0
KR,South Korea,2020-11-05,-10.0,3.0,28.0,2.0,3.0,0.0,51.39,1.0,1.0,1.0,3.0,0.0,1.0,2.0,2.0,1.0,27195.0,476.0
KR,South Korea,2020-11-06,-11.0,5.0,20.0,3.0,1.0,0.0,51.39,1.0,1.0,1.0,3.0,0.0,1.0,2.0,2.0,1.0,27284.0,477.0
KR,South Korea,2020-11-07,-7.0,10.0,35.0,4.0,-6.0,1.0,51.39,1.0,1.0,1.0,3.0,0.0,1.0,2.0,2.0,1.0,27427.0,478.0
KR,South Korea,2020-11-08,-3.0,-1.0,40.0,6.0,-9.0,0.0,51.39,1.0,1.0,1.0,3.0,0.0,1.0,2.0,2.0,1.0,27553.0,480.0
KR,South Korea,2020-11-09,-6.0,12.0,26.0,4.0,3.0,1.0,51.39,1.0,1.0,1.0,3.0,0.0,1.0,2.0,2.0,1.0,27653.0,485.0
KR,South Korea,2020-11-10,-4.0,11.0,24.0,6.0,3.0,-1.0,51.39,1.0,1.0,1.0,3.0,0.0,1.0,2.0,2.0,1.0,27799.0,487.0
KR,South Korea,2020-11-11,-7.0,10.0,39.0,5.0,2.0,0.0,51.39,1.0,1.0,1.0,3.0,0.0,1.0,2.0,2.0,1.0,27942.0,487.0
KR,South Korea,2020-11-12,-9.0,5.0,26.0,2.0,3.0,0.0,51.39,1.0,1.0,1.0,3.0,0.0,1.0,2.0,2.0,1.0,28133.0,488.0
KR,South Korea,2020-11-13,-11.0,7.0,20.0,4.0,1.0,0.0,51.39,1.0,1.0,1.0,3.0,0.0,1.0,2.0,2.0,1.0,28338.0,492.0
KR,South Korea,2020-11-14,-9.0,9.0,27.0,2.0,-7.0,1.0,51.39,1.0,1.0,1.0,3.0,0.0,1.0,2.0,2.0,1.0,28546.0,493.0
KR,South Korea,2020-11-15,-6.0,16.0,36.0,5.0,-8.0,0.0,51.39,1.0,1.0,1.0,3.0,0.0,1.0,2.0,2.0,1.0,28769.0,494.0
KR,South Korea,2020-11-16,-6.0,10.0,35.0,5.0,3.0,0.0,51.39,1.0,1.0,1.0,3.0,0.0,1.0,2.0,2.0,1.0,28998.0,494.0
KR,South Korea,2020-11-17,-8.0,5.0,20.0,5.0,3.0,-1.0,51.39,1.0,1.0,1.0,3.0,0.0,1.0,2.0,2.0,1.0,29311.0,496.0
KR,South Korea,2020-11-18,-14.0,3.0,13.0,0.0,2.0,1.0,51.39,1.0,1.0,1.0,3.0,0.0,1.0,2.0,2.0,1.0,29654.0,498.0
KR,South Korea,2020-11-19,-21.0,-6.0,-22.0,-9.0,0.0,4.0,51.39,1.0,1.0,1.0,3.0,0.0,1.0,2.0,2.0,1.0,30017.0,501.0
KR,South Korea,2020-11-20,-16.0,5.0,-4.0,-1.0,1.0,2.0,51.39,1.0,1.0,1.0,3.0,0.0,1.0,2.0,2.0,1.0,30403.0,503.0
KR,South Korea,2020-11-21,-16.0,8.0,4.0,-6.0,-7.0,3.0,51.39,1.0,1.0,1.0,3.0,0.0,1.0,2.0,2.0,1.0,30733.0,505.0
KR,South Korea,2020-11-22,-18.0,-8.0,-13.0,-11.0,-13.0,4.0,51.39,1.0,1.0,1.0,3.0,0.0,1.0,2.0,2.0,1.0,31004.0,509.0
KR,South Korea,2020-11-23,-11.0,10.0,12.0,-1.0,2.0,2.0,56.94,1.0,1.0,2.0,4.0,0.0,1.0,2.0,2.0,1.0,31353.0,510.0
KR,South Korea,2020-11-24,-16.0,5.0,8.0,-2.0,1.0,2.0,54.17,1.0,1.0,2.0,4.0,0.0,1.0,2.0,2.0,1.0,31735.0,513.0
KR,South Korea,2020-11-25,-19.0,6.0,18.0,-4.0,0.0,3.0,54.17,1.0,1.0,2.0,4.0,0.0,1.0,2.0,2.0,1.0,32318.0,515.0
KR,South Korea,2020-11-26,-23.0,2.0,6.0,-8.0,-2.0,4.0,57.87,2.0,1.0,2.0,4.0,0.0,1.0,2.0,2.0,1.0,,516.0
KR,South Korea,2020-11-27,-25.0,4.0,-9.0,-10.0,-4.0,6.0,57.87,2.0,1.0,2.0,4.0,0.0,1.0,2.0,2.0,1.0,,522.0
KR,South Korea,2020-11-28,-28.0,3.0,-19.0,-19.0,-10.0,7.0,57.87,2.0,1.0,2.0,4.0,0.0,1.0,2.0,2.0,1.0,,523.0
KR,South Korea,2020-11-29,-27.0,8.0,-15.0,-18.0,-13.0,6.0,57.87,2.0,1.0,2.0,4.0,0.0,1.0,2.0,2.0,1.0,,526.0
KR,South Korea,2020-11-30,-18.0,8.0,4.0,-8.0,-3.0,5.0,57.87,2.0,1.0,2.0,4.0,0.0,1.0,2.0,2.0,1.0,,526.0
KR,South Korea,2020-12-01,-20.0,3.0,1.0,-8.0,-4.0,5.0,60.65,2.0,1.0,2.0,4.0,0.0,1.0,2.0,2.0,1.0,,526.0
KR,South Korea,2020-12-02,-23.0,5.0,8.0,-10.0,-5.0,6.0,60.65,2.0,1.0,2.0,4.0,0.0,1.0,2.0,2.0,1.0,,529.0
KR,South Korea,2020-12-03,-25.0,-2.0,-4.0,-12.0,-6.0,6.0,60.65,2.0,1.0,2.0,4.0,0.0,1.0,2.0,2.0,1.0,,536.0
KR,South Korea,2020-12-04,-27.0,2.0,-10.0,-12.0,-6.0,7.0,60.65,2.0,1.0,2.0,4.0,0.0,1.0,2.0,2.0,1.0,,540.0
KR,South Korea,2020-12-05,-28.0,5.0,-12.0,-18.0,-10.0,7.0,60.65,2.0,1.0,2.0,4.0,0.0,1.0,2.0,2.0,1.0,,545.0
KR,South Korea,2020-12-06,-27.0,8.0,-1.0,-18.0,-13.0,6.0,60.65,2.0,1.0,2.0,4.0,0.0,1.0,2.0,2.0,1.0,,549.0
KR,South Korea,2020-12-07,-22.0,4.0,5.0,-9.0,-3.0,6.0,60.65,2.0,1.0,2.0,4.0,0.0,1.0,2.0,2.0,1.0,,552.0
KR,South Korea,2020-12-08,-25.0,-1.0,0.0,-10.0,-4.0,5.0,57.87,2.0,1.0,2.0,3.0,0.0,1.0,2.0,2.0,1.0,,556.0
KR,South Korea,2020-12-09,-28.0,-2.0,12.0,-13.0,-6.0,7.0,57.87,2.0,1.0,2.0,3.0,0.0,1.0,2.0,2.0,1.0,,564.0
KR,South Korea,2020-12-10,-27.0,-2.0,4.0,-13.0,-5.0,6.0,57.87,2.0,1.0,2.0,3.0,0.0,1.0,2.0,2.0,1.0,,572.0
KR,South Korea,2020-12-11,-19.0,6.0,0.0,-12.0,-7.0,7.0,57.87,2.0,1.0,2.0,3.0,0.0,1.0,2.0,2.0,1.0,,578.0
KR,South Korea,2020-12-12,-24.0,8.0,-9.0,-20.0,-12.0,9.0,57.87,2.0,1.0,2.0,3.0,0.0,1.0,2.0,2.0,1.0,,580.0
KR,South Korea,2020-12-13,-33.0,-11.0,-24.0,-29.0,-20.0,10.0,57.87,2.0,1.0,2.0,3.0,0.0,1.0,2.0,2.0,1.0,,587.0
KR,South Korea,2020-12-14,-18.0,7.0,-12.0,-15.0,-8.0,8.0,57.87,2.0,1.0,2.0,3.0,0.0,1.0,2.0,2.0,1.0,,600.0
KR,South Korea,2020-12-15,-19.0,2.0,-17.0,-16.0,-9.0,7.0,57.87,2.0,1.0,2.0,3.0,0.0,1.0,2.0,2.0,1.0,,612.0
KR,South Korea,2020-12-16,-23.0,2.0,-11.0,-19.0,-10.0,9.0,57.87,2.0,1.0,2.0,3.0,0.0,1.0,2.0,2.0,1.0,,634.0
KR,South Korea,2020-12-17,-22.0,1.0,-10.0,-19.0,-9.0,9.0,57.87,2.0,1.0,2.0,3.0,0.0,1.0,2.0,2.0,1.0,,645.0
KR,South Korea,2020-12-18,-24.0,4.0,-15.0,-17.0,-10.0,10.0,57.87,2.0,1.0,2.0,3.0,0.0,1.0,2.0,2.0,1.0,,659.0
KR,South Korea,2020-12-19,-29.0,6.0,-27.0,-27.0,-14.0,11.0,57.87,2.0,1.0,2.0,3.0,0.0,1.0,2.0,2.0,1.0,,674.0
KR,South Korea,2020-12-20,-30.0,10.0,-15.0,-29.0,-19.0,10.0,57.87,2.0,1.0,2.0,3.0,0.0,1.0,2.0,2.0,1.0,,698.0
KR,South Korea,2020-12-21,-14.0,9.0,7.0,-11.0,-9.0,8.0,57.87,2.0,1.0,2.0,3.0,0.0,1.0,2.0,2.0,1.0,,722.0
KR,South Korea,2020-12-22,-16.0,4.0,3.0,-11.0,-9.0,6.0,61.57,2.0,2.0,2.0,3.0,0.0,1.0,2.0,2.0,1.0,,739.0
KR,South Korea,2020-12-23,-18.0,6.0,9.0,-13.0,-10.0,8.0,67.13,2.0,2.0,2.0,4.0,0.0,1.0,2.0,3.0,1.0,,756.0
KR,South Korea,2020-12-24,-11.0,24.0,4.0,-10.0,-12.0,7.0,68.98,3.0,2.0,2.0,4.0,0.0,1.0,2.0,3.0,1.0,,773.0
KR,South Korea,2020-12-25,-28.0,11.0,15.0,-38.0,-64.0,27.0,68.98,3.0,2.0,2.0,4.0,0.0,1.0,2.0,3.0,1.0,,793.0
KR,South Korea,2020-12-26,-32.0,2.0,-5.0,-29.0,-22.0,13.0,68.98,3.0,2.0,2.0,4.0,0.0,1.0,2.0,3.0,1.0,,808.0
KR,South Korea,2020-12-27,-35.0,-12.0,-8.0,-30.0,-23.0,11.0,68.98,3.0,2.0,2.0,4.0,0.0,1.0,2.0,3.0,1.0,,819.0
KR,South Korea,2020-12-28,-13.0,13.0,22.0,-11.0,-12.0,9.0,68.98,3.0,2.0,2.0,4.0,0.0,1.0,2.0,3.0,1.0,,859.0
KR,South Korea,2020-12-29,-18.0,4.0,-7.0,-14.0,-13.0,8.0,68.98,3.0,2.0,2.0,4.0,0.0,1.0,2.0,3.0,1.0,,879.0
KR,South Korea,2020-12-30,-24.0,2.0,-20.0,-21.0,-16.0,11.0,68.98,3.0,2.0,2.0,4.0,0.0,1.0,2.0,3.0,1.0,,900.0
KR,South Korea,2020-12-31,-14.0,31.0,-13.0,-16.0,-22.0,11.0,68.98,3.0,2.0,2.0,4.0,0.0,1.0,2.0,3.0,1.0,,917.0
KR,South Korea,2021-01-01,-42.0,0.0,12.0,-46.0,-75.0,31.0,66.2,3.0,2.0,2.0,4.0,0.0,1.0,1.0,3.0,1.0,,942.0
KR,South Korea,2021-01-02,-34.0,1.0,-17.0,-34.0,-32.0,15.0,67.59,3.0,2.0,2.0,4.0,0.0,1.0,1.0,3.0,1.0,,962.0
KR,South Korea,2021-01-03,-35.0,3.0,-18.0,-32.0,-23.0,11.0,67.59,3.0,2.0,2.0,4.0,0.0,1.0,1.0,3.0,1.0,,981.0
KR,South Korea,2021-01-04,-18.0,7.0,3.0,-14.0,-10.0,9.0,67.59,3.0,2.0,2.0,4.0,0.0,1.0,1.0,3.0,1.0,,1007.0
KR,South Korea,2021-01-05,-20.0,1.0,-12.0,-16.0,-11.0,8.0,67.59,3.0,2.0,2.0,4.0,0.0,1.0,1.0,3.0,1.0,,1027.0
KR,South Korea,2021-01-06,-25.0,2.0,-5.0,-16.0,-12.0,10.0,67.59,3.0,2.0,2.0,4.0,0.0,1.0,1.0,3.0,1.0,,1046.0
KR,South Korea,2021-01-07,-36.0,-15.0,-39.0,-21.0,-16.0,13.0,63.89,3.0,1.0,2.0,4.0,0.0,1.0,1.0,3.0,1.0,,1081.0
KR,South Korea,2021-01-08,-33.0,-6.0,-41.0,-25.0,-15.0,14.0,63.89,3.0,1.0,2.0,4.0,0.0,1.0,1.0,3.0,1.0,,1100.0
KR,South Korea,2021-01-09,-32.0,4.0,-42.0,-33.0,-17.0,14.0,63.89,3.0,1.0,2.0,4.0,0.0,1.0,1.0,3.0,1.0,,1125.0
KR,South Korea,2021-01-10,-32.0,-8.0,-25.0,-35.0,-23.0,12.0,63.89,3.0,1.0,2.0,4.0,0.0,1.0,1.0,3.0,1.0,,1140.0
KR,South Korea,2021-01-11,-19.0,9.0,-5.0,-17.0,-10.0,9.0,63.89,3.0,1.0,2.0,4.0,0.0,1.0,1.0,3.0,1.0,,1165.0
KR,South Korea,2021-01-12,-20.0,3.0,-5.0,-14.0,-11.0,8.0,63.89,3.0,1.0,2.0,4.0,0.0,1.0,1.0,3.0,1.0,,1185.0
KR,South Korea,2021-01-13,-21.0,5.0,11.0,-15.0,-12.0,9.0,63.89,3.0,1.0,2.0,4.0,0.0,1.0,1.0,3.0,1.0,,1195.0
KR,South Korea,2021-01-14,-19.0,5.0,8.0,-18.0,-11.0,8.0,63.89,3.0,1.0,2.0,4.0,0.0,1.0,1.0,3.0,1.0,,1217.0
KR,South Korea,2021-01-15,-23.0,4.0,-6.0,-19.0,-12.0,9.0,63.89,3.0,1.0,2.0,4.0,0.0,1.0,1.0,3.0,1.0,,1236.0
KR,South Korea,2021-01-16,-25.0,7.0,-17.0,-26.0,-14.0,10.0,63.89,3.0,1.0,2.0,4.0,0.0,1.0,1.0,3.0,1.0,,1249.0
KR,South Korea,2021-01-17,-28.0,11.0,-16.0,-29.0,-20.0,10.0,63.89,3.0,1.0,2.0,4.0,0.0,1.0,1.0,3.0,1.0,,1264.0
KR,South Korea,2021-01-18,-20.0,0.0,-11.0,-17.0,-12.0,10.0,63.89,3.0,1.0,2.0,4.0,0.0,1.0,1.0,3.0,1.0,,1283.0
KR,South Korea,2021-01-19,-16.0,2.0,-3.0,-16.0,-10.0,7.0,63.89,3.0,1.0,2.0,4.0,0.0,1.0,1.0,3.0,1.0,,1300.0
KR,South Korea,2021-01-20,-15.0,8.0,18.0,-14.0,-10.0,7.0,63.89,3.0,1.0,2.0,4.0,0.0,1.0,1.0,3.0,1.0,,1316.0
KR,South Korea,2021-01-21,-21.0,-4.0,-11.0,-19.0,-9.0,8.0,63.89,3.0,1.0,2.0,4.0,0.0,1.0,1.0,3.0,1.0,,1328.0
KR,South Korea,2021-01-22,-20.0,3.0,-12.0,-18.0,-10.0,9.0,63.89,3.0,1.0,2.0,4.0,0.0,1.0,1.0,3.0,1.0,,1337.0
KR,South Korea,2021-01-23,-20.0,8.0,-12.0,-23.0,-12.0,9.0,63.89,3.0,1.0,2.0,4.0,0.0,1.0,1.0,3.0,1.0,,1349.0
KR,South Korea,2021-01-24,-17.0,-1.0,21.0,-21.0,-17.0,7.0,63.89,3.0,1.0,2.0,4.0,0.0,1.0,1.0,3.0,1.0,,1360.0
KR,South Korea,2021-01-25,-8.0,15.0,34.0,-9.0,-8.0,6.0,63.89,3.0,1.0,2.0,4.0,0.0,1.0,1.0,3.0,1.0,,1371.0
KR,South Korea,2021-01-26,-16.0,0.0,-16.0,-16.0,-9.0,7.0,63.89,3.0,1.0,2.0,4.0,0.0,1.0,1.0,3.0,1.0,,1378.0
KR,South Korea,2021-01-27,-12.0,9.0,24.0,-12.0,-9.0,6.0,63.89,3.0,1.0,2.0,4.0,0.0,1.0,1.0,3.0,1.0,,1386.0
KR,South Korea,2021-01-28,-22.0,-4.0,-20.0,-21.0,-9.0,9.0,63.89,3.0,1.0,2.0,4.0,0.0,1.0,1.0,3.0,1.0,,1399.0
KR,South Korea,2021-01-29,-20.0,3.0,-23.0,-21.0,-9.0,10.0,63.89,3.0,1.0,2.0,4.0,0.0,1.0,1.0,3.0,1.0,,1414.0
KR,South Korea,2021-01-30,-17.0,12.0,-9.0,-23.0,-10.0,9.0,63.89,3.0,1.0,2.0,4.0,0.0,1.0,1.0,3.0,1.0,,1420.0
KR,South Korea,2021-01-31,-14.0,22.0,13.0,-23.0,-13.0,7.0,63.89,3.0,1.0,2.0,4.0,0.0,1.0,1.0,3.0,1.0,,1425.0
SE,Sweden,2020-02-15,2.0,0.0,3.0,4.0,-2.0,0.0,5.56,0.0,0.0,0.0,0.0,0.0,0.0,0.0,0.0,0.0,1.0,0.0
SE,Sweden,2020-02-16,-10.0,-7.0,-30.0,-11.0,-5.0,2.0,5.56,0.0,0.0,0.0,0.0,0.0,0.0,0.0,0.0,0.0,1.0,0.0
SE,Sweden,2020-02-17,-4.0,-3.0,-3.0,-6.0,-6.0,2.0,5.56,0.0,0.0,0.0,0.0,0.0,0.0,0.0,0.0,0.0,1.0,0.0
SE,Sweden,2020-02-18,0.0,0.0,13.0,-4.0,-5.0,1.0,5.56,0.0,0.0,0.0,0.0,0.0,0.0,0.0,0.0,0.0,1.0,0.0
SE,Sweden,2020-02-19,3.0,1.0,26.0,-3.0,-5.0,1.0,5.56,0.0,0.0,0.0,0.0,0.0,0.0,0.0,0.0,0.0,1.0,0.0
SE,Sweden,2020-02-20,1.0,1.0,-1.0,-6.0,-6.0,1.0,5.56,0.0,0.0,0.0,0.0,0.0,0.0,0.0,0.0,0.0,1.0,0.0
SE,Sweden,2020-02-21,5.0,0.0,22.0,-2.0,-7.0,1.0,5.56,0.0,0.0,0.0,0.0,0.0,0.0,0.0,0.0,0.0,1.0,0.0
SE,Sweden,2020-02-22,0.0,-1.0,-10.0,-2.0,-3.0,1.0,5.56,0.0,0.0,0.0,0.0,0.0,0.0,0.0,0.0,0.0,1.0,0.0
SE,Sweden,2020-02-23,2.0,0.0,23.0,0.0,-1.0,0.0,5.56,0.0,0.0,0.0,0.0,0.0,0.0,0.0,0.0,0.0,1.0,0.0
SE,Sweden,2020-02-24,2.0,0.0,24.0,-3.0,-4.0,1.0,5.56,0.0,0.0,0.0,0.0,0.0,0.0,0.0,0.0,0.0,1.0,0.0
SE,Sweden,2020-02-25,8.0,9.0,8.0,-3.0,-4.0,1.0,5.56,0.0,0.0,0.0,0.0,0.0,0.0,0.0,0.0,0.0,1.0,0.0
SE,Sweden,2020-02-26,5.0,2.0,4.0,-5.0,-4.0,1.0,5.56,0.0,0.0,0.0,0.0,0.0,0.0,0.0,0.0,0.0,2.0,0.0
SE,Sweden,2020-02-27,7.0,4.0,10.0,-2.0,-5.0,1.0,5.56,0.0,0.0,0.0,0.0,0.0,0.0,0.0,0.0,0.0,3.0,0.0
SE,Sweden,2020-02-28,7.0,2.0,16.0,-1.0,-6.0,1.0,5.56,0.0,0.0,0.0,0.0,0.0,0.0,0.0,0.0,0.0,11.0,0.0
SE,Sweden,2020-02-29,8.0,4.0,8.0,5.0,0.0,0.0,5.56,0.0,0.0,0.0,0.0,0.0,0.0,0.0,0.0,0.0,14.0,0.0
SE,Sweden,2020-03-01,-1.0,-2.0,-7.0,-6.0,-2.0,1.0,5.56,0.0,0.0,0.0,0.0,0.0,0.0,0.0,0.0,0.0,14.0,0.0
SE,Sweden,2020-03-02,1.0,2.0,10.0,-3.0,-2.0,1.0,13.89,0.0,0.0,0.0,0.0,0.0,0.0,0.0,3.0,0.0,19.0,0.0
SE,Sweden,2020-03-03,0.0,2.0,5.0,-4.0,-2.0,1.0,13.89,0.0,0.0,0.0,0.0,0.0,0.0,0.0,3.0,0.0,32.0,0.0
SE,Sweden,2020-03-04,-2.0,-1.0,-2.0,-5.0,-2.0,1.0,19.44,0.0,0.0,0.0,0.0,0.0,0.0,0.0,3.0,0.0,62.0,0.0
SE,Sweden,2020-03-05,0.0,3.0,8.0,-4.0,-2.0,1.0,19.44,0.0,0.0,0.0,0.0,0.0,0.0,0.0,3.0,0.0,87.0,0.0
SE,Sweden,2020-03-06,2.0,1.0,24.0,-1.0,-2.0,1.0,19.44,0.0,0.0,0.0,0.0,0.0,0.0,0.0,3.0,0.0,146.0,0.0
SE,Sweden,2020-03-07,5.0,4.0,36.0,6.0,0.0,0.0,19.44,0.0,0.0,0.0,0.0,0.0,0.0,0.0,3.0,0.0,179.0,0.0
SE,Sweden,2020-03-08,1.0,-2.0,0.0,-6.0,-1.0,1.0,19.44,0.0,0.0,0.0,0.0,0.0,0.0,0.0,3.0,0.0,225.0,0.0
SE,Sweden,2020-03-09,-2.0,0.0,8.0,-5.0,0.0,1.0,19.44,0.0,0.0,0.0,0.0,0.0,0.0,0.0,3.0,0.0,326.0,0.0
SE,Sweden,2020-03-10,-4.0,1.0,3.0,-6.0,0.0,1.0,19.44,0.0,0.0,0.0,0.0,0.0,0.0,0.0,3.0,0.0,424.0,1.0
SE,Sweden,2020-03-11,-4.0,4.0,10.0,-7.0,-1.0,2.0,19.44,0.0,0.0,0.0,0.0,0.0,0.0,0.0,3.0,2.0,620.0,1.0
SE,Sweden,2020-03-12,-12.0,11.0,-17.0,-16.0,-4.0,4.0,30.56,0.0,0.0,1.0,2.0,0.0,0.0,0.0,3.0,2.0,771.0,2.0
SE,Sweden,2020-03-13,-13.0,8.0,-4.0,-19.0,-10.0,6.0,30.56,0.0,0.0,1.0,2.0,0.0,0.0,0.0,3.0,2.0,923.0,3.0
SE,Sweden,2020-03-14,-17.0,9.0,59.0,-13.0,-6.0,3.0,30.56,0.0,0.0,1.0,2.0,0.0,0.0,0.0,3.0,2.0,994.0,5.0
SE,Sweden,2020-03-15,-25.0,-2.0,-15.0,-30.0,-10.0,5.0,30.56,0.0,0.0,1.0,2.0,0.0,0.0,0.0,3.0,2.0,1063.0,7.0
SE,Sweden,2020-03-16,-19.0,3.0,11.0,-25.0,-17.0,8.0,34.26,0.0,1.0,1.0,2.0,0.0,0.0,0.0,3.0,2.0,1146.0,8.0
SE,Sweden,2020-03-17,-24.0,0.0,2.0,-32.0,-21.0,9.0,41.67,2.0,1.0,1.0,2.0,0.0,0.0,0.0,3.0,2.0,1265.0,14.0
SE,Sweden,2020-03-18,-26.0,-3.0,1.0,-37.0,-27.0,11.0,41.67,2.0,1.0,1.0,2.0,0.0,0.0,0.0,3.0,2.0,1410.0,21.0
SE,Sweden,2020-03-19,-22.0,-2.0,40.0,-35.0,-28.0,11.0,47.22,2.0,1.0,1.0,2.0,0.0,0.0,1.0,3.0,2.0,1553.0,30.0
SE,Sweden,2020-03-20,-24.0,-5.0,11.0,-37.0,-28.0,12.0,47.22,2.0,1.0,1.0,2.0,0.0,0.0,1.0,3.0,2.0,1733.0,38.0
SE,Sweden,2020-03-21,-26.0,-5.0,66.0,-28.0,-13.0,6.0,47.22,2.0,1.0,1.0,2.0,0.0,0.0,1.0,3.0,2.0,1868.0,49.0
SE,Sweden,2020-03-22,-26.0,-9.0,57.0,-33.0,-15.0,5.0,47.22,2.0,1.0,1.0,2.0,0.0,0.0,1.0,3.0,2.0,1986.0,60.0
SE,Sweden,2020-03-23,-25.0,-8.0,8.0,-38.0,-27.0,11.0,47.22,2.0,1.0,1.0,2.0,0.0,0.0,1.0,3.0,2.0,2168.0,81.0
SE,Sweden,2020-03-24,-25.0,-7.0,22.0,-37.0,-28.0,11.0,47.22,2.0,1.0,1.0,2.0,0.0,0.0,1.0,3.0,2.0,2398.0,103.0
SE,Sweden,2020-03-25,-19.0,1.0,25.0,-36.0,-28.0,11.0,50.93,2.0,1.0,1.0,2.0,0.0,1.0,1.0,3.0,2.0,2712.0,134.0
SE,Sweden,2020-03-26,-18.0,-2.0,48.0,-35.0,-28.0,11.0,50.93,2.0,1.0,1.0,2.0,0.0,1.0,1.0,3.0,2.0,2998.0,166.0
SE,Sweden,2020-03-27,-19.0,-5.0,43.0,-35.0,-29.0,11.0,50.93,2.0,1.0,1.0,2.0,0.0,1.0,1.0,3.0,2.0,3363.0,201.0
SE,Sweden,2020-03-28,-24.0,-4.0,52.0,-29.0,-15.0,6.0,50.93,2.0,1.0,1.0,2.0,0.0,1.0,1.0,3.0,2.0,3663.0,239.0
SE,Sweden,2020-03-29,-24.0,-10.0,43.0,-36.0,-18.0,5.0,59.26,2.0,1.0,2.0,3.0,0.0,1.0,1.0,3.0,2.0,3943.0,284.0
SE,Sweden,2020-03-30,-22.0,-10.0,8.0,-39.0,-29.0,11.0,59.26,2.0,1.0,2.0,3.0,0.0,1.0,1.0,3.0,2.0,4359.0,332.0
SE,Sweden,2020-03-31,-22.0,-7.0,27.0,-37.0,-29.0,11.0,59.26,2.0,1.0,2.0,3.0,0.0,1.0,1.0,3.0,2.0,4834.0,385.0
SE,Sweden,2020-04-01,-22.0,-5.0,27.0,-38.0,-29.0,11.0,64.81,2.0,1.0,2.0,3.0,1.0,1.0,1.0,3.0,2.0,5320.0,455.0
SE,Sweden,2020-04-02,-27.0,-8.0,-6.0,-43.0,-30.0,13.0,64.81,2.0,1.0,2.0,3.0,1.0,1.0,1.0,3.0,2.0,5874.0,535.0
SE,Sweden,2020-04-03,-25.0,-7.0,6.0,-41.0,-31.0,13.0,64.81,2.0,1.0,2.0,3.0,1.0,1.0,1.0,3.0,2.0,6475.0,605.0
SE,Sweden,2020-04-04,-26.0,-5.0,57.0,-32.0,-16.0,6.0,64.81,2.0,1.0,2.0,3.0,1.0,1.0,1.0,3.0,2.0,6832.0,373.0
SE,Sweden,2020-04-05,-25.0,-9.0,69.0,-37.0,-18.0,6.0,64.81,2.0,1.0,2.0,3.0,1.0,1.0,1.0,3.0,2.0,7172.0,401.0
SE,Sweden,2020-04-06,-12.0,-2.0,92.0,-35.0,-36.0,11.0,64.81,2.0,1.0,2.0,3.0,1.0,1.0,1.0,3.0,2.0,7561.0,477.0
SE,Sweden,2020-04-07,-13.0,2.0,65.0,-37.0,-36.0,11.0,64.81,2.0,1.0,2.0,3.0,1.0,1.0,1.0,3.0,2.0,8299.0,591.0
SE,Sweden,2020-04-08,-8.0,9.0,77.0,-36.0,-37.0,10.0,64.81,2.0,1.0,2.0,3.0,1.0,1.0,1.0,3.0,2.0,8954.0,687.0
SE,Sweden,2020-04-09,-3.0,18.0,81.0,-37.0,-44.0,12.0,64.81,2.0,1.0,2.0,3.0,1.0,1.0,1.0,3.0,2.0,9599.0,793.0
SE,Sweden,2020-04-10,-45.0,-20.0,129.0,-54.0,-80.0,21.0,64.81,2.0,1.0,2.0,3.0,1.0,1.0,1.0,3.0,2.0,10053.0,870.0
SE,Sweden,2020-04-11,-41.0,-15.0,84.0,-36.0,-24.0,6.0,64.81,2.0,1.0,2.0,3.0,1.0,1.0,1.0,3.0,2.0,10448.0,887.0
SE,Sweden,2020-04-12,-34.0,-17.0,54.0,-43.0,-24.0,6.0,64.81,2.0,1.0,2.0,3.0,1.0,1.0,1.0,3.0,2.0,10912.0,899.0
SE,Sweden,2020-04-13,-38.0,-20.0,43.0,-61.0,-82.0,23.0,64.81,2.0,1.0,2.0,3.0,1.0,1.0,1.0,3.0,2.0,11349.0,919.0
SE,Sweden,2020-04-14,-19.0,-6.0,32.0,-38.0,-31.0,11.0,64.81,2.0,1.0,2.0,3.0,1.0,1.0,1.0,3.0,2.0,11828.0,1033.0
SE,Sweden,2020-04-15,-19.0,-5.0,63.0,-35.0,-31.0,11.0,64.81,2.0,1.0,2.0,3.0,1.0,1.0,1.0,3.0,2.0,12432.0,1203.0
SE,Sweden,2020-04-16,-19.0,-3.0,50.0,-37.0,-31.0,11.0,64.81,2.0,1.0,2.0,3.0,1.0,1.0,1.0,3.0,2.0,13055.0,1333.0
SE,Sweden,2020-04-17,-18.0,-3.0,56.0,-36.0,-32.0,11.0,64.81,2.0,1.0,2.0,3.0,1.0,1.0,1.0,3.0,2.0,13743.0,1400.0
SE,Sweden,2020-04-18,-25.0,-5.0,83.0,-26.0,-12.0,5.0,64.81,2.0,1.0,2.0,3.0,1.0,1.0,1.0,3.0,2.0,14275.0,1511.0
SE,Sweden,2020-04-19,-22.0,-10.0,104.0,-31.0,-13.0,4.0,64.81,2.0,1.0,2.0,3.0,1.0,1.0,1.0,3.0,2.0,14663.0,1540.0
SE,Sweden,2020-04-20,-12.0,-4.0,78.0,-32.0,-27.0,9.0,64.81,2.0,1.0,2.0,3.0,1.0,1.0,1.0,3.0,2.0,15124.0,1580.0
SE,Sweden,2020-04-21,-13.0,-4.0,129.0,-29.0,-26.0,8.0,64.81,2.0,1.0,2.0,3.0,1.0,1.0,1.0,3.0,2.0,15831.0,1765.0
SE,Sweden,2020-04-22,-13.0,-4.0,124.0,-30.0,-25.0,8.0,64.81,2.0,1.0,2.0,3.0,1.0,1.0,1.0,3.0,2.0,16553.0,1937.0
SE,Sweden,2020-04-23,-13.0,-2.0,105.0,-31.0,-26.0,9.0,64.81,2.0,1.0,2.0,3.0,1.0,1.0,1.0,3.0,2.0,17311.0,2021.0
SE,Sweden,2020-04-24,-13.0,-1.0,50.0,-34.0,-27.0,10.0,64.81,2.0,1.0,2.0,3.0,1.0,1.0,1.0,3.0,2.0,18090.0,2152.0
SE,Sweden,2020-04-25,-16.0,-1.0,73.0,-24.0,-10.0,5.0,64.81,2.0,1.0,2.0,3.0,1.0,1.0,1.0,3.0,2.0,18563.0,2192.0
SE,Sweden,2020-04-26,-13.0,-5.0,82.0,-31.0,-11.0,4.0,64.81,2.0,1.0,2.0,3.0,1.0,1.0,1.0,3.0,2.0,18863.0,2194.0
SE,Sweden,2020-04-27,-13.0,-5.0,17.0,-36.0,-27.0,10.0,64.81,2.0,1.0,2.0,3.0,1.0,1.0,1.0,3.0,2.0,19426.0,2274.0
SE,Sweden,2020-04-28,-16.0,-4.0,23.0,-36.0,-26.0,8.0,64.81,2.0,1.0,2.0,3.0,1.0,1.0,1.0,3.0,2.0,20168.0,2355.0
SE,Sweden,2020-04-29,-13.0,2.0,35.0,-34.0,-25.0,9.0,64.81,2.0,1.0,2.0,3.0,1.0,1.0,1.0,3.0,2.0,20966.0,2462.0
SE,Sweden,2020-04-30,-9.0,14.0,44.0,-35.0,-33.0,9.0,64.81,2.0,1.0,2.0,3.0,1.0,1.0,1.0,3.0,2.0,21601.0,2586.0
SE,Sweden,2020-05-01,-46.0,-24.0,35.0,-60.0,-79.0,23.0,64.81,2.0,1.0,2.0,3.0,1.0,1.0,1.0,3.0,2.0,22133.0,2653.0
SE,Sweden,2020-05-02,-20.0,-5.0,81.0,-27.0,-12.0,5.0,64.81,2.0,1.0,2.0,3.0,1.0,1.0,1.0,3.0,2.0,22432.0,2669.0
SE,Sweden,2020-05-03,-18.0,-8.0,94.0,-30.0,-10.0,3.0,64.81,2.0,1.0,2.0,3.0,1.0,1.0,1.0,3.0,2.0,22693.0,2679.0
SE,Sweden,2020-05-04,-14.0,-4.0,31.0,-36.0,-26.0,9.0,64.81,2.0,1.0,2.0,3.0,1.0,1.0,1.0,3.0,2.0,23169.0,2769.0
SE,Sweden,2020-05-05,-14.0,-3.0,72.0,-33.0,-24.0,9.0,64.81,2.0,1.0,2.0,3.0,1.0,1.0,1.0,3.0,2.0,23826.0,2854.0
SE,Sweden,2020-05-06,-14.0,-2.0,85.0,-31.0,-24.0,9.0,64.81,2.0,1.0,2.0,3.0,1.0,1.0,1.0,3.0,2.0,24572.0,2941.0
SE,Sweden,2020-05-07,-13.0,0.0,86.0,-31.0,-24.0,8.0,64.81,2.0,1.0,2.0,3.0,1.0,1.0,1.0,3.0,2.0,25359.0,3040.0
SE,Sweden,2020-05-08,-14.0,-1.0,84.0,-31.0,-25.0,8.0,64.81,2.0,1.0,2.0,3.0,1.0,1.0,1.0,3.0,2.0,26059.0,3175.0
SE,Sweden,2020-05-09,-16.0,-1.0,146.0,-17.0,-5.0,2.0,64.81,2.0,1.0,2.0,3.0,1.0,1.0,1.0,3.0,2.0,26568.0,3220.0
SE,Sweden,2020-05-10,-20.0,-6.0,34.0,-39.0,-11.0,5.0,64.81,2.0,1.0,2.0,3.0,1.0,1.0,1.0,3.0,2.0,26846.0,3225.0
SE,Sweden,2020-05-11,-13.0,-2.0,45.0,-34.0,-25.0,9.0,64.81,2.0,1.0,2.0,3.0,1.0,1.0,1.0,3.0,2.0,27301.0,3256.0
SE,Sweden,2020-05-12,-18.0,-3.0,33.0,-34.0,-24.0,9.0,64.81,2.0,1.0,2.0,3.0,1.0,1.0,1.0,3.0,2.0,28055.0,3313.0
SE,Sweden,2020-05-13,-18.0,-3.0,48.0,-34.0,-23.0,9.0,64.81,2.0,1.0,2.0,3.0,1.0,1.0,1.0,3.0,2.0,28755.0,3460.0
SE,Sweden,2020-05-14,-16.0,-1.0,49.0,-34.0,-24.0,8.0,64.81,2.0,1.0,2.0,3.0,1.0,1.0,1.0,3.0,2.0,29415.0,3529.0
SE,Sweden,2020-05-15,-17.0,-4.0,47.0,-33.0,-26.0,9.0,64.81,2.0,1.0,2.0,3.0,1.0,1.0,1.0,3.0,2.0,30103.0,3646.0
SE,Sweden,2020-05-16,-19.0,-3.0,56.0,-26.0,-7.0,4.0,64.81,2.0,1.0,2.0,3.0,1.0,1.0,1.0,3.0,2.0,30461.0,3674.0
SE,Sweden,2020-05-17,-20.0,-7.0,48.0,-35.0,-6.0,5.0,64.81,2.0,1.0,2.0,3.0,1.0,1.0,1.0,3.0,2.0,30720.0,3679.0
SE,Sweden,2020-05-18,-11.0,-3.0,61.0,-32.0,-24.0,8.0,64.81,2.0,1.0,2.0,3.0,1.0,1.0,1.0,3.0,2.0,31151.0,3698.0
SE,Sweden,2020-05-19,-10.0,1.0,75.0,-30.0,-23.0,8.0,64.81,2.0,1.0,2.0,3.0,1.0,1.0,1.0,3.0,2.0,31818.0,3743.0
SE,Sweden,2020-05-20,5.0,17.0,137.0,-23.0,-25.0,5.0,64.81,2.0,1.0,2.0,3.0,1.0,1.0,1.0,3.0,2.0,32626.0,3831.0
SE,Sweden,2020-05-21,-21.0,0.0,268.0,-42.0,-76.0,17.0,64.81,2.0,1.0,2.0,3.0,1.0,1.0,1.0,3.0,2.0,,3871.0
SE,Sweden,2020-05-22,-10.0,-4.0,184.0,-35.0,-57.0,12.0,64.81,2.0,1.0,2.0,3.0,1.0,1.0,1.0,3.0,2.0,,3925.0
SE,Sweden,2020-05-23,-19.0,-3.0,61.0,-30.0,-7.0,4.0,64.81,2.0,1.0,2.0,3.0,1.0,1.0,1.0,3.0,2.0,,3992.0
SE,Sweden,2020-05-24,-15.0,-7.0,63.0,-30.0,-5.0,2.0,64.81,2.0,1.0,2.0,3.0,1.0,1.0,1.0,3.0,2.0,,3998.0
SE,Sweden,2020-05-25,0.0,5.0,95.0,-28.0,-25.0,7.0,64.81,2.0,1.0,2.0,3.0,1.0,1.0,1.0,3.0,2.0,,4029.0
SE,Sweden,2020-05-26,-1.0,3.0,163.0,-24.0,-21.0,6.0,64.81,2.0,1.0,2.0,3.0,1.0,1.0,1.0,3.0,2.0,,4125.0
SE,Sweden,2020-05-27,-2.0,5.0,86.0,-28.0,-21.0,7.0,64.81,2.0,1.0,2.0,3.0,1.0,1.0,1.0,3.0,2.0,,4220.0
SE,Sweden,2020-05-28,0.0,6.0,110.0,-26.0,-21.0,7.0,64.81,2.0,1.0,2.0,3.0,1.0,1.0,1.0,3.0,2.0,,4266.0
SE,Sweden,2020-05-29,-2.0,2.0,144.0,-23.0,-23.0,5.0,64.81,2.0,1.0,2.0,3.0,1.0,1.0,1.0,3.0,2.0,,4350.0
SE,Sweden,2020-05-30,-6.0,6.0,186.0,-7.0,6.0,0.0,64.81,2.0,1.0,2.0,3.0,1.0,1.0,1.0,3.0,2.0,,4395.0
SE,Sweden,2020-05-31,2.0,11.0,202.0,-12.0,9.0,-2.0,64.81,2.0,1.0,2.0,3.0,1.0,1.0,1.0,3.0,2.0,,4395.0
SE,Sweden,2020-06-01,1.0,5.0,191.0,-22.0,-23.0,5.0,64.81,2.0,1.0,2.0,3.0,1.0,1.0,1.0,3.0,2.0,,4403.0
SE,Sweden,2020-06-02,-2.0,4.0,182.0,-23.0,-21.0,5.0,64.81,2.0,1.0,2.0,3.0,1.0,1.0,1.0,3.0,2.0,,4468.0
SE,Sweden,2020-06-03,-1.0,4.0,150.0,-23.0,-21.0,6.0,64.81,2.0,1.0,2.0,3.0,1.0,1.0,1.0,3.0,2.0,,4542.0
SE,Sweden,2020-06-04,-2.0,5.0,116.0,-25.0,-22.0,6.0,64.81,2.0,1.0,2.0,3.0,1.0,1.0,1.0,3.0,2.0,,4562.0
SE,Sweden,2020-06-05,-7.0,0.0,75.0,-28.0,-26.0,7.0,64.81,2.0,1.0,2.0,3.0,1.0,1.0,1.0,3.0,2.0,,4639.0
SE,Sweden,2020-06-06,-19.0,-2.0,53.0,-26.0,-6.0,4.0,64.81,2.0,1.0,2.0,3.0,1.0,1.0,1.0,3.0,2.0,,4656.0
SE,Sweden,2020-06-07,-5.0,0.0,119.0,-21.0,3.0,1.0,64.81,2.0,1.0,2.0,3.0,1.0,1.0,1.0,3.0,2.0,,4659.0
SE,Sweden,2020-06-08,2.0,4.0,125.0,-24.0,-23.0,6.0,64.81,2.0,1.0,2.0,3.0,1.0,1.0,1.0,3.0,2.0,,4694.0
SE,Sweden,2020-06-09,3.0,5.0,177.0,-21.0,-22.0,5.0,64.81,2.0,1.0,2.0,3.0,1.0,1.0,1.0,3.0,2.0,,4717.0
SE,Sweden,2020-06-10,4.0,6.0,181.0,-21.0,-23.0,5.0,64.81,2.0,1.0,2.0,3.0,1.0,1.0,1.0,3.0,2.0,,4795.0
SE,Sweden,2020-06-11,5.0,9.0,166.0,-23.0,-25.0,5.0,64.81,2.0,1.0,2.0,3.0,1.0,1.0,1.0,3.0,2.0,,4814.0
SE,Sweden,2020-06-12,-3.0,0.0,174.0,-23.0,-29.0,5.0,64.81,2.0,1.0,2.0,3.0,1.0,1.0,1.0,3.0,2.0,,4854.0
SE,Sweden,2020-06-13,-9.0,3.0,232.0,-4.0,8.0,-1.0,59.26,2.0,1.0,2.0,3.0,1.0,1.0,0.0,3.0,2.0,,4874.0
SE,Sweden,2020-06-14,-3.0,5.0,246.0,-11.0,8.0,-3.0,59.26,2.0,1.0,2.0,3.0,1.0,1.0,0.0,3.0,2.0,,4874.0
SE,Sweden,2020-06-15,6.0,8.0,193.0,-23.0,-30.0,5.0,59.26,2.0,1.0,2.0,3.0,1.0,1.0,0.0,3.0,2.0,,4891.0
SE,Sweden,2020-06-16,1.0,8.0,140.0,-26.0,-30.0,6.0,59.26,2.0,1.0,2.0,3.0,1.0,1.0,0.0,3.0,2.0,,4939.0
SE,Sweden,2020-06-17,6.0,18.0,154.0,-23.0,-30.0,5.0,59.26,2.0,1.0,2.0,3.0,1.0,1.0,0.0,3.0,2.0,,5041.0
SE,Sweden,2020-06-18,15.0,39.0,237.0,-19.0,-36.0,3.0,59.26,2.0,1.0,2.0,3.0,1.0,1.0,0.0,3.0,2.0,,5053.0
SE,Sweden,2020-06-19,-57.0,-26.0,285.0,-42.0,-79.0,10.0,59.26,2.0,1.0,2.0,3.0,1.0,1.0,0.0,3.0,2.0,,5053.0
SE,Sweden,2020-06-20,-46.0,-21.0,227.0,-22.0,-17.0,0.0,59.26,2.0,1.0,2.0,3.0,1.0,1.0,0.0,3.0,2.0,,5053.0
SE,Sweden,2020-06-21,-4.0,1.0,169.0,-19.0,2.0,-3.0,59.26,2.0,1.0,2.0,3.0,1.0,1.0,0.0,3.0,2.0,,5053.0
SE,Sweden,2020-06-22,7.0,9.0,154.0,-27.0,-38.0,7.0,59.26,2.0,1.0,2.0,3.0,1.0,1.0,0.0,3.0,2.0,,5053.0
SE,Sweden,2020-06-23,4.0,6.0,271.0,-21.0,-36.0,5.0,59.26,2.0,1.0,2.0,3.0,1.0,1.0,0.0,3.0,2.0,,5161.0
SE,Sweden,2020-06-24,1.0,7.0,315.0,-21.0,-35.0,4.0,59.26,2.0,1.0,2.0,3.0,1.0,1.0,0.0,3.0,2.0,,5209.0
SE,Sweden,2020-06-25,6.0,13.0,305.0,-20.0,-36.0,4.0,59.26,2.0,1.0,2.0,3.0,1.0,1.0,0.0,3.0,2.0,,5230.0
SE,Sweden,2020-06-26,-1.0,2.0,302.0,-20.0,-38.0,3.0,59.26,2.0,1.0,2.0,3.0,1.0,1.0,0.0,3.0,2.0,,5280.0
SE,Sweden,2020-06-27,-8.0,2.0,321.0,1.0,1.0,-4.0,59.26,2.0,1.0,2.0,3.0,1.0,1.0,0.0,3.0,2.0,,5280.0
SE,Sweden,2020-06-28,0.0,4.0,184.0,-15.0,5.0,-2.0,59.26,2.0,1.0,2.0,3.0,1.0,1.0,0.0,3.0,2.0,,5280.0
SE,Sweden,2020-06-29,12.0,8.0,180.0,-26.0,-40.0,7.0,59.26,2.0,1.0,2.0,3.0,1.0,1.0,0.0,3.0,2.0,,5280.0
SE,Sweden,2020-06-30,7.0,6.0,122.0,-30.0,-40.0,8.0,59.26,2.0,1.0,2.0,3.0,1.0,1.0,0.0,3.0,2.0,,5333.0
SE,Sweden,2020-07-01,8.0,6.0,164.0,-27.0,-40.0,7.0,59.26,2.0,1.0,2.0,3.0,1.0,1.0,0.0,3.0,2.0,,5370.0
SE,Sweden,2020-07-02,7.0,7.0,175.0,-26.0,-40.0,7.0,59.26,2.0,1.0,2.0,3.0,1.0,1.0,0.0,3.0,2.0,,5411.0
SE,Sweden,2020-07-03,-1.0,-3.0,164.0,-26.0,-41.0,7.0,59.26,2.0,1.0,2.0,3.0,1.0,1.0,0.0,3.0,2.0,,5420.0
SE,Sweden,2020-07-04,-9.0,-2.0,96.0,-17.0,-4.0,2.0,59.26,2.0,1.0,2.0,3.0,1.0,1.0,0.0,3.0,2.0,,5420.0
SE,Sweden,2020-07-05,-8.0,-3.0,78.0,-28.0,-4.0,2.0,59.26,2.0,1.0,2.0,3.0,1.0,1.0,0.0,3.0,2.0,,5420.0
SE,Sweden,2020-07-06,10.0,8.0,132.0,-33.0,-53.0,11.0,59.26,2.0,1.0,2.0,3.0,1.0,1.0,0.0,3.0,2.0,,5420.0
SE,Sweden,2020-07-07,9.0,7.0,219.0,-29.0,-52.0,9.0,59.26,2.0,1.0,2.0,3.0,1.0,1.0,0.0,3.0,2.0,,5447.0
SE,Sweden,2020-07-08,6.0,6.0,209.0,-30.0,-52.0,9.0,59.26,2.0,1.0,2.0,3.0,1.0,1.0,0.0,3.0,2.0,,5482.0
SE,Sweden,2020-07-09,6.0,6.0,261.0,-27.0,-52.0,8.0,59.26,2.0,1.0,2.0,3.0,1.0,1.0,0.0,3.0,2.0,,5500.0
SE,Sweden,2020-07-10,-5.0,-4.0,189.0,-30.0,-53.0,9.0,59.26,2.0,1.0,2.0,3.0,1.0,1.0,0.0,3.0,2.0,,5526.0
SE,Sweden,2020-07-11,-8.0,-2.0,200.0,-8.0,-1.0,0.0,59.26,2.0,1.0,2.0,3.0,1.0,1.0,0.0,3.0,2.0,,5526.0
SE,Sweden,2020-07-12,-1.0,0.0,204.0,-14.0,0.0,-1.0,59.26,2.0,1.0,2.0,3.0,1.0,1.0,0.0,3.0,2.0,,5526.0
SE,Sweden,2020-07-13,14.0,10.0,275.0,-29.0,-60.0,10.0,59.26,2.0,1.0,2.0,3.0,1.0,1.0,0.0,3.0,2.0,,5526.0
SE,Sweden,2020-07-14,7.0,6.0,263.0,-32.0,-61.0,11.0,59.26,2.0,1.0,2.0,3.0,1.0,1.0,0.0,3.0,2.0,,5545.0
SE,Sweden,2020-07-15,8.0,7.0,252.0,-32.0,-59.0,10.0,59.26,2.0,1.0,2.0,3.0,1.0,1.0,0.0,3.0,2.0,,5572.0
SE,Sweden,2020-07-16,4.0,6.0,348.0,-27.0,-59.0,9.0,59.26,2.0,1.0,2.0,3.0,1.0,1.0,0.0,3.0,2.0,,5593.0
SE,Sweden,2020-07-17,-8.0,-5.0,369.0,-25.0,-59.0,6.0,59.26,2.0,1.0,2.0,3.0,1.0,1.0,0.0,3.0,2.0,,5619.0
SE,Sweden,2020-07-18,-11.0,-4.0,326.0,0.0,-1.0,-3.0,59.26,2.0,1.0,2.0,3.0,1.0,1.0,0.0,3.0,2.0,,5619.0
SE,Sweden,2020-07-19,-1.0,1.0,286.0,-9.0,0.0,-4.0,59.26,2.0,1.0,2.0,3.0,1.0,1.0,0.0,3.0,2.0,,5619.0
SE,Sweden,2020-07-20,15.0,15.0,257.0,-31.0,-62.0,10.0,59.26,2.0,1.0,2.0,3.0,1.0,1.0,0.0,3.0,2.0,,5619.0
SE,Sweden,2020-07-21,11.0,9.0,308.0,-30.0,-62.0,10.0,59.26,2.0,1.0,2.0,3.0,1.0,1.0,0.0,3.0,2.0,,5646.0
SE,Sweden,2020-07-22,9.0,7.0,342.0,-28.0,-60.0,9.0,59.26,2.0,1.0,2.0,3.0,1.0,1.0,0.0,3.0,2.0,,5667.0
SE,Sweden,2020-07-23,6.0,6.0,302.0,-30.0,-61.0,10.0,59.26,2.0,1.0,2.0,3.0,1.0,1.0,0.0,3.0,2.0,,5676.0
SE,Sweden,2020-07-24,1.0,-1.0,207.0,-32.0,-60.0,10.0,59.26,2.0,1.0,2.0,3.0,1.0,1.0,0.0,3.0,2.0,,5697.0
SE,Sweden,2020-07-25,-4.0,-3.0,299.0,1.0,-1.0,-3.0,59.26,2.0,1.0,2.0,3.0,1.0,1.0,0.0,3.0,2.0,,5697.0
SE,Sweden,2020-07-26,4.0,1.0,192.0,-14.0,-1.0,-2.0,59.26,2.0,1.0,2.0,3.0,1.0,1.0,0.0,3.0,2.0,,5697.0
SE,Sweden,2020-07-27,20.0,13.0,304.0,-27.0,-61.0,9.0,59.26,2.0,1.0,2.0,3.0,1.0,1.0,0.0,3.0,2.0,,5697.0
SE,Sweden,2020-07-28,13.0,8.0,235.0,-32.0,-61.0,11.0,59.26,2.0,1.0,2.0,3.0,1.0,1.0,0.0,3.0,2.0,,5702.0
SE,Sweden,2020-07-29,11.0,7.0,216.0,-32.0,-60.0,11.0,59.26,2.0,1.0,2.0,3.0,1.0,1.0,0.0,3.0,2.0,,5730.0
SE,Sweden,2020-07-30,9.0,7.0,217.0,-33.0,-61.0,10.0,59.26,2.0,1.0,2.0,3.0,1.0,1.0,0.0,3.0,2.0,,5739.0
SE,Sweden,2020-07-31,-4.0,-6.0,322.0,-27.0,-59.0,7.0,59.26,2.0,1.0,2.0,3.0,1.0,1.0,0.0,3.0,2.0,,5743.0
SE,Sweden,2020-08-01,-10.0,-6.0,374.0,4.0,-1.0,-5.0,59.26,2.0,1.0,2.0,3.0,1.0,1.0,0.0,3.0,2.0,,5743.0
SE,Sweden,2020-08-02,1.0,1.0,198.0,-12.0,1.0,-3.0,59.26,2.0,1.0,2.0,3.0,1.0,1.0,0.0,3.0,2.0,,5743.0
SE,Sweden,2020-08-03,12.0,8.0,246.0,-27.0,-50.0,7.0,59.26,2.0,1.0,2.0,3.0,1.0,1.0,0.0,3.0,2.0,,5743.0
SE,Sweden,2020-08-04,9.0,5.0,301.0,-25.0,-50.0,7.0,59.26,2.0,1.0,2.0,3.0,1.0,1.0,0.0,3.0,2.0,,5747.0
SE,Sweden,2020-08-05,7.0,5.0,205.0,-30.0,-50.0,8.0,59.26,2.0,1.0,2.0,3.0,1.0,1.0,0.0,3.0,2.0,,5760.0
SE,Sweden,2020-08-06,3.0,5.0,301.0,-26.0,-50.0,7.0,59.26,2.0,1.0,2.0,3.0,1.0,1.0,0.0,3.0,2.0,,5766.0
SE,Sweden,2020-08-07,-9.0,-5.0,360.0,-24.0,-50.0,4.0,59.26,2.0,1.0,2.0,3.0,1.0,1.0,0.0,3.0,2.0,,5763.0
SE,Sweden,2020-08-08,-15.0,-5.0,380.0,2.0,-1.0,-5.0,59.26,2.0,1.0,2.0,3.0,1.0,1.0,0.0,3.0,2.0,,5763.0
SE,Sweden,2020-08-09,-4.0,1.0,304.0,-7.0,3.0,-6.0,59.26,2.0,1.0,2.0,3.0,1.0,1.0,0.0,3.0,2.0,,5763.0
SE,Sweden,2020-08-10,5.0,6.0,242.0,-25.0,-40.0,5.0,59.26,2.0,1.0,2.0,3.0,1.0,1.0,0.0,3.0,2.0,,5763.0
SE,Sweden,2020-08-11,2.0,2.0,279.0,-24.0,-39.0,5.0,59.26,2.0,1.0,2.0,3.0,1.0,1.0,0.0,3.0,2.0,,5770.0
SE,Sweden,2020-08-12,2.0,2.0,266.0,-24.0,-38.0,5.0,59.26,2.0,1.0,2.0,3.0,1.0,1.0,0.0,3.0,2.0,,5774.0
SE,Sweden,2020-08-13,0.0,4.0,249.0,-24.0,-38.0,5.0,59.26,2.0,1.0,2.0,3.0,1.0,1.0,0.0,3.0,2.0,,5776.0
SE,Sweden,2020-08-14,-7.0,-4.0,273.0,-24.0,-39.0,3.0,59.26,2.0,1.0,2.0,3.0,1.0,1.0,0.0,3.0,2.0,,5783.0
SE,Sweden,2020-08-15,-14.0,-4.0,342.0,1.0,1.0,-5.0,59.26,2.0,1.0,2.0,3.0,1.0,1.0,0.0,3.0,2.0,,5783.0
SE,Sweden,2020-08-16,-7.0,0.0,292.0,-8.0,4.0,-5.0,59.26,2.0,1.0,2.0,3.0,1.0,1.0,0.0,3.0,2.0,,5783.0
SE,Sweden,2020-08-17,-1.0,2.0,212.0,-24.0,-34.0,4.0,55.56,1.0,1.0,2.0,3.0,1.0,1.0,0.0,3.0,2.0,,5783.0
SE,Sweden,2020-08-18,-2.0,1.0,229.0,-21.0,-31.0,4.0,55.56,1.0,1.0,2.0,3.0,1.0,1.0,0.0,3.0,2.0,,5790.0
SE,Sweden,2020-08-19,-3.0,1.0,174.0,-22.0,-30.0,4.0,55.56,1.0,1.0,2.0,3.0,1.0,1.0,0.0,3.0,2.0,,5802.0
SE,Sweden,2020-08-20,-2.0,3.0,140.0,-23.0,-30.0,4.0,55.56,1.0,1.0,2.0,3.0,1.0,1.0,0.0,3.0,2.0,,5805.0
SE,Sweden,2020-08-21,-7.0,-3.0,133.0,-22.0,-30.0,4.0,55.56,1.0,1.0,2.0,3.0,1.0,1.0,0.0,3.0,2.0,,5810.0
SE,Sweden,2020-08-22,-8.0,-3.0,152.0,-11.0,2.0,0.0,55.56,1.0,1.0,2.0,3.0,1.0,1.0,0.0,3.0,2.0,,5810.0
SE,Sweden,2020-08-23,-5.0,-3.0,110.0,-19.0,3.0,-1.0,55.56,1.0,1.0,2.0,3.0,1.0,1.0,0.0,3.0,2.0,,5810.0
SE,Sweden,2020-08-24,-3.0,-3.0,106.0,-24.0,-28.0,4.0,55.56,1.0,1.0,2.0,3.0,1.0,1.0,0.0,3.0,2.0,,5810.0
SE,Sweden,2020-08-25,4.0,4.0,139.0,-20.0,-28.0,3.0,55.56,1.0,1.0,2.0,3.0,1.0,1.0,0.0,3.0,2.0,,5814.0
SE,Sweden,2020-08-26,0.0,1.0,98.0,-23.0,-27.0,4.0,55.56,1.0,1.0,2.0,3.0,1.0,1.0,0.0,3.0,2.0,,5817.0
SE,Sweden,2020-08-27,2.0,4.0,106.0,-22.0,-27.0,4.0,55.56,1.0,1.0,2.0,3.0,1.0,1.0,0.0,3.0,2.0,,5820.0
SE,Sweden,2020-08-28,-2.0,-3.0,107.0,-21.0,-28.0,3.0,55.56,1.0,1.0,2.0,3.0,1.0,1.0,0.0,3.0,2.0,,5821.0
SE,Sweden,2020-08-29,-5.0,-3.0,87.0,-15.0,0.0,0.0,55.56,1.0,1.0,2.0,3.0,1.0,1.0,0.0,3.0,2.0,,5821.0
SE,Sweden,2020-08-30,0.0,-2.0,110.0,-17.0,4.0,-1.0,55.56,1.0,1.0,2.0,3.0,1.0,1.0,0.0,3.0,2.0,,5821.0
SE,Sweden,2020-08-31,-2.0,-2.0,92.0,-24.0,-28.0,4.0,55.56,1.0,1.0,2.0,3.0,1.0,1.0,0.0,3.0,2.0,,5821.0
SE,Sweden,2020-09-01,-3.0,-2.0,138.0,-20.0,-28.0,4.0,55.56,1.0,1.0,2.0,3.0,1.0,1.0,0.0,3.0,2.0,,5813.0
SE,Sweden,2020-09-02,-5.0,-2.0,103.0,-24.0,-27.0,4.0,55.56,1.0,1.0,2.0,3.0,1.0,1.0,0.0,3.0,2.0,,5820.0
SE,Sweden,2020-09-03,-6.0,0.0,85.0,-25.0,-28.0,5.0,55.56,1.0,1.0,2.0,3.0,1.0,1.0,0.0,3.0,2.0,,5832.0
SE,Sweden,2020-09-04,-6.0,-3.0,93.0,-23.0,-29.0,4.0,55.56,1.0,1.0,2.0,3.0,1.0,1.0,0.0,3.0,2.0,,5835.0
SE,Sweden,2020-09-05,-5.0,-3.0,113.0,-12.0,0.0,0.0,55.56,1.0,1.0,2.0,3.0,1.0,1.0,0.0,3.0,2.0,,5835.0
SE,Sweden,2020-09-06,-6.0,-4.0,99.0,-20.0,1.0,0.0,55.56,1.0,1.0,2.0,3.0,1.0,1.0,0.0,3.0,2.0,,5835.0
SE,Sweden,2020-09-07,-5.0,-2.0,99.0,-24.0,-28.0,4.0,55.56,1.0,1.0,2.0,3.0,1.0,1.0,0.0,3.0,2.0,,5835.0
SE,Sweden,2020-09-08,-8.0,-3.0,86.0,-25.0,-29.0,5.0,55.56,1.0,1.0,2.0,3.0,1.0,1.0,0.0,3.0,2.0,,5838.0
SE,Sweden,2020-09-09,-10.0,-4.0,59.0,-28.0,-27.0,5.0,55.56,1.0,1.0,2.0,3.0,1.0,1.0,0.0,3.0,2.0,,5842.0
SE,Sweden,2020-09-10,-5.0,-1.0,98.0,-23.0,-27.0,4.0,55.56,1.0,1.0,2.0,3.0,1.0,1.0,0.0,3.0,2.0,,5843.0
SE,Sweden,2020-09-11,-7.0,-4.0,101.0,-22.0,-27.0,3.0,55.56,1.0,1.0,2.0,3.0,1.0,1.0,0.0,3.0,2.0,,5846.0
SE,Sweden,2020-09-12,-10.0,-5.0,75.0,-17.0,-3.0,0.0,55.56,1.0,1.0,2.0,3.0,1.0,1.0,0.0,3.0,2.0,,5846.0
SE,Sweden,2020-09-13,-8.0,-5.0,84.0,-21.0,0.0,-1.0,55.56,1.0,1.0,2.0,3.0,1.0,1.0,0.0,3.0,2.0,,5846.0
SE,Sweden,2020-09-14,-7.0,-3.0,97.0,-23.0,-22.0,3.0,55.56,1.0,1.0,2.0,3.0,1.0,1.0,0.0,3.0,2.0,,5846.0
SE,Sweden,2020-09-15,-7.0,-4.0,133.0,-20.0,-22.0,3.0,55.56,1.0,1.0,2.0,3.0,1.0,1.0,0.0,3.0,2.0,,5846.0
SE,Sweden,2020-09-16,-9.0,-5.0,87.0,-24.0,-22.0,4.0,55.56,1.0,1.0,2.0,3.0,1.0,1.0,0.0,3.0,2.0,,5860.0
SE,Sweden,2020-09-17,-7.0,-3.0,90.0,-24.0,-23.0,3.0,55.56,1.0,1.0,2.0,3.0,1.0,1.0,0.0,3.0,2.0,,5864.0
SE,Sweden,2020-09-18,-4.0,-2.0,110.0,-20.0,-23.0,2.0,55.56,1.0,1.0,2.0,3.0,1.0,1.0,0.0,3.0,2.0,,5865.0
SE,Sweden,2020-09-19,-4.0,-3.0,152.0,-7.0,2.0,-2.0,55.56,1.0,1.0,2.0,3.0,1.0,1.0,0.0,3.0,2.0,,5865.0
SE,Sweden,2020-09-20,-7.0,-4.0,101.0,-19.0,2.0,-1.0,55.56,1.0,1.0,2.0,3.0,1.0,1.0,0.0,3.0,2.0,,5865.0
SE,Sweden,2020-09-21,-7.0,-4.0,72.0,-24.0,-23.0,4.0,55.56,1.0,1.0,2.0,3.0,1.0,1.0,0.0,3.0,2.0,,5865.0
SE,Sweden,2020-09-22,-7.0,-3.0,99.0,-23.0,-21.0,4.0,55.56,1.0,1.0,2.0,3.0,1.0,1.0,0.0,3.0,2.0,,5865.0
SE,Sweden,2020-09-23,-8.0,-4.0,98.0,-25.0,-20.0,4.0,55.56,1.0,1.0,2.0,3.0,1.0,1.0,0.0,3.0,2.0,,5876.0
SE,Sweden,2020-09-24,-8.0,-2.0,64.0,-26.0,-20.0,4.0,55.56,1.0,1.0,2.0,3.0,1.0,1.0,0.0,3.0,2.0,,5878.0
SE,Sweden,2020-09-25,0.0,0.0,61.0,-24.0,-22.0,3.0,55.56,1.0,1.0,2.0,3.0,1.0,1.0,0.0,3.0,2.0,,5880.0
SE,Sweden,2020-09-26,0.0,0.0,63.0,-16.0,2.0,0.0,55.56,1.0,1.0,2.0,3.0,1.0,1.0,0.0,3.0,2.0,,5880.0
SE,Sweden,2020-09-27,0.0,-1.0,93.0,-20.0,4.0,0.0,55.56,1.0,1.0,2.0,3.0,1.0,1.0,0.0,3.0,2.0,,5880.0
SE,Sweden,2020-09-28,-6.0,-3.0,48.0,-26.0,-19.0,5.0,55.56,1.0,1.0,2.0,3.0,1.0,1.0,0.0,3.0,2.0,,5880.0
SE,Sweden,2020-09-29,-6.0,-2.0,66.0,-25.0,-19.0,4.0,55.56,1.0,1.0,2.0,3.0,1.0,1.0,0.0,3.0,2.0,,5880.0
SE,Sweden,2020-09-30,-5.0,-1.0,73.0,-25.0,-19.0,4.0,55.56,1.0,1.0,2.0,3.0,1.0,1.0,0.0,3.0,2.0,,5893.0
SE,Sweden,2020-10-01,-6.0,1.0,45.0,-27.0,-18.0,4.0,55.56,1.0,1.0,2.0,3.0,1.0,1.0,0.0,3.0,2.0,,5893.0
SE,Sweden,2020-10-02,-5.0,-2.0,62.0,-24.0,-20.0,3.0,55.56,1.0,1.0,2.0,3.0,1.0,1.0,0.0,3.0,2.0,,5895.0
SE,Sweden,2020-10-03,-5.0,-2.0,70.0,-16.0,0.0,0.0,55.56,1.0,1.0,2.0,3.0,1.0,1.0,0.0,3.0,2.0,,5895.0
SE,Sweden,2020-10-04,-11.0,-4.0,18.0,-29.0,-3.0,2.0,55.56,1.0,1.0,2.0,3.0,1.0,1.0,0.0,3.0,2.0,,5895.0
SE,Sweden,2020-10-05,-8.0,-3.0,66.0,-25.0,-19.0,4.0,55.56,1.0,1.0,2.0,3.0,1.0,1.0,0.0,3.0,2.0,,5895.0
SE,Sweden,2020-10-06,-12.0,-5.0,25.0,-28.0,-20.0,5.0,55.56,1.0,1.0,2.0,3.0,1.0,1.0,0.0,3.0,2.0,,5895.0
SE,Sweden,2020-10-07,-9.0,-3.0,43.0,-27.0,-18.0,4.0,55.56,1.0,1.0,2.0,3.0,1.0,1.0,0.0,3.0,2.0,,5892.0
SE,Sweden,2020-10-08,-10.0,-1.0,36.0,-28.0,-18.0,5.0,55.56,1.0,1.0,2.0,3.0,1.0,1.0,0.0,3.0,2.0,,5892.0
SE,Sweden,2020-10-09,-8.0,-3.0,49.0,-26.0,-19.0,4.0,55.56,1.0,1.0,2.0,3.0,1.0,1.0,0.0,3.0,2.0,,5894.0
SE,Sweden,2020-10-10,-9.0,-4.0,43.0,-20.0,-1.0,2.0,55.56,1.0,1.0,2.0,3.0,1.0,1.0,0.0,3.0,2.0,,5894.0
SE,Sweden,2020-10-11,-10.0,-5.0,63.0,-24.0,0.0,1.0,55.56,1.0,1.0,2.0,3.0,1.0,1.0,0.0,3.0,2.0,,5894.0
SE,Sweden,2020-10-12,-12.0,-5.0,50.0,-27.0,-20.0,5.0,55.56,1.0,1.0,2.0,3.0,1.0,1.0,0.0,3.0,2.0,,5894.0
SE,Sweden,2020-10-13,-11.0,-4.0,65.0,-26.0,-19.0,5.0,55.56,1.0,1.0,2.0,3.0,1.0,1.0,0.0,3.0,2.0,,5894.0
SE,Sweden,2020-10-14,-11.0,-3.0,38.0,-29.0,-18.0,5.0,55.56,1.0,1.0,2.0,3.0,1.0,1.0,0.0,3.0,2.0,,5907.0
SE,Sweden,2020-10-15,-10.0,-1.0,41.0,-28.0,-19.0,5.0,55.56,1.0,1.0,2.0,3.0,1.0,1.0,0.0,3.0,2.0,,5910.0
SE,Sweden,2020-10-16,-10.0,-4.0,39.0,-27.0,-19.0,5.0,55.56,1.0,1.0,2.0,3.0,1.0,1.0,0.0,3.0,2.0,,5918.0
SE,Sweden,2020-10-17,-8.0,-4.0,77.0,-18.0,0.0,1.0,55.56,1.0,1.0,2.0,3.0,1.0,1.0,0.0,3.0,2.0,,5918.0
SE,Sweden,2020-10-18,-12.0,-7.0,51.0,-28.0,-1.0,2.0,55.56,1.0,1.0,2.0,3.0,1.0,1.0,0.0,3.0,2.0,,5918.0
SE,Sweden,2020-10-19,-9.0,-3.0,25.0,-28.0,-18.0,5.0,55.56,1.0,1.0,2.0,3.0,1.0,1.0,0.0,3.0,2.0,,5918.0
SE,Sweden,2020-10-20,-11.0,-3.0,14.0,-30.0,-19.0,6.0,55.56,1.0,1.0,2.0,3.0,1.0,1.0,0.0,3.0,2.0,,5918.0
SE,Sweden,2020-10-21,-11.0,-2.0,17.0,-29.0,-17.0,6.0,55.56,1.0,1.0,2.0,3.0,1.0,1.0,0.0,3.0,2.0,,5929.0
SE,Sweden,2020-10-22,-10.0,0.0,9.0,-30.0,-18.0,6.0,55.56,1.0,1.0,2.0,3.0,1.0,1.0,0.0,3.0,2.0,,5930.0
SE,Sweden,2020-10-23,-4.0,0.0,29.0,-26.0,-19.0,5.0,55.56,1.0,1.0,2.0,3.0,1.0,1.0,0.0,3.0,2.0,,5933.0
SE,Sweden,2020-10-24,-5.0,0.0,36.0,-20.0,-1.0,2.0,55.56,1.0,1.0,2.0,3.0,1.0,1.0,0.0,3.0,2.0,,5933.0
SE,Sweden,2020-10-25,-6.0,-1.0,24.0,-28.0,-2.0,2.0,55.56,1.0,1.0,2.0,3.0,1.0,1.0,0.0,3.0,2.0,,5933.0
SE,Sweden,2020-10-26,0.0,0.0,29.0,-32.0,-31.0,7.0,55.56,1.0,1.0,2.0,3.0,1.0,1.0,0.0,3.0,2.0,,5933.0
SE,Sweden,2020-10-27,1.0,3.0,44.0,-31.0,-31.0,7.0,55.56,1.0,1.0,2.0,3.0,1.0,1.0,0.0,3.0,2.0,,5933.0
SE,Sweden,2020-10-28,-2.0,1.0,35.0,-34.0,-31.0,7.0,55.56,1.0,1.0,2.0,3.0,1.0,1.0,0.0,3.0,2.0,,5927.0
SE,Sweden,2020-10-29,-1.0,4.0,44.0,-34.0,-35.0,7.0,55.56,1.0,1.0,2.0,3.0,1.0,1.0,0.0,3.0,2.0,,5934.0
SE,Sweden,2020-10-30,-9.0,-2.0,39.0,-36.0,-40.0,9.0,55.56,1.0,1.0,2.0,3.0,1.0,1.0,0.0,3.0,2.0,,5938.0
SE,Sweden,2020-10-31,-21.0,-6.0,49.0,-23.0,-8.0,2.0,55.56,1.0,1.0,2.0,3.0,1.0,1.0,0.0,3.0,2.0,,5938.0
SE,Sweden,2020-11-01,-19.0,-10.0,14.0,-34.0,-7.0,2.0,55.56,1.0,1.0,2.0,3.0,1.0,1.0,0.0,3.0,2.0,,5938.0
SE,Sweden,2020-11-02,-19.0,-9.0,-3.0,-36.0,-22.0,8.0,55.56,1.0,1.0,2.0,3.0,1.0,1.0,0.0,3.0,2.0,,5938.0
SE,Sweden,2020-11-03,-16.0,-3.0,30.0,-33.0,-22.0,7.0,55.56,1.0,1.0,2.0,3.0,1.0,1.0,0.0,3.0,2.0,,5938.0
SE,Sweden,2020-11-04,-20.0,-6.0,19.0,-36.0,-21.0,8.0,55.56,1.0,1.0,2.0,3.0,1.0,1.0,0.0,3.0,2.0,,5997.0
SE,Sweden,2020-11-05,-19.0,-3.0,12.0,-37.0,-22.0,9.0,55.56,1.0,1.0,2.0,3.0,1.0,1.0,0.0,3.0,2.0,,6002.0
SE,Sweden,2020-11-06,-18.0,-5.0,35.0,-36.0,-23.0,8.0,55.56,1.0,1.0,2.0,3.0,1.0,1.0,0.0,3.0,2.0,,6022.0
SE,Sweden,2020-11-07,-20.0,-3.0,34.0,-34.0,-5.0,5.0,55.56,1.0,1.0,2.0,3.0,1.0,1.0,0.0,3.0,2.0,,6022.0
SE,Sweden,2020-11-08,-18.0,-4.0,56.0,-35.0,-5.0,3.0,55.56,1.0,1.0,2.0,3.0,1.0,1.0,0.0,3.0,2.0,,6022.0
SE,Sweden,2020-11-09,-20.0,-9.0,14.0,-38.0,-24.0,9.0,55.56,1.0,1.0,2.0,3.0,1.0,1.0,0.0,3.0,2.0,,6022.0
SE,Sweden,2020-11-10,-20.0,-6.0,21.0,-37.0,-24.0,9.0,58.33,1.0,1.0,2.0,3.0,1.0,1.0,1.0,3.0,2.0,,6022.0
SE,Sweden,2020-11-11,-22.0,-6.0,14.0,-38.0,-24.0,10.0,58.33,1.0,1.0,2.0,3.0,1.0,1.0,1.0,3.0,2.0,,6082.0
SE,Sweden,2020-11-12,-23.0,-4.0,7.0,-40.0,-25.0,10.0,58.33,1.0,1.0,2.0,3.0,1.0,1.0,1.0,3.0,2.0,,6122.0
SE,Sweden,2020-11-13,-24.0,-7.0,4.0,-40.0,-26.0,11.0,58.33,1.0,1.0,2.0,3.0,1.0,1.0,1.0,3.0,2.0,,6164.0
SE,Sweden,2020-11-14,-26.0,-7.0,34.0,-36.0,-8.0,6.0,58.33,1.0,1.0,2.0,3.0,1.0,1.0,1.0,3.0,2.0,,6164.0
SE,Sweden,2020-11-15,-26.0,-12.0,29.0,-41.0,-10.0,5.0,58.33,1.0,1.0,2.0,3.0,1.0,1.0,1.0,3.0,2.0,,6164.0
SE,Sweden,2020-11-16,-24.0,-10.0,5.0,-40.0,-26.0,10.0,58.33,1.0,1.0,2.0,3.0,1.0,1.0,1.0,3.0,2.0,,6164.0
SE,Sweden,2020-11-17,-26.0,-9.0,12.0,-40.0,-26.0,10.0,58.33,1.0,1.0,2.0,3.0,1.0,1.0,1.0,3.0,2.0,,6164.0
SE,Sweden,2020-11-18,-25.0,-6.0,12.0,-40.0,-25.0,10.0,58.33,1.0,1.0,2.0,3.0,1.0,1.0,1.0,3.0,2.0,,6321.0
SE,Sweden,2020-11-19,-26.0,-6.0,-11.0,-43.0,-27.0,11.0,58.33,1.0,1.0,2.0,3.0,1.0,1.0,1.0,3.0,2.0,,6340.0
SE,Sweden,2020-11-20,-22.0,-5.0,13.0,-41.0,-27.0,11.0,58.33,1.0,1.0,2.0,3.0,1.0,1.0,1.0,3.0,2.0,,6406.0
SE,Sweden,2020-11-21,-32.0,-11.0,-27.0,-47.0,-12.0,8.0,58.33,1.0,1.0,2.0,3.0,1.0,1.0,1.0,3.0,2.0,,6406.0
SE,Sweden,2020-11-22,-24.0,-11.0,33.0,-43.0,-10.0,6.0,58.33,1.0,1.0,2.0,3.0,1.0,1.0,1.0,3.0,2.0,,6406.0
SE,Sweden,2020-11-23,-20.0,-9.0,10.0,-41.0,-27.0,10.0,58.33,1.0,1.0,2.0,3.0,1.0,1.0,1.0,3.0,2.0,,6406.0
SE,Sweden,2020-11-24,-22.0,-8.0,-1.0,-42.0,-27.0,11.0,64.81,1.0,2.0,2.0,4.0,1.0,1.0,1.0,3.0,2.0,,6406.0
SE,Sweden,2020-11-25,-15.0,0.0,7.0,-41.0,-26.0,10.0,64.81,1.0,2.0,2.0,4.0,1.0,1.0,1.0,3.0,2.0,,6555.0
SE,Sweden,2020-11-26,-14.0,1.0,7.0,-40.0,-26.0,10.0,64.81,1.0,2.0,2.0,4.0,1.0,1.0,1.0,3.0,2.0,,6622.0
SE,Sweden,2020-11-27,-12.0,-4.0,4.0,-39.0,-27.0,10.0,64.81,1.0,2.0,2.0,4.0,1.0,1.0,1.0,3.0,2.0,,6681.0
SE,Sweden,2020-11-28,-18.0,-2.0,8.0,-38.0,-7.0,6.0,64.81,1.0,2.0,2.0,4.0,1.0,1.0,1.0,3.0,2.0,,6681.0
SE,Sweden,2020-11-29,-17.0,-5.0,6.0,-43.0,-9.0,6.0,64.81,1.0,2.0,2.0,4.0,1.0,1.0,1.0,3.0,2.0,,6681.0
SE,Sweden,2020-11-30,-15.0,-5.0,-3.0,-41.0,-27.0,10.0,64.81,1.0,2.0,2.0,4.0,1.0,1.0,1.0,3.0,2.0,,6681.0
SE,Sweden,2020-12-01,-17.0,-2.0,11.0,-39.0,-26.0,10.0,64.81,1.0,2.0,2.0,4.0,1.0,1.0,1.0,3.0,2.0,,6681.0
SE,Sweden,2020-12-02,-19.0,-2.0,8.0,-41.0,-25.0,10.0,64.81,1.0,2.0,2.0,4.0,1.0,1.0,1.0,3.0,2.0,,6972.0
SE,Sweden,2020-12-03,-21.0,-2.0,-6.0,-42.0,-26.0,11.0,64.81,1.0,2.0,2.0,4.0,1.0,1.0,1.0,3.0,2.0,,7007.0
SE,Sweden,2020-12-04,-23.0,-6.0,-13.0,-43.0,-27.0,11.0,64.81,1.0,2.0,2.0,4.0,1.0,1.0,1.0,3.0,2.0,,7067.0
SE,Sweden,2020-12-05,-23.0,-4.0,16.0,-38.0,-8.0,6.0,64.81,1.0,2.0,2.0,4.0,1.0,1.0,1.0,3.0,2.0,,7067.0
SE,Sweden,2020-12-06,-24.0,-9.0,14.0,-44.0,-11.0,6.0,64.81,1.0,2.0,2.0,4.0,1.0,1.0,1.0,3.0,2.0,,7067.0
SE,Sweden,2020-12-07,-19.0,-6.0,-1.0,-43.0,-29.0,10.0,66.67,2.0,2.0,2.0,4.0,1.0,1.0,1.0,3.0,2.0,,7067.0
SE,Sweden,2020-12-08,-21.0,-5.0,2.0,-44.0,-27.0,11.0,66.67,2.0,2.0,2.0,4.0,1.0,1.0,1.0,3.0,2.0,,7067.0
SE,Sweden,2020-12-09,-21.0,-4.0,1.0,-44.0,-27.0,11.0,66.67,2.0,2.0,2.0,4.0,1.0,1.0,1.0,3.0,2.0,,7296.0
SE,Sweden,2020-12-10,-21.0,-2.0,-2.0,-43.0,-28.0,11.0,66.67,2.0,2.0,2.0,4.0,1.0,1.0,1.0,3.0,2.0,,7354.0
SE,Sweden,2020-12-11,-24.0,-8.0,-12.0,-44.0,-29.0,12.0,66.67,2.0,2.0,2.0,4.0,1.0,1.0,1.0,3.0,2.0,,7514.0
SE,Sweden,2020-12-12,-26.0,-5.0,6.0,-38.0,-9.0,7.0,66.67,2.0,2.0,2.0,4.0,1.0,1.0,1.0,3.0,2.0,,7514.0
SE,Sweden,2020-12-13,-26.0,-9.0,13.0,-43.0,-11.0,6.0,66.67,2.0,2.0,2.0,4.0,1.0,1.0,1.0,3.0,2.0,,7514.0
SE,Sweden,2020-12-14,-20.0,-7.0,-4.0,-43.0,-30.0,11.0,69.44,2.0,2.0,2.0,4.0,1.0,1.0,1.0,3.0,2.0,,7514.0
SE,Sweden,2020-12-15,-20.0,-4.0,-2.0,-43.0,-30.0,11.0,69.44,2.0,2.0,2.0,4.0,1.0,1.0,1.0,3.0,2.0,,7514.0
SE,Sweden,2020-12-16,-19.0,-1.0,13.0,-42.0,-29.0,11.0,69.44,2.0,2.0,2.0,4.0,1.0,1.0,1.0,3.0,2.0,,7802.0
SE,Sweden,2020-12-17,-20.0,-2.0,-14.0,-44.0,-30.0,12.0,69.44,2.0,2.0,2.0,4.0,1.0,1.0,1.0,3.0,2.0,,7893.0
SE,Sweden,2020-12-18,-17.0,-3.0,-5.0,-42.0,-31.0,12.0,69.44,2.0,2.0,2.0,4.0,1.0,1.0,1.0,3.0,2.0,,7993.0
SE,Sweden,2020-12-19,-24.0,-2.0,17.0,-35.0,-9.0,6.0,69.44,2.0,2.0,2.0,4.0,1.0,1.0,1.0,3.0,2.0,,7993.0
SE,Sweden,2020-12-20,-23.0,-5.0,11.0,-43.0,-10.0,6.0,69.44,2.0,2.0,2.0,4.0,1.0,1.0,1.0,3.0,2.0,,7993.0
SE,Sweden,2020-12-21,-3.0,11.0,8.0,-45.0,-45.0,13.0,69.44,2.0,2.0,2.0,4.0,1.0,1.0,1.0,3.0,2.0,,7993.0
SE,Sweden,2020-12-22,-4.0,17.0,-3.0,-46.0,-48.0,13.0,69.44,2.0,2.0,2.0,4.0,1.0,1.0,1.0,3.0,2.0,,7993.0
SE,Sweden,2020-12-23,-2.0,28.0,27.0,-46.0,-59.0,14.0,69.44,2.0,2.0,2.0,4.0,1.0,1.0,1.0,3.0,2.0,,8279.0
SE,Sweden,2020-12-24,-72.0,-46.0,13.0,-66.0,-85.0,21.0,69.44,2.0,2.0,2.0,4.0,1.0,1.0,1.0,3.0,2.0,,8279.0
SE,Sweden,2020-12-25,-71.0,-52.0,30.0,-70.0,-85.0,24.0,69.44,2.0,2.0,2.0,4.0,1.0,1.0,1.0,3.0,2.0,,8279.0
SE,Sweden,2020-12-26,-45.0,-27.0,10.0,-48.0,-23.0,7.0,69.44,2.0,2.0,2.0,4.0,1.0,1.0,1.0,3.0,2.0,,8279.0
SE,Sweden,2020-12-27,-33.0,-21.0,-21.0,-52.0,-16.0,7.0,69.44,2.0,2.0,2.0,4.0,1.0,1.0,1.0,3.0,2.0,,8279.0
SE,Sweden,2020-12-28,-13.0,-1.0,3.0,-53.0,-63.0,18.0,69.44,2.0,2.0,2.0,4.0,1.0,1.0,1.0,3.0,2.0,,8279.0
SE,Sweden,2020-12-29,-14.0,5.0,11.0,-53.0,-63.0,18.0,69.44,2.0,2.0,2.0,4.0,1.0,1.0,1.0,3.0,2.0,,8279.0
SE,Sweden,2020-12-30,-13.0,20.0,11.0,-52.0,-63.0,18.0,69.44,2.0,2.0,2.0,4.0,1.0,1.0,1.0,3.0,2.0,,8727.0
SE,Sweden,2020-12-31,-52.0,-12.0,53.0,-61.0,-82.0,22.0,69.44,2.0,2.0,2.0,4.0,1.0,1.0,1.0,3.0,2.0,,8727.0
SE,Sweden,2021-01-01,-74.0,-58.0,11.0,-70.0,-85.0,26.0,69.44,2.0,2.0,2.0,4.0,1.0,1.0,1.0,3.0,2.0,,8727.0
SE,Sweden,2021-01-02,-37.0,-17.0,16.0,-46.0,-15.0,7.0,69.44,2.0,2.0,2.0,4.0,1.0,1.0,1.0,3.0,2.0,,8727.0
SE,Sweden,2021-01-03,-34.0,-18.0,32.0,-47.0,-11.0,6.0,69.44,2.0,2.0,2.0,4.0,1.0,1.0,1.0,3.0,2.0,,8727.0
SE,Sweden,2021-01-04,-20.0,-3.0,8.0,-52.0,-52.0,16.0,69.44,2.0,2.0,2.0,4.0,1.0,1.0,1.0,3.0,2.0,,8727.0
SE,Sweden,2021-01-05,-23.0,-2.0,17.0,-52.0,-54.0,16.0,69.44,2.0,2.0,2.0,4.0,1.0,1.0,1.0,3.0,2.0,,8965.0
SE,Sweden,2021-01-06,-47.0,-23.0,22.0,-65.0,-79.0,25.0,69.44,2.0,2.0,2.0,4.0,1.0,1.0,1.0,3.0,2.0,,8965.0
SE,Sweden,2021-01-07,-30.0,-10.0,-3.0,-52.0,-45.0,16.0,69.44,2.0,2.0,2.0,4.0,1.0,1.0,1.0,3.0,2.0,,9262.0
SE,Sweden,2021-01-08,-35.0,-15.0,-10.0,-53.0,-44.0,16.0,69.44,2.0,2.0,2.0,4.0,1.0,1.0,1.0,3.0,2.0,,9433.0
SE,Sweden,2021-01-09,-36.0,-14.0,25.0,-44.0,-11.0,7.0,69.44,2.0,2.0,2.0,4.0,1.0,1.0,1.0,3.0,2.0,,9433.0
SE,Sweden,2021-01-10,-39.0,-20.0,7.0,-49.0,-11.0,7.0,69.44,2.0,2.0,2.0,4.0,1.0,1.0,1.0,3.0,2.0,,9433.0
SE,Sweden,2021-01-11,-33.0,-14.0,-19.0,-49.0,-34.0,13.0,69.44,2.0,2.0,2.0,4.0,1.0,1.0,1.0,3.0,2.0,,9433.0
SE,Sweden,2021-01-12,-32.0,-12.0,12.0,-46.0,-34.0,13.0,69.44,2.0,2.0,2.0,4.0,1.0,1.0,1.0,3.0,2.0,,9433.0
SE,Sweden,2021-01-13,-35.0,-14.0,-10.0,-48.0,-33.0,13.0,69.44,2.0,2.0,2.0,4.0,1.0,1.0,1.0,3.0,2.0,,9834.0
SE,Sweden,2021-01-14,-33.0,-13.0,-10.0,-49.0,-33.0,13.0,69.44,2.0,2.0,2.0,4.0,1.0,1.0,1.0,3.0,2.0,,10185.0
SE,Sweden,2021-01-15,-34.0,-15.0,-12.0,-49.0,-33.0,12.0,69.44,2.0,2.0,2.0,4.0,1.0,1.0,1.0,3.0,2.0,,10323.0
SE,Sweden,2021-01-16,-36.0,-14.0,29.0,-43.0,-11.0,7.0,69.44,2.0,2.0,2.0,4.0,1.0,1.0,1.0,3.0,2.0,,10323.0
SE,Sweden,2021-01-17,-37.0,-19.0,19.0,-49.0,-12.0,6.0,69.44,2.0,2.0,2.0,4.0,1.0,1.0,1.0,3.0,2.0,,10323.0
SE,Sweden,2021-01-18,-31.0,-14.0,-8.0,-48.0,-33.0,12.0,69.44,2.0,2.0,2.0,4.0,1.0,1.0,1.0,3.0,2.0,,10323.0
SE,Sweden,2021-01-19,-31.0,-13.0,-4.0,-48.0,-33.0,12.0,69.44,2.0,2.0,2.0,4.0,1.0,1.0,1.0,3.0,2.0,,10323.0
SE,Sweden,2021-01-20,-33.0,-13.0,-20.0,-49.0,-32.0,12.0,69.44,2.0,2.0,2.0,4.0,1.0,1.0,1.0,3.0,2.0,,10797.0
SE,Sweden,2021-01-21,-32.0,-12.0,-14.0,-49.0,-33.0,12.0,69.44,2.0,2.0,2.0,4.0,1.0,1.0,1.0,3.0,2.0,,10921.0
SE,Sweden,2021-01-22,-33.0,-15.0,-27.0,-49.0,-33.0,13.0,69.44,2.0,2.0,2.0,4.0,1.0,1.0,1.0,3.0,2.0,,11005.0
SE,Sweden,2021-01-23,-29.0,-11.0,25.0,-40.0,-8.0,6.0,69.44,2.0,2.0,2.0,4.0,1.0,1.0,1.0,3.0,2.0,,11005.0
SE,Sweden,2021-01-24,-31.0,-17.0,17.0,-47.0,-9.0,6.0,69.44,2.0,2.0,2.0,4.0,1.0,1.0,1.0,3.0,2.0,,11005.0
SE,Sweden,2021-01-25,-26.0,-11.0,-10.0,-46.0,-32.0,11.0,69.44,2.0,2.0,2.0,4.0,1.0,1.0,1.0,3.0,2.0,,11005.0
SE,Sweden,2021-01-26,-24.0,-9.0,11.0,-45.0,-31.0,10.0,69.44,2.0,2.0,2.0,4.0,1.0,1.0,1.0,3.0,2.0,,11247.0
SE,Sweden,2021-01-27,-25.0,-9.0,-2.0,-46.0,-30.0,11.0,69.44,2.0,2.0,2.0,4.0,1.0,1.0,1.0,3.0,2.0,,11425.0
SE,Sweden,2021-01-28,-28.0,-10.0,-6.0,-45.0,-31.0,11.0,69.44,2.0,2.0,2.0,4.0,1.0,1.0,1.0,3.0,2.0,,11520.0
SE,Sweden,2021-01-29,-27.0,-12.0,-9.0,-45.0,-31.0,12.0,69.44,2.0,2.0,2.0,4.0,1.0,1.0,1.0,3.0,2.0,,11591.0
SE,Sweden,2021-01-30,-26.0,-10.0,26.0,-40.0,-8.0,6.0,69.44,2.0,2.0,2.0,4.0,1.0,1.0,1.0,3.0,2.0,,11591.0
SE,Sweden,2021-01-31,-27.0,-15.0,45.0,-44.0,-8.0,5.0,69.44,2.0,2.0,2.0,4.0,1.0,1.0,1.0,3.0,2.0,,11591.0
TR,Turkey,2020-02-15,2.0,3.0,-11.0,-4.0,7.0,1.0,19.44,0.0,0.0,0.0,0.0,0.0,0.0,0.0,3.0,0.0,0.0,0.0
TR,Turkey,2020-02-16,7.0,6.0,14.0,2.0,5.0,0.0,19.44,0.0,0.0,0.0,0.0,0.0,0.0,0.0,3.0,0.0,0.0,0.0
TR,Turkey,2020-02-17,6.0,5.0,10.0,5.0,8.0,-2.0,19.44,0.0,0.0,0.0,0.0,0.0,0.0,0.0,3.0,0.0,0.0,0.0
TR,Turkey,2020-02-18,4.0,6.0,11.0,4.0,8.0,-2.0,19.44,0.0,0.0,0.0,0.0,0.0,0.0,0.0,3.0,0.0,0.0,0.0
TR,Turkey,2020-02-19,0.0,3.0,6.0,0.0,9.0,-2.0,19.44,0.0,0.0,0.0,0.0,0.0,0.0,0.0,3.0,0.0,0.0,0.0
TR,Turkey,2020-02-20,-1.0,2.0,2.0,0.0,10.0,-1.0,19.44,0.0,0.0,0.0,0.0,0.0,0.0,0.0,3.0,0.0,0.0,0.0
TR,Turkey,2020-02-21,-4.0,0.0,-8.0,-3.0,7.0,0.0,19.44,0.0,0.0,0.0,0.0,0.0,0.0,0.0,3.0,0.0,0.0,0.0
TR,Turkey,2020-02-22,0.0,1.0,-10.0,-4.0,8.0,1.0,19.44,0.0,0.0,0.0,0.0,0.0,0.0,0.0,3.0,0.0,0.0,0.0
TR,Turkey,2020-02-23,7.0,5.0,21.0,3.0,7.0,0.0,19.44,0.0,0.0,0.0,0.0,0.0,0.0,0.0,3.0,0.0,0.0,0.0
TR,Turkey,2020-02-24,3.0,3.0,7.0,3.0,9.0,-1.0,19.44,0.0,0.0,0.0,0.0,0.0,0.0,0.0,3.0,0.0,0.0,0.0
TR,Turkey,2020-02-25,3.0,6.0,12.0,4.0,9.0,-2.0,19.44,0.0,0.0,0.0,0.0,0.0,0.0,0.0,3.0,0.0,0.0,0.0
TR,Turkey,2020-02-26,1.0,6.0,15.0,3.0,10.0,-2.0,19.44,0.0,0.0,0.0,0.0,0.0,0.0,0.0,3.0,0.0,0.0,0.0
TR,Turkey,2020-02-27,-2.0,4.0,7.0,3.0,11.0,-1.0,19.44,0.0,0.0,0.0,0.0,0.0,0.0,0.0,3.0,0.0,0.0,0.0
TR,Turkey,2020-02-28,-3.0,3.0,6.0,0.0,8.0,-1.0,19.44,0.0,0.0,0.0,0.0,0.0,0.0,0.0,3.0,0.0,0.0,0.0
TR,Turkey,2020-02-29,-6.0,-2.0,-16.0,-10.0,7.0,2.0,19.44,0.0,0.0,0.0,0.0,0.0,0.0,0.0,3.0,0.0,0.0,0.0
TR,Turkey,2020-03-01,9.0,10.0,35.0,3.0,7.0,0.0,19.44,0.0,0.0,0.0,0.0,0.0,0.0,0.0,3.0,0.0,0.0,0.0
TR,Turkey,2020-03-02,6.0,7.0,18.0,7.0,10.0,-2.0,19.44,0.0,0.0,0.0,0.0,0.0,0.0,0.0,3.0,0.0,0.0,0.0
TR,Turkey,2020-03-03,7.0,9.0,23.0,6.0,10.0,-3.0,19.44,0.0,0.0,0.0,0.0,0.0,0.0,0.0,3.0,0.0,0.0,0.0
TR,Turkey,2020-03-04,2.0,7.0,16.0,4.0,11.0,-2.0,19.44,0.0,0.0,0.0,0.0,0.0,0.0,0.0,3.0,0.0,0.0,0.0
TR,Turkey,2020-03-05,3.0,8.0,10.0,4.0,12.0,-2.0,19.44,0.0,0.0,0.0,0.0,0.0,0.0,0.0,3.0,0.0,0.0,0.0
TR,Turkey,2020-03-06,6.0,10.0,17.0,4.0,9.0,-2.0,19.44,0.0,0.0,0.0,0.0,0.0,0.0,0.0,3.0,0.0,0.0,0.0
TR,Turkey,2020-03-07,13.0,12.0,34.0,9.0,10.0,-2.0,19.44,0.0,0.0,0.0,0.0,0.0,0.0,0.0,3.0,0.0,0.0,0.0
TR,Turkey,2020-03-08,18.0,15.0,68.0,12.0,8.0,-3.0,19.44,0.0,0.0,0.0,0.0,0.0,0.0,0.0,3.0,0.0,0.0,0.0
TR,Turkey,2020-03-09,8.0,8.0,24.0,8.0,10.0,-3.0,23.15,0.0,0.0,0.0,0.0,0.0,1.0,0.0,3.0,0.0,0.0,0.0
TR,Turkey,2020-03-10,2.0,7.0,4.0,1.0,10.0,-2.0,23.15,0.0,0.0,0.0,0.0,0.0,1.0,0.0,3.0,0.0,0.0,0.0
TR,Turkey,2020-03-11,3.0,21.0,15.0,3.0,11.0,-2.0,23.15,0.0,0.0,0.0,0.0,0.0,1.0,0.0,3.0,0.0,1.0,0.0
TR,Turkey,2020-03-12,6.0,19.0,25.0,6.0,12.0,-2.0,23.15,0.0,0.0,0.0,0.0,0.0,1.0,0.0,3.0,0.0,1.0,0.0
TR,Turkey,2020-03-13,-2.0,14.0,11.0,2.0,6.0,0.0,23.15,0.0,0.0,0.0,0.0,0.0,1.0,0.0,3.0,0.0,5.0,0.0
TR,Turkey,2020-03-14,-7.0,10.0,10.0,-4.0,4.0,1.0,23.15,0.0,0.0,0.0,0.0,0.0,1.0,0.0,3.0,0.0,5.0,0.0
TR,Turkey,2020-03-15,-15.0,5.0,3.0,-16.0,1.0,2.0,23.15,0.0,0.0,0.0,0.0,0.0,1.0,0.0,3.0,0.0,6.0,0.0
TR,Turkey,2020-03-16,-12.0,13.0,-13.0,-14.0,-12.0,5.0,52.78,3.0,2.0,2.0,0.0,0.0,1.0,0.0,3.0,0.0,18.0,0.0
TR,Turkey,2020-03-17,-26.0,14.0,-19.0,-22.0,-19.0,8.0,52.78,3.0,2.0,2.0,0.0,0.0,1.0,0.0,3.0,0.0,47.0,1.0
TR,Turkey,2020-03-18,-37.0,1.0,-29.0,-33.0,-23.0,11.0,58.33,3.0,2.0,2.0,0.0,0.0,1.0,1.0,3.0,0.0,98.0,1.0
TR,Turkey,2020-03-19,-41.0,-3.0,-28.0,-38.0,-25.0,13.0,58.33,3.0,2.0,2.0,0.0,0.0,1.0,1.0,3.0,0.0,192.0,3.0
TR,Turkey,2020-03-20,-45.0,-6.0,-27.0,-41.0,-30.0,16.0,58.33,3.0,2.0,2.0,0.0,0.0,1.0,1.0,3.0,0.0,359.0,4.0
TR,Turkey,2020-03-21,-52.0,-10.0,-32.0,-46.0,-26.0,15.0,62.04,3.0,2.0,2.0,0.0,0.0,2.0,1.0,3.0,0.0,670.0,9.0
TR,Turkey,2020-03-22,-64.0,-20.0,-33.0,-55.0,-35.0,13.0,62.04,3.0,2.0,2.0,0.0,0.0,2.0,1.0,3.0,0.0,1236.0,30.0
TR,Turkey,2020-03-23,-51.0,-13.0,-32.0,-48.0,-37.0,16.0,62.04,3.0,2.0,2.0,0.0,0.0,2.0,1.0,3.0,0.0,1529.0,37.0
TR,Turkey,2020-03-24,-57.0,-21.0,-39.0,-54.0,-42.0,18.0,67.59,3.0,2.0,2.0,0.0,1.0,2.0,1.0,3.0,0.0,1872.0,44.0
TR,Turkey,2020-03-25,-58.0,-22.0,-38.0,-55.0,-43.0,19.0,67.59,3.0,2.0,2.0,0.0,1.0,2.0,1.0,3.0,0.0,2433.0,59.0
TR,Turkey,2020-03-26,-57.0,-20.0,-32.0,-55.0,-43.0,19.0,67.59,3.0,2.0,2.0,0.0,1.0,2.0,1.0,3.0,0.0,3629.0,75.0
TR,Turkey,2020-03-27,-59.0,-21.0,-40.0,-57.0,-45.0,22.0,70.37,3.0,2.0,2.0,0.0,1.0,2.0,1.0,4.0,0.0,5698.0,92.0
TR,Turkey,2020-03-28,-66.0,-27.0,-57.0,-63.0,-40.0,20.0,75.93,3.0,2.0,2.0,0.0,1.0,2.0,2.0,4.0,0.0,7402.0,108.0
TR,Turkey,2020-03-29,-75.0,-39.0,-58.0,-71.0,-45.0,17.0,75.93,3.0,2.0,2.0,0.0,1.0,2.0,2.0,4.0,0.0,9217.0,131.0
TR,Turkey,2020-03-30,-57.0,-24.0,-39.0,-58.0,-47.0,21.0,75.93,3.0,2.0,2.0,0.0,1.0,2.0,2.0,4.0,0.0,10827.0,168.0
TR,Turkey,2020-03-31,-61.0,-27.0,-45.0,-61.0,-49.0,21.0,75.93,3.0,2.0,2.0,0.0,1.0,2.0,2.0,4.0,0.0,13531.0,214.0
TR,Turkey,2020-04-01,-61.0,-25.0,-47.0,-62.0,-49.0,22.0,75.93,3.0,2.0,2.0,0.0,1.0,2.0,2.0,4.0,0.0,15679.0,277.0
TR,Turkey,2020-04-02,-62.0,-27.0,-46.0,-64.0,-50.0,23.0,75.93,3.0,2.0,2.0,0.0,1.0,2.0,2.0,4.0,0.0,18135.0,356.0
TR,Turkey,2020-04-03,-62.0,-22.0,-47.0,-64.0,-50.0,25.0,75.93,3.0,2.0,2.0,0.0,1.0,2.0,2.0,4.0,0.0,20921.0,425.0
TR,Turkey,2020-04-04,-70.0,-30.0,-60.0,-70.0,-46.0,23.0,75.93,3.0,2.0,2.0,0.0,1.0,2.0,2.0,4.0,0.0,23934.0,501.0
TR,Turkey,2020-04-05,-76.0,-40.0,-61.0,-76.0,-48.0,19.0,75.93,3.0,2.0,2.0,0.0,1.0,2.0,2.0,4.0,0.0,27069.0,574.0
TR,Turkey,2020-04-06,-61.0,-26.0,-49.0,-65.0,-51.0,23.0,75.93,3.0,2.0,2.0,0.0,1.0,2.0,2.0,4.0,0.0,30217.0,649.0
TR,Turkey,2020-04-07,-64.0,-25.0,-49.0,-65.0,-52.0,23.0,75.93,3.0,2.0,2.0,0.0,1.0,2.0,2.0,4.0,2.0,,725.0
TR,Turkey,2020-04-08,-65.0,-26.0,-49.0,-65.0,-51.0,23.0,75.93,3.0,2.0,2.0,0.0,1.0,2.0,2.0,4.0,2.0,,812.0
TR,Turkey,2020-04-09,-64.0,-25.0,-43.0,-63.0,-50.0,23.0,75.93,3.0,2.0,2.0,0.0,1.0,2.0,2.0,4.0,2.0,,908.0
TR,Turkey,2020-04-10,-61.0,-15.0,-41.0,-61.0,-51.0,24.0,75.93,3.0,2.0,2.0,0.0,1.0,2.0,2.0,4.0,2.0,,1006.0
TR,Turkey,2020-04-11,-92.0,-83.0,-81.0,-90.0,-78.0,34.0,77.78,3.0,2.0,2.0,0.0,1.0,3.0,2.0,4.0,2.0,,1101.0
TR,Turkey,2020-04-12,-93.0,-85.0,-79.0,-90.0,-70.0,25.0,77.78,3.0,2.0,2.0,0.0,1.0,3.0,2.0,4.0,2.0,,1198.0
TR,Turkey,2020-04-13,-52.0,9.0,-32.0,-55.0,-48.0,19.0,75.93,3.0,2.0,2.0,0.0,1.0,2.0,2.0,4.0,2.0,,1296.0
TR,Turkey,2020-04-14,-58.0,-12.0,-39.0,-59.0,-49.0,20.0,75.93,3.0,2.0,2.0,0.0,1.0,2.0,2.0,4.0,2.0,,1403.0
TR,Turkey,2020-04-15,-62.0,-15.0,-46.0,-63.0,-49.0,22.0,75.93,3.0,2.0,2.0,0.0,1.0,2.0,2.0,4.0,2.0,,1518.0
TR,Turkey,2020-04-16,-56.0,-3.0,-35.0,-58.0,-47.0,21.0,75.93,3.0,2.0,2.0,0.0,1.0,2.0,2.0,4.0,2.0,,1643.0
TR,Turkey,2020-04-17,-53.0,15.0,-31.0,-57.0,-48.0,21.0,75.93,3.0,2.0,2.0,0.0,1.0,2.0,2.0,4.0,2.0,,1769.0
TR,Turkey,2020-04-18,-92.0,-84.0,-79.0,-90.0,-76.0,31.0,77.78,3.0,2.0,2.0,0.0,1.0,3.0,2.0,4.0,2.0,,1890.0
TR,Turkey,2020-04-19,-92.0,-84.0,-76.0,-89.0,-66.0,22.0,77.78,3.0,2.0,2.0,0.0,1.0,3.0,2.0,4.0,2.0,,2017.0
TR,Turkey,2020-04-20,-52.0,-1.0,-28.0,-53.0,-44.0,16.0,75.93,3.0,2.0,2.0,0.0,1.0,2.0,2.0,4.0,2.0,,2140.0
TR,Turkey,2020-04-21,-51.0,11.0,-35.0,-54.0,-45.0,17.0,75.93,3.0,2.0,2.0,0.0,1.0,2.0,2.0,4.0,2.0,,2259.0
TR,Turkey,2020-04-22,-49.0,23.0,-31.0,-51.0,-45.0,16.0,75.93,3.0,2.0,2.0,0.0,1.0,2.0,2.0,4.0,2.0,,2376.0
TR,Turkey,2020-04-23,-87.0,-70.0,-71.0,-87.0,-80.0,35.0,75.93,3.0,2.0,2.0,0.0,1.0,2.0,2.0,4.0,2.0,,2491.0
TR,Turkey,2020-04-24,-87.0,-65.0,-74.0,-88.0,-78.0,39.0,75.93,3.0,2.0,2.0,0.0,1.0,2.0,2.0,4.0,2.0,,2600.0
TR,Turkey,2020-04-25,-91.0,-82.0,-79.0,-90.0,-74.0,33.0,75.93,3.0,2.0,2.0,0.0,1.0,2.0,2.0,4.0,2.0,,2706.0
TR,Turkey,2020-04-26,-91.0,-82.0,-75.0,-88.0,-63.0,23.0,75.93,3.0,2.0,2.0,0.0,1.0,2.0,2.0,4.0,2.0,,2805.0
TR,Turkey,2020-04-27,-47.0,15.0,-21.0,-49.0,-43.0,17.0,75.93,3.0,2.0,2.0,0.0,1.0,2.0,2.0,4.0,2.0,,2900.0
TR,Turkey,2020-04-28,-54.0,-1.0,-29.0,-53.0,-45.0,17.0,75.93,3.0,2.0,2.0,0.0,1.0,2.0,2.0,4.0,2.0,,2992.0
TR,Turkey,2020-04-29,-56.0,-2.0,-30.0,-53.0,-43.0,19.0,75.93,3.0,2.0,2.0,0.0,1.0,2.0,2.0,4.0,2.0,,3081.0
TR,Turkey,2020-04-30,-49.0,18.0,-20.0,-49.0,-42.0,16.0,75.93,3.0,2.0,2.0,0.0,1.0,2.0,2.0,4.0,2.0,,3174.0
TR,Turkey,2020-05-01,-87.0,-65.0,-72.0,-87.0,-80.0,38.0,75.93,3.0,2.0,2.0,0.0,1.0,2.0,2.0,4.0,2.0,,3258.0
TR,Turkey,2020-05-02,-91.0,-81.0,-78.0,-89.0,-72.0,32.0,75.93,3.0,2.0,2.0,0.0,1.0,2.0,2.0,4.0,2.0,,3336.0
TR,Turkey,2020-05-03,-91.0,-81.0,-76.0,-88.0,-61.0,23.0,75.93,3.0,2.0,2.0,0.0,1.0,2.0,2.0,4.0,2.0,,3397.0
TR,Turkey,2020-05-04,-49.0,10.0,-27.0,-51.0,-40.0,16.0,75.93,3.0,2.0,2.0,0.0,1.0,2.0,2.0,4.0,2.0,,3461.0
TR,Turkey,2020-05-05,-52.0,-1.0,-27.0,-51.0,-41.0,17.0,75.93,3.0,2.0,2.0,0.0,1.0,2.0,2.0,4.0,2.0,,3520.0
TR,Turkey,2020-05-06,-53.0,-1.0,-26.0,-50.0,-40.0,17.0,75.93,3.0,2.0,2.0,0.0,1.0,2.0,2.0,4.0,2.0,,3584.0
TR,Turkey,2020-05-07,-52.0,0.0,-24.0,-50.0,-39.0,18.0,75.93,3.0,2.0,2.0,0.0,1.0,2.0,2.0,4.0,2.0,,3641.0
TR,Turkey,2020-05-08,-49.0,17.0,-23.0,-50.0,-40.0,19.0,75.93,3.0,2.0,2.0,0.0,1.0,2.0,2.0,4.0,2.0,,3689.0
TR,Turkey,2020-05-09,-85.0,-69.0,-70.0,-85.0,-64.0,28.0,75.93,3.0,2.0,2.0,0.0,1.0,2.0,2.0,4.0,2.0,,3739.0
TR,Turkey,2020-05-10,-83.0,-65.0,-55.0,-82.0,-51.0,20.0,75.93,3.0,2.0,2.0,0.0,1.0,2.0,2.0,4.0,2.0,,3786.0
TR,Turkey,2020-05-11,-41.0,13.0,-12.0,-42.0,-36.0,14.0,75.93,3.0,2.0,2.0,0.0,1.0,2.0,2.0,4.0,2.0,,3841.0
TR,Turkey,2020-05-12,-46.0,4.0,-18.0,-45.0,-37.0,15.0,75.93,3.0,2.0,2.0,0.0,1.0,2.0,2.0,4.0,2.0,,3894.0
TR,Turkey,2020-05-13,-45.0,9.0,0.0,-44.0,-36.0,15.0,75.93,3.0,2.0,2.0,0.0,1.0,2.0,2.0,4.0,2.0,,3952.0
TR,Turkey,2020-05-14,-46.0,7.0,-11.0,-44.0,-35.0,14.0,75.93,3.0,2.0,2.0,0.0,1.0,2.0,2.0,4.0,2.0,,4007.0
TR,Turkey,2020-05-15,-39.0,33.0,-1.0,-40.0,-36.0,14.0,75.93,3.0,2.0,2.0,0.0,1.0,2.0,2.0,4.0,2.0,,4055.0
TR,Turkey,2020-05-16,-79.0,-60.0,-61.0,-82.0,-56.0,25.0,75.93,3.0,2.0,2.0,0.0,1.0,2.0,2.0,4.0,2.0,,4096.0
TR,Turkey,2020-05-17,-80.0,-60.0,-51.0,-81.0,-45.0,19.0,75.93,3.0,2.0,2.0,0.0,1.0,2.0,2.0,4.0,2.0,,4140.0
TR,Turkey,2020-05-18,-69.0,-30.0,-46.0,-76.0,-64.0,27.0,75.93,3.0,2.0,2.0,0.0,1.0,2.0,2.0,4.0,2.0,,4171.0
TR,Turkey,2020-05-19,-72.0,-37.0,-48.0,-78.0,-69.0,28.0,75.93,3.0,2.0,2.0,0.0,1.0,2.0,2.0,4.0,2.0,,4199.0
TR,Turkey,2020-05-20,-34.0,33.0,7.0,-33.0,-33.0,11.0,75.93,3.0,2.0,2.0,0.0,1.0,2.0,2.0,4.0,2.0,,4222.0
TR,Turkey,2020-05-21,-36.0,31.0,-5.0,-37.0,-34.0,12.0,75.93,3.0,2.0,2.0,0.0,1.0,2.0,2.0,4.0,2.0,,4249.0
TR,Turkey,2020-05-22,-31.0,57.0,-1.0,-36.0,-35.0,12.0,75.93,3.0,2.0,2.0,0.0,1.0,2.0,2.0,4.0,2.0,,4276.0
TR,Turkey,2020-05-23,-86.0,-52.0,-74.0,-83.0,-71.0,31.0,75.93,3.0,2.0,2.0,0.0,1.0,2.0,2.0,4.0,2.0,,4308.0
TR,Turkey,2020-05-24,-92.0,-85.0,-68.0,-85.0,-62.0,22.0,75.93,3.0,2.0,2.0,0.0,1.0,2.0,2.0,4.0,2.0,,4340.0
TR,Turkey,2020-05-25,-92.0,-86.0,-71.0,-87.0,-85.0,35.0,75.93,3.0,2.0,2.0,0.0,1.0,2.0,2.0,4.0,2.0,,4369.0
TR,Turkey,2020-05-26,-91.0,-84.0,-69.0,-86.0,-83.0,32.0,75.93,3.0,2.0,2.0,0.0,1.0,2.0,2.0,4.0,2.0,,4397.0
TR,Turkey,2020-05-27,-37.0,23.0,-4.0,-38.0,-29.0,9.0,75.93,3.0,2.0,2.0,0.0,1.0,2.0,2.0,4.0,2.0,,4431.0
TR,Turkey,2020-05-28,-39.0,12.0,-4.0,-37.0,-29.0,11.0,75.93,3.0,2.0,2.0,0.0,1.0,2.0,2.0,4.0,2.0,,4461.0
TR,Turkey,2020-05-29,-36.0,26.0,4.0,-35.0,-29.0,12.0,75.93,3.0,2.0,2.0,0.0,1.0,2.0,2.0,4.0,2.0,,4489.0
TR,Turkey,2020-05-30,-74.0,-43.0,-54.0,-76.0,-45.0,22.0,75.93,3.0,2.0,2.0,0.0,1.0,2.0,2.0,4.0,2.0,,4515.0
TR,Turkey,2020-05-31,-77.0,-57.0,-41.0,-74.0,-34.0,15.0,75.93,3.0,2.0,2.0,0.0,1.0,2.0,2.0,4.0,2.0,,4540.0
TR,Turkey,2020-06-01,-25.0,13.0,6.0,-23.0,-21.0,7.0,63.89,3.0,1.0,2.0,0.0,1.0,2.0,1.0,3.0,2.0,,4563.0
TR,Turkey,2020-06-02,-29.0,8.0,5.0,-26.0,-22.0,7.0,63.89,3.0,1.0,2.0,0.0,1.0,2.0,1.0,3.0,2.0,,4585.0
TR,Turkey,2020-06-03,-25.0,14.0,24.0,-24.0,-20.0,6.0,63.89,3.0,1.0,2.0,0.0,1.0,2.0,1.0,3.0,2.0,,4609.0
TR,Turkey,2020-06-04,-27.0,11.0,22.0,-22.0,-19.0,7.0,63.89,3.0,1.0,2.0,0.0,1.0,2.0,1.0,3.0,2.0,,4630.0
TR,Turkey,2020-06-05,-22.0,23.0,44.0,-19.0,-20.0,6.0,63.89,3.0,1.0,2.0,0.0,1.0,2.0,1.0,3.0,2.0,,4648.0
TR,Turkey,2020-06-06,-36.0,1.0,9.0,-29.0,-12.0,6.0,63.89,3.0,1.0,2.0,0.0,1.0,2.0,1.0,3.0,2.0,,4669.0
TR,Turkey,2020-06-07,-38.0,-1.0,38.0,-26.0,-7.0,1.0,63.89,3.0,1.0,2.0,0.0,1.0,2.0,1.0,3.0,2.0,,4692.0
TR,Turkey,2020-06-08,-23.0,8.0,24.0,-22.0,-18.0,5.0,63.89,3.0,1.0,2.0,0.0,1.0,2.0,1.0,3.0,2.0,,4711.0
TR,Turkey,2020-06-09,-26.0,6.0,23.0,-24.0,-19.0,5.0,63.89,3.0,1.0,2.0,0.0,1.0,2.0,1.0,3.0,2.0,,4729.0
TR,Turkey,2020-06-10,-22.0,12.0,38.0,-21.0,-17.0,4.0,63.89,3.0,1.0,2.0,0.0,1.0,2.0,1.0,3.0,2.0,,4746.0
TR,Turkey,2020-06-11,-20.0,13.0,37.0,-21.0,-17.0,5.0,63.89,3.0,1.0,2.0,0.0,1.0,2.0,1.0,3.0,2.0,,4763.0
TR,Turkey,2020-06-12,-23.0,13.0,29.0,-24.0,-19.0,6.0,63.89,3.0,1.0,2.0,0.0,1.0,2.0,1.0,3.0,2.0,,4778.0
TR,Turkey,2020-06-13,-28.0,7.0,19.0,-26.0,-6.0,4.0,63.89,3.0,1.0,2.0,0.0,1.0,2.0,1.0,3.0,2.0,,4792.0
TR,Turkey,2020-06-14,-30.0,3.0,43.0,-25.0,-2.0,0.0,63.89,3.0,1.0,2.0,0.0,1.0,2.0,1.0,3.0,2.0,,4807.0
TR,Turkey,2020-06-15,-17.0,12.0,31.0,-20.0,-16.0,4.0,63.89,3.0,1.0,2.0,0.0,1.0,2.0,1.0,3.0,2.0,,4825.0
TR,Turkey,2020-06-16,-18.0,14.0,37.0,-19.0,-16.0,3.0,63.89,3.0,1.0,2.0,0.0,1.0,2.0,1.0,3.0,2.0,,4842.0
TR,Turkey,2020-06-17,-22.0,11.0,31.0,-21.0,-16.0,4.0,63.89,3.0,1.0,2.0,0.0,1.0,2.0,1.0,3.0,2.0,,4861.0
TR,Turkey,2020-06-18,-20.0,10.0,33.0,-22.0,-16.0,4.0,63.89,3.0,1.0,2.0,0.0,1.0,2.0,1.0,3.0,2.0,,4882.0
TR,Turkey,2020-06-19,-21.0,17.0,26.0,-22.0,-18.0,5.0,63.89,3.0,1.0,2.0,0.0,1.0,2.0,1.0,3.0,2.0,,4905.0
TR,Turkey,2020-06-20,-45.0,-16.0,4.0,-41.0,-25.0,10.0,63.89,3.0,1.0,2.0,0.0,1.0,2.0,1.0,3.0,2.0,,4927.0
TR,Turkey,2020-06-21,-29.0,3.0,49.0,-23.0,2.0,-1.0,63.89,3.0,1.0,2.0,0.0,1.0,2.0,1.0,3.0,2.0,,4950.0
TR,Turkey,2020-06-22,-13.0,13.0,41.0,-16.0,-17.0,2.0,63.89,3.0,1.0,2.0,0.0,1.0,2.0,1.0,3.0,2.0,,4974.0
TR,Turkey,2020-06-23,-20.0,9.0,27.0,-21.0,-18.0,3.0,63.89,3.0,1.0,2.0,0.0,1.0,2.0,1.0,3.0,2.0,,5001.0
TR,Turkey,2020-06-24,-20.0,11.0,36.0,-19.0,-15.0,3.0,63.89,3.0,1.0,2.0,0.0,1.0,2.0,1.0,3.0,2.0,,5025.0
TR,Turkey,2020-06-25,-16.0,14.0,52.0,-15.0,-14.0,2.0,63.89,3.0,1.0,2.0,0.0,1.0,2.0,1.0,3.0,2.0,,5046.0
TR,Turkey,2020-06-26,-18.0,19.0,44.0,-16.0,-17.0,3.0,63.89,3.0,1.0,2.0,0.0,1.0,2.0,1.0,3.0,2.0,,5065.0
TR,Turkey,2020-06-27,-44.0,-14.0,17.0,-36.0,-26.0,8.0,63.89,3.0,1.0,2.0,0.0,1.0,2.0,1.0,3.0,2.0,,5082.0
TR,Turkey,2020-06-28,-59.0,-34.0,13.0,-44.0,-18.0,6.0,63.89,3.0,1.0,2.0,0.0,1.0,2.0,1.0,3.0,2.0,,5097.0
TR,Turkey,2020-06-29,-10.0,16.0,54.0,-10.0,-15.0,1.0,63.89,3.0,1.0,2.0,0.0,1.0,2.0,1.0,3.0,2.0,,5115.0
TR,Turkey,2020-06-30,-13.0,13.0,49.0,-12.0,-16.0,1.0,63.89,3.0,1.0,2.0,0.0,1.0,2.0,1.0,3.0,2.0,,5131.0
TR,Turkey,2020-07-01,-17.0,11.0,47.0,-13.0,-16.0,1.0,63.89,3.0,1.0,2.0,0.0,1.0,2.0,1.0,3.0,2.0,,5150.0
TR,Turkey,2020-07-02,-14.0,12.0,58.0,-13.0,-15.0,1.0,63.89,3.0,1.0,2.0,0.0,1.0,2.0,1.0,3.0,2.0,,5167.0
TR,Turkey,2020-07-03,-18.0,11.0,49.0,-16.0,-17.0,2.0,63.89,3.0,1.0,2.0,0.0,1.0,2.0,1.0,3.0,2.0,,5186.0
TR,Turkey,2020-07-04,-24.0,5.0,41.0,-17.0,-6.0,0.0,63.89,3.0,1.0,2.0,0.0,1.0,2.0,1.0,3.0,2.0,,5206.0
TR,Turkey,2020-07-05,-26.0,0.0,68.0,-16.0,-2.0,-4.0,63.89,3.0,1.0,2.0,0.0,1.0,2.0,1.0,3.0,2.0,,5225.0
TR,Turkey,2020-07-06,-12.0,11.0,54.0,-12.0,-17.0,0.0,63.89,3.0,1.0,2.0,0.0,1.0,2.0,1.0,3.0,2.0,,5241.0
TR,Turkey,2020-07-07,-14.0,11.0,52.0,-13.0,-18.0,0.0,63.89,3.0,1.0,2.0,0.0,1.0,2.0,1.0,3.0,2.0,,5260.0
TR,Turkey,2020-07-08,-18.0,8.0,40.0,-16.0,-17.0,1.0,63.89,3.0,1.0,2.0,0.0,1.0,2.0,1.0,3.0,2.0,,5282.0
TR,Turkey,2020-07-09,-14.0,10.0,58.0,-13.0,-15.0,0.0,63.89,3.0,1.0,2.0,0.0,1.0,2.0,1.0,3.0,2.0,,5300.0
TR,Turkey,2020-07-10,-18.0,10.0,49.0,-15.0,-17.0,1.0,63.89,3.0,1.0,2.0,0.0,1.0,2.0,1.0,3.0,2.0,,5323.0
TR,Turkey,2020-07-11,-23.0,4.0,44.0,-14.0,-5.0,-1.0,63.89,3.0,1.0,2.0,0.0,1.0,2.0,1.0,3.0,2.0,,5344.0
TR,Turkey,2020-07-12,-24.0,1.0,72.0,-13.0,0.0,-4.0,63.89,3.0,1.0,2.0,0.0,1.0,2.0,1.0,3.0,2.0,,5363.0
TR,Turkey,2020-07-13,-14.0,8.0,46.0,-13.0,-17.0,0.0,63.89,3.0,1.0,2.0,0.0,1.0,2.0,1.0,3.0,2.0,,5382.0
TR,Turkey,2020-07-14,-14.0,8.0,52.0,-11.0,-18.0,-1.0,63.89,3.0,1.0,2.0,0.0,1.0,2.0,1.0,3.0,2.0,,5402.0
TR,Turkey,2020-07-15,-14.0,8.0,62.0,-18.0,-37.0,5.0,63.89,3.0,1.0,2.0,0.0,1.0,2.0,1.0,3.0,2.0,,5419.0
TR,Turkey,2020-07-16,-12.0,12.0,63.0,-11.0,-15.0,0.0,63.89,3.0,1.0,2.0,0.0,1.0,2.0,1.0,3.0,2.0,,5440.0
TR,Turkey,2020-07-17,-16.0,11.0,54.0,-15.0,-17.0,1.0,63.89,3.0,1.0,2.0,0.0,1.0,2.0,1.0,3.0,2.0,,5458.0
TR,Turkey,2020-07-18,-21.0,4.0,44.0,-14.0,-4.0,-1.0,63.89,3.0,1.0,2.0,0.0,1.0,2.0,1.0,3.0,2.0,,5475.0
TR,Turkey,2020-07-19,-22.0,0.0,72.0,-13.0,1.0,-4.0,63.89,3.0,1.0,2.0,0.0,1.0,2.0,1.0,3.0,2.0,,5491.0
TR,Turkey,2020-07-20,-10.0,10.0,60.0,-10.0,-17.0,-1.0,63.89,3.0,1.0,2.0,0.0,1.0,2.0,1.0,3.0,2.0,,5508.0
TR,Turkey,2020-07-21,-12.0,9.0,57.0,-12.0,-18.0,-1.0,63.89,3.0,1.0,2.0,0.0,1.0,2.0,1.0,3.0,2.0,,5526.0
TR,Turkey,2020-07-22,-16.0,8.0,52.0,-14.0,-16.0,0.0,42.59,3.0,1.0,1.0,0.0,0.0,2.0,1.0,1.0,2.0,,5545.0
TR,Turkey,2020-07-23,-12.0,10.0,66.0,-10.0,-15.0,-1.0,42.59,3.0,1.0,1.0,0.0,0.0,2.0,1.0,1.0,2.0,,5563.0
TR,Turkey,2020-07-24,-15.0,9.0,58.0,-12.0,-17.0,1.0,42.59,3.0,1.0,1.0,0.0,0.0,2.0,1.0,1.0,2.0,,5580.0
TR,Turkey,2020-07-25,-19.0,6.0,47.0,-10.0,-4.0,-2.0,42.59,3.0,1.0,1.0,0.0,0.0,2.0,1.0,1.0,2.0,,5596.0
TR,Turkey,2020-07-26,-19.0,3.0,73.0,-10.0,4.0,-4.0,42.59,3.0,1.0,1.0,0.0,0.0,2.0,1.0,1.0,2.0,,5613.0
TR,Turkey,2020-07-27,-5.0,15.0,68.0,-7.0,-20.0,-1.0,42.59,3.0,1.0,1.0,0.0,0.0,2.0,1.0,1.0,2.0,,5630.0
TR,Turkey,2020-07-28,-6.0,17.0,63.0,-7.0,-20.0,-1.0,42.59,3.0,1.0,1.0,0.0,0.0,2.0,1.0,1.0,2.0,,5645.0
TR,Turkey,2020-07-29,-4.0,27.0,63.0,-1.0,-21.0,-2.0,42.59,3.0,1.0,1.0,0.0,0.0,2.0,1.0,1.0,2.0,,5659.0
TR,Turkey,2020-07-30,4.0,52.0,84.0,2.0,-41.0,2.0,42.59,3.0,1.0,1.0,0.0,0.0,2.0,1.0,1.0,2.0,,5674.0
TR,Turkey,2020-07-31,-49.0,-27.0,60.0,-28.0,-71.0,5.0,42.59,3.0,1.0,1.0,0.0,0.0,2.0,1.0,1.0,2.0,,5691.0
TR,Turkey,2020-08-01,-41.0,-15.0,65.0,-22.0,-54.0,1.0,42.59,3.0,1.0,1.0,0.0,0.0,2.0,1.0,1.0,2.0,,5710.0
TR,Turkey,2020-08-02,-26.0,-4.0,102.0,-6.0,-18.0,-7.0,42.59,3.0,1.0,1.0,0.0,0.0,2.0,1.0,1.0,2.0,,5728.0
TR,Turkey,2020-08-03,-16.0,-1.0,109.0,-9.0,-64.0,4.0,42.59,3.0,1.0,1.0,0.0,0.0,2.0,1.0,1.0,2.0,,5747.0
TR,Turkey,2020-08-04,-10.0,14.0,70.0,-8.0,-26.0,-2.0,42.59,3.0,1.0,1.0,0.0,0.0,2.0,1.0,1.0,2.0,,5765.0
TR,Turkey,2020-08-05,-14.0,11.0,65.0,-11.0,-24.0,0.0,48.15,3.0,1.0,2.0,0.0,0.0,2.0,1.0,1.0,2.0,,5784.0
TR,Turkey,2020-08-06,-11.0,12.0,77.0,-10.0,-23.0,0.0,48.15,3.0,1.0,2.0,0.0,0.0,2.0,1.0,1.0,2.0,,5798.0
TR,Turkey,2020-08-07,-15.0,8.0,64.0,-13.0,-24.0,1.0,48.15,3.0,2.0,2.0,0.0,0.0,2.0,0.0,1.0,2.0,,5813.0
TR,Turkey,2020-08-08,-21.0,2.0,45.0,-11.0,-10.0,-1.0,48.15,3.0,2.0,2.0,0.0,0.0,2.0,0.0,1.0,2.0,,5829.0
TR,Turkey,2020-08-09,-21.0,0.0,68.0,-8.0,-4.0,-4.0,48.15,3.0,2.0,2.0,0.0,0.0,2.0,0.0,1.0,2.0,,5844.0
TR,Turkey,2020-08-10,-8.0,11.0,65.0,-5.0,-22.0,-1.0,48.15,3.0,2.0,2.0,0.0,0.0,2.0,0.0,1.0,2.0,,5858.0
TR,Turkey,2020-08-11,-10.0,10.0,65.0,-8.0,-23.0,-1.0,48.15,3.0,2.0,2.0,0.0,0.0,2.0,0.0,1.0,2.0,,5873.0
TR,Turkey,2020-08-12,-14.0,8.0,61.0,-11.0,-22.0,0.0,48.15,3.0,2.0,2.0,0.0,0.0,2.0,0.0,1.0,2.0,,5891.0
TR,Turkey,2020-08-13,-12.0,9.0,72.0,-10.0,-20.0,0.0,48.15,3.0,2.0,2.0,0.0,0.0,2.0,0.0,1.0,2.0,,5912.0
TR,Turkey,2020-08-14,-16.0,7.0,58.0,-13.0,-22.0,1.0,48.15,3.0,2.0,2.0,0.0,0.0,2.0,0.0,1.0,2.0,,5934.0
TR,Turkey,2020-08-15,-19.0,4.0,47.0,-10.0,-9.0,-2.0,48.15,3.0,2.0,2.0,0.0,0.0,2.0,0.0,1.0,2.0,,5955.0
TR,Turkey,2020-08-16,-19.0,1.0,75.0,-8.0,-5.0,-4.0,48.15,3.0,2.0,2.0,0.0,0.0,2.0,0.0,1.0,2.0,,5974.0
TR,Turkey,2020-08-17,-9.0,10.0,60.0,-7.0,-21.0,-1.0,48.15,3.0,2.0,2.0,0.0,0.0,2.0,0.0,1.0,2.0,,5996.0
TR,Turkey,2020-08-18,-13.0,8.0,56.0,-11.0,-21.0,-1.0,48.15,3.0,2.0,2.0,0.0,0.0,2.0,0.0,1.0,2.0,,6016.0
TR,Turkey,2020-08-19,-17.0,6.0,52.0,-13.0,-21.0,0.0,48.15,3.0,2.0,2.0,0.0,0.0,2.0,0.0,1.0,2.0,,6039.0
TR,Turkey,2020-08-20,-14.0,7.0,60.0,-11.0,-19.0,0.0,48.15,3.0,2.0,2.0,0.0,0.0,2.0,0.0,1.0,2.0,,6058.0
TR,Turkey,2020-08-21,-18.0,6.0,49.0,-14.0,-21.0,2.0,48.15,3.0,2.0,2.0,0.0,0.0,2.0,0.0,1.0,2.0,,6080.0
TR,Turkey,2020-08-22,-22.0,0.0,40.0,-12.0,-9.0,-1.0,48.15,3.0,2.0,2.0,0.0,0.0,2.0,0.0,1.0,2.0,,6102.0
TR,Turkey,2020-08-23,-22.0,-2.0,67.0,-10.0,-5.0,-3.0,48.15,3.0,2.0,2.0,0.0,0.0,2.0,0.0,1.0,2.0,,6121.0
TR,Turkey,2020-08-24,-12.0,7.0,52.0,-10.0,-20.0,0.0,48.15,3.0,2.0,2.0,0.0,0.0,2.0,0.0,1.0,2.0,,6139.0
TR,Turkey,2020-08-25,-14.0,8.0,52.0,-11.0,-21.0,0.0,48.15,3.0,2.0,2.0,0.0,0.0,2.0,0.0,1.0,2.0,,6163.0
TR,Turkey,2020-08-26,-18.0,6.0,46.0,-13.0,-19.0,1.0,48.15,3.0,2.0,2.0,0.0,0.0,2.0,0.0,1.0,2.0,,6183.0
TR,Turkey,2020-08-27,-14.0,8.0,59.0,-11.0,-18.0,0.0,48.15,3.0,2.0,2.0,0.0,0.0,2.0,0.0,1.0,2.0,,6209.0
TR,Turkey,2020-08-28,-18.0,5.0,49.0,-14.0,-20.0,2.0,48.15,3.0,2.0,2.0,0.0,0.0,2.0,0.0,1.0,2.0,,6245.0
TR,Turkey,2020-08-29,-24.0,1.0,38.0,-14.0,-9.0,0.0,48.15,3.0,2.0,2.0,0.0,0.0,2.0,0.0,1.0,2.0,,6284.0
TR,Turkey,2020-08-30,-25.0,-5.0,66.0,-11.0,-6.0,-3.0,48.15,3.0,2.0,2.0,0.0,0.0,2.0,0.0,1.0,2.0,,6326.0
TR,Turkey,2020-08-31,-14.0,5.0,46.0,-10.0,-20.0,0.0,48.15,3.0,2.0,2.0,0.0,0.0,2.0,0.0,1.0,2.0,,6370.0
TR,Turkey,2020-09-01,-15.0,7.0,47.0,-10.0,-21.0,0.0,44.44,3.0,2.0,2.0,0.0,0.0,1.0,0.0,1.0,2.0,,6417.0
TR,Turkey,2020-09-02,-19.0,4.0,41.0,-13.0,-20.0,1.0,44.44,3.0,2.0,2.0,0.0,0.0,1.0,0.0,1.0,2.0,,6462.0
TR,Turkey,2020-09-03,-16.0,5.0,52.0,-11.0,-19.0,1.0,44.44,3.0,2.0,2.0,0.0,0.0,1.0,0.0,1.0,2.0,,6511.0
TR,Turkey,2020-09-04,-20.0,6.0,37.0,-15.0,-21.0,3.0,47.22,3.0,2.0,2.0,0.0,0.0,1.0,0.0,1.0,2.0,,6564.0
TR,Turkey,2020-09-05,-22.0,5.0,30.0,-13.0,-9.0,1.0,47.22,3.0,2.0,2.0,0.0,0.0,1.0,0.0,1.0,2.0,,6620.0
TR,Turkey,2020-09-06,-20.0,2.0,62.0,-11.0,-7.0,-2.0,47.22,3.0,2.0,2.0,0.0,0.0,1.0,0.0,1.0,2.0,,6673.0
TR,Turkey,2020-09-07,-13.0,8.0,45.0,-10.0,-21.0,1.0,47.22,3.0,2.0,2.0,0.0,0.0,1.0,0.0,1.0,2.0,,6730.0
TR,Turkey,2020-09-08,-15.0,8.0,42.0,-12.0,-22.0,1.0,47.22,3.0,2.0,2.0,0.0,0.0,1.0,0.0,1.0,2.0,,6782.0
TR,Turkey,2020-09-09,-20.0,5.0,36.0,-14.0,-20.0,2.0,52.78,3.0,2.0,2.0,0.0,1.0,1.0,0.0,1.0,2.0,,6837.0
TR,Turkey,2020-09-10,-15.0,7.0,52.0,-10.0,-20.0,2.0,63.89,3.0,2.0,2.0,0.0,1.0,1.0,2.0,1.0,2.0,,6895.0
TR,Turkey,2020-09-11,-20.0,5.0,39.0,-16.0,-22.0,3.0,63.89,3.0,2.0,2.0,0.0,1.0,1.0,2.0,1.0,2.0,,6951.0
TR,Turkey,2020-09-12,-24.0,1.0,29.0,-15.0,-10.0,1.0,73.61,3.0,2.0,2.0,4.0,1.0,1.0,2.0,1.0,2.0,,6999.0
TR,Turkey,2020-09-13,-23.0,-1.0,52.0,-15.0,-7.0,-1.0,73.61,3.0,2.0,2.0,4.0,1.0,1.0,2.0,1.0,2.0,,7056.0
TR,Turkey,2020-09-14,-15.0,4.0,40.0,-12.0,-18.0,2.0,73.61,3.0,2.0,2.0,4.0,1.0,1.0,2.0,1.0,2.0,,7119.0
TR,Turkey,2020-09-15,-15.0,7.0,41.0,-12.0,-19.0,2.0,73.61,3.0,2.0,2.0,4.0,1.0,1.0,2.0,1.0,2.0,,7186.0
TR,Turkey,2020-09-16,-19.0,4.0,35.0,-14.0,-19.0,3.0,73.61,3.0,2.0,2.0,4.0,1.0,1.0,2.0,1.0,2.0,,7249.0
TR,Turkey,2020-09-17,-16.0,4.0,46.0,-12.0,-18.0,3.0,73.61,3.0,2.0,2.0,4.0,1.0,1.0,2.0,1.0,2.0,,7315.0
TR,Turkey,2020-09-18,-20.0,5.0,34.0,-17.0,-20.0,4.0,73.61,3.0,2.0,2.0,4.0,1.0,1.0,2.0,1.0,2.0,,7377.0
TR,Turkey,2020-09-19,-23.0,3.0,24.0,-15.0,-8.0,2.0,73.61,3.0,2.0,2.0,4.0,1.0,1.0,2.0,1.0,2.0,,7445.0
TR,Turkey,2020-09-20,-22.0,1.0,40.0,-16.0,-5.0,0.0,73.61,3.0,2.0,2.0,4.0,1.0,1.0,2.0,1.0,2.0,,7506.0
TR,Turkey,2020-09-21,-14.0,7.0,31.0,-12.0,-19.0,3.0,69.91,2.0,2.0,2.0,4.0,1.0,1.0,2.0,1.0,2.0,,7574.0
TR,Turkey,2020-09-22,-18.0,9.0,29.0,-12.0,-20.0,3.0,69.91,2.0,2.0,2.0,4.0,1.0,1.0,2.0,1.0,2.0,,7639.0
TR,Turkey,2020-09-23,-23.0,11.0,25.0,-13.0,-18.0,4.0,69.91,2.0,2.0,2.0,4.0,1.0,1.0,2.0,1.0,2.0,,7711.0
TR,Turkey,2020-09-24,-21.0,12.0,33.0,-11.0,-17.0,4.0,69.91,2.0,2.0,2.0,4.0,1.0,1.0,2.0,1.0,2.0,,7785.0
TR,Turkey,2020-09-25,-23.0,13.0,26.0,-14.0,-19.0,6.0,69.91,2.0,2.0,2.0,4.0,1.0,1.0,2.0,1.0,2.0,,7858.0
TR,Turkey,2020-09-26,-25.0,9.0,24.0,-11.0,-6.0,3.0,69.91,2.0,2.0,2.0,4.0,1.0,1.0,2.0,1.0,2.0,,7929.0
TR,Turkey,2020-09-27,-25.0,3.0,47.0,-10.0,-4.0,0.0,69.91,2.0,2.0,2.0,4.0,1.0,1.0,2.0,1.0,2.0,,7997.0
TR,Turkey,2020-09-28,-18.0,12.0,29.0,-9.0,-18.0,4.0,69.91,2.0,2.0,2.0,4.0,1.0,1.0,2.0,1.0,2.0,,8062.0
TR,Turkey,2020-09-29,-23.0,10.0,17.0,-14.0,-19.0,4.0,69.91,2.0,2.0,2.0,4.0,1.0,1.0,2.0,1.0,2.0,,8130.0
TR,Turkey,2020-09-30,-23.0,13.0,19.0,-12.0,-18.0,3.0,69.91,2.0,2.0,2.0,4.0,1.0,1.0,2.0,1.0,2.0,,8195.0
TR,Turkey,2020-10-01,-21.0,17.0,29.0,-11.0,-15.0,3.0,69.91,2.0,2.0,2.0,4.0,1.0,1.0,2.0,1.0,2.0,,8262.0
TR,Turkey,2020-10-02,-23.0,17.0,28.0,-8.0,-17.0,5.0,69.91,2.0,2.0,2.0,4.0,1.0,1.0,2.0,1.0,2.0,,8325.0
TR,Turkey,2020-10-03,-24.0,10.0,26.0,-6.0,-6.0,2.0,69.91,2.0,2.0,2.0,4.0,1.0,1.0,2.0,1.0,2.0,,8384.0
TR,Turkey,2020-10-04,-22.0,3.0,58.0,-3.0,-5.0,-1.0,69.91,2.0,2.0,2.0,4.0,1.0,1.0,2.0,1.0,2.0,,8441.0
TR,Turkey,2020-10-05,-18.0,14.0,31.0,-4.0,-18.0,3.0,69.91,2.0,2.0,2.0,4.0,1.0,1.0,2.0,1.0,2.0,,8498.0
TR,Turkey,2020-10-06,-19.0,15.0,31.0,-4.0,-18.0,2.0,71.76,2.0,2.0,2.0,4.0,1.0,2.0,2.0,1.0,2.0,,8553.0
TR,Turkey,2020-10-07,-22.0,13.0,25.0,-7.0,-16.0,3.0,71.76,2.0,2.0,2.0,4.0,1.0,2.0,2.0,1.0,2.0,,8609.0
TR,Turkey,2020-10-08,-24.0,10.0,13.0,-12.0,-15.0,5.0,71.76,2.0,2.0,2.0,4.0,1.0,2.0,2.0,1.0,2.0,,8667.0
TR,Turkey,2020-10-09,-23.0,14.0,15.0,-11.0,-16.0,6.0,71.76,2.0,2.0,2.0,4.0,1.0,2.0,2.0,1.0,2.0,,8722.0
TR,Turkey,2020-10-10,-21.0,11.0,20.0,-5.0,-3.0,3.0,71.76,2.0,2.0,2.0,4.0,1.0,2.0,2.0,1.0,2.0,,8778.0
TR,Turkey,2020-10-11,-18.0,7.0,55.0,-1.0,-1.0,0.0,71.76,2.0,2.0,2.0,4.0,1.0,2.0,2.0,1.0,2.0,,8837.0
TR,Turkey,2020-10-12,-16.0,16.0,28.0,-1.0,-15.0,3.0,71.76,2.0,2.0,2.0,4.0,1.0,2.0,2.0,1.0,2.0,,8895.0
TR,Turkey,2020-10-13,-21.0,13.0,16.0,-6.0,-16.0,4.0,71.76,2.0,2.0,2.0,4.0,1.0,2.0,2.0,1.0,2.0,,8957.0
TR,Turkey,2020-10-14,-21.0,15.0,18.0,-6.0,-15.0,5.0,71.76,2.0,2.0,2.0,4.0,1.0,2.0,2.0,1.0,2.0,,9014.0
TR,Turkey,2020-10-15,-16.0,21.0,33.0,-1.0,-13.0,3.0,71.76,2.0,2.0,2.0,4.0,1.0,2.0,2.0,1.0,2.0,,9080.0
TR,Turkey,2020-10-16,-20.0,20.0,26.0,-5.0,-15.0,5.0,69.91,2.0,2.0,2.0,4.0,1.0,1.0,2.0,1.0,2.0,,9153.0
TR,Turkey,2020-10-17,-22.0,12.0,15.0,-6.0,-4.0,3.0,69.91,2.0,2.0,2.0,4.0,1.0,1.0,2.0,1.0,2.0,,9224.0
TR,Turkey,2020-10-18,-23.0,4.0,26.0,-10.0,-4.0,2.0,69.91,2.0,2.0,2.0,4.0,1.0,1.0,2.0,1.0,2.0,,9296.0
TR,Turkey,2020-10-19,-19.0,15.0,10.0,-6.0,-15.0,5.0,69.91,2.0,2.0,2.0,4.0,1.0,1.0,2.0,1.0,2.0,,9371.0
TR,Turkey,2020-10-20,-21.0,14.0,7.0,-8.0,-15.0,4.0,69.91,2.0,2.0,2.0,4.0,1.0,1.0,2.0,1.0,2.0,,9445.0
TR,Turkey,2020-10-21,-22.0,15.0,10.0,-8.0,-15.0,6.0,69.91,2.0,2.0,2.0,4.0,1.0,1.0,2.0,1.0,2.0,,9513.0
TR,Turkey,2020-10-22,-17.0,21.0,30.0,-4.0,-12.0,4.0,69.91,2.0,2.0,2.0,4.0,1.0,1.0,2.0,1.0,2.0,,9584.0
TR,Turkey,2020-10-23,-20.0,22.0,26.0,-8.0,-14.0,5.0,69.91,2.0,2.0,2.0,4.0,1.0,1.0,2.0,1.0,2.0,,9658.0
TR,Turkey,2020-10-24,-22.0,14.0,23.0,-6.0,-2.0,3.0,69.91,2.0,2.0,2.0,4.0,1.0,1.0,2.0,1.0,2.0,,9727.0
TR,Turkey,2020-10-25,-19.0,9.0,52.0,-4.0,-1.0,0.0,69.91,2.0,2.0,2.0,4.0,1.0,1.0,2.0,1.0,2.0,,9799.0
TR,Turkey,2020-10-26,-18.0,20.0,23.0,-5.0,-14.0,4.0,69.91,2.0,2.0,2.0,4.0,1.0,1.0,2.0,1.0,2.0,,9874.0
TR,Turkey,2020-10-27,-19.0,19.0,21.0,-5.0,-15.0,4.0,69.91,2.0,2.0,2.0,4.0,1.0,1.0,2.0,1.0,2.0,,9950.0
TR,Turkey,2020-10-28,-21.0,16.0,18.0,-9.0,-19.0,6.0,69.91,2.0,2.0,2.0,4.0,1.0,1.0,2.0,1.0,2.0,,10027.0
TR,Turkey,2020-10-29,-20.0,8.0,27.0,-19.0,-42.0,12.0,62.5,2.0,2.0,2.0,4.0,1.0,1.0,1.0,1.0,2.0,,10099.0
TR,Turkey,2020-10-30,-28.0,14.0,7.0,-19.0,-17.0,7.0,62.5,2.0,2.0,2.0,4.0,1.0,1.0,1.0,1.0,2.0,,10177.0
TR,Turkey,2020-10-31,-29.0,6.0,2.0,-17.0,-6.0,6.0,62.5,2.0,2.0,2.0,4.0,1.0,1.0,1.0,1.0,2.0,,10252.0
TR,Turkey,2020-11-01,-27.0,2.0,19.0,-13.0,-5.0,3.0,62.5,2.0,2.0,2.0,4.0,1.0,1.0,1.0,1.0,2.0,,10326.0
TR,Turkey,2020-11-02,-21.0,14.0,8.0,-9.0,-15.0,5.0,62.5,2.0,2.0,2.0,4.0,1.0,1.0,1.0,1.0,2.0,,10402.0
TR,Turkey,2020-11-03,-23.0,14.0,3.0,-12.0,-16.0,5.0,62.5,2.0,2.0,2.0,4.0,1.0,1.0,1.0,1.0,2.0,,10481.0
TR,Turkey,2020-11-04,-29.0,7.0,-11.0,-18.0,-17.0,7.0,62.5,2.0,2.0,2.0,4.0,1.0,1.0,1.0,1.0,2.0,,10558.0
TR,Turkey,2020-11-05,-24.0,13.0,0.0,-15.0,-14.0,7.0,62.5,2.0,2.0,2.0,4.0,1.0,1.0,1.0,1.0,2.0,,10639.0
TR,Turkey,2020-11-06,-26.0,14.0,-3.0,-19.0,-16.0,8.0,62.5,2.0,2.0,2.0,4.0,1.0,1.0,1.0,1.0,2.0,,10722.0
TR,Turkey,2020-11-07,-27.0,6.0,-7.0,-19.0,-6.0,6.0,62.5,2.0,2.0,2.0,4.0,1.0,1.0,1.0,1.0,2.0,,10803.0
TR,Turkey,2020-11-08,-25.0,2.0,22.0,-16.0,-6.0,4.0,62.5,2.0,2.0,2.0,4.0,1.0,1.0,1.0,1.0,2.0,,10887.0
TR,Turkey,2020-11-09,-21.0,11.0,8.0,-12.0,-16.0,6.0,62.5,2.0,2.0,2.0,4.0,1.0,1.0,1.0,1.0,2.0,,10972.0
TR,Turkey,2020-11-10,-22.0,12.0,4.0,-14.0,-16.0,6.0,62.5,2.0,2.0,2.0,4.0,1.0,1.0,1.0,1.0,2.0,,11059.0
TR,Turkey,2020-11-11,-26.0,10.0,-2.0,-17.0,-17.0,7.0,62.5,2.0,2.0,2.0,4.0,1.0,1.0,1.0,1.0,2.0,,11145.0
TR,Turkey,2020-11-12,-24.0,12.0,8.0,-14.0,-14.0,6.0,62.5,2.0,2.0,2.0,4.0,1.0,1.0,1.0,1.0,2.0,,11233.0
TR,Turkey,2020-11-13,-27.0,13.0,3.0,-18.0,-16.0,8.0,62.5,2.0,2.0,2.0,4.0,1.0,1.0,1.0,1.0,2.0,,11326.0
TR,Turkey,2020-11-14,-31.0,2.0,-12.0,-21.0,-7.0,7.0,62.5,2.0,2.0,2.0,4.0,1.0,1.0,1.0,1.0,2.0,,11418.0
TR,Turkey,2020-11-15,-28.0,0.0,12.0,-20.0,-8.0,4.0,62.5,2.0,2.0,2.0,4.0,1.0,1.0,1.0,1.0,2.0,,11507.0
TR,Turkey,2020-11-16,-22.0,10.0,4.0,-16.0,-20.0,7.0,62.5,2.0,2.0,2.0,4.0,1.0,1.0,1.0,1.0,2.0,,11601.0
TR,Turkey,2020-11-17,-24.0,10.0,4.0,-16.0,-21.0,6.0,62.5,2.0,2.0,2.0,4.0,1.0,1.0,1.0,1.0,2.0,,11704.0
TR,Turkey,2020-11-18,-32.0,5.0,-11.0,-24.0,-21.0,9.0,62.5,2.0,2.0,2.0,4.0,1.0,1.0,1.0,1.0,2.0,,11820.0
TR,Turkey,2020-11-19,-28.0,7.0,-10.0,-22.0,-20.0,9.0,62.5,2.0,2.0,2.0,4.0,1.0,1.0,1.0,1.0,2.0,,11943.0
TR,Turkey,2020-11-20,-34.0,9.0,-16.0,-25.0,-23.0,11.0,66.2,3.0,2.0,2.0,4.0,1.0,1.0,1.0,1.0,2.0,,12084.0
TR,Turkey,2020-11-21,-51.0,-6.0,-33.0,-39.0,-20.0,14.0,66.2,3.0,2.0,2.0,4.0,1.0,1.0,1.0,1.0,2.0,,12219.0
TR,Turkey,2020-11-22,-52.0,-13.0,-16.0,-40.0,-24.0,10.0,66.2,3.0,2.0,2.0,4.0,1.0,1.0,1.0,1.0,2.0,,12358.0
TR,Turkey,2020-11-23,-39.0,1.0,-12.0,-25.0,-25.0,10.0,66.2,3.0,2.0,2.0,4.0,1.0,1.0,1.0,1.0,2.0,,12511.0
TR,Turkey,2020-11-24,-41.0,2.0,-15.0,-27.0,-26.0,10.0,66.2,3.0,2.0,2.0,4.0,1.0,1.0,1.0,1.0,2.0,,12672.0
TR,Turkey,2020-11-25,-44.0,0.0,-21.0,-29.0,-25.0,12.0,66.2,3.0,2.0,2.0,4.0,1.0,1.0,1.0,1.0,2.0,,12840.0
TR,Turkey,2020-11-26,-41.0,3.0,-12.0,-26.0,-23.0,11.0,66.2,3.0,2.0,2.0,4.0,1.0,1.0,1.0,1.0,2.0,,13014.0
TR,Turkey,2020-11-27,-43.0,4.0,-13.0,-29.0,-24.0,13.0,66.2,3.0,2.0,2.0,4.0,1.0,1.0,1.0,1.0,2.0,,13191.0
TR,Turkey,2020-11-28,-49.0,-5.0,-24.0,-35.0,-18.0,13.0,66.2,3.0,2.0,2.0,4.0,1.0,1.0,1.0,1.0,2.0,,13373.0
TR,Turkey,2020-11-29,-52.0,-12.0,-7.0,-39.0,-23.0,10.0,66.2,3.0,2.0,2.0,4.0,1.0,1.0,1.0,1.0,2.0,,13558.0
TR,Turkey,2020-11-30,-42.0,-1.0,-19.0,-27.0,-25.0,11.0,66.2,3.0,2.0,2.0,4.0,1.0,1.0,1.0,1.0,2.0,,13746.0
TR,Turkey,2020-12-01,-45.0,2.0,-29.0,-32.0,-27.0,12.0,66.2,3.0,2.0,2.0,4.0,1.0,1.0,1.0,1.0,2.0,,13936.0
TR,Turkey,2020-12-02,-47.0,2.0,-27.0,-34.0,-25.0,14.0,66.2,3.0,2.0,2.0,4.0,1.0,1.0,1.0,1.0,2.0,,14129.0
TR,Turkey,2020-12-03,-42.0,8.0,-14.0,-29.0,-24.0,12.0,66.2,3.0,2.0,2.0,4.0,1.0,1.0,1.0,1.0,2.0,,14316.0
TR,Turkey,2020-12-04,-39.0,32.0,-10.0,-26.0,-25.0,13.0,66.2,3.0,2.0,2.0,4.0,1.0,1.0,1.0,1.0,2.0,,14509.0
TR,Turkey,2020-12-05,-88.0,-69.0,-79.0,-78.0,-62.0,30.0,66.2,3.0,2.0,2.0,4.0,1.0,1.0,1.0,1.0,2.0,,14705.0
TR,Turkey,2020-12-06,-88.0,-69.0,-77.0,-79.0,-57.0,23.0,66.2,3.0,2.0,2.0,4.0,1.0,1.0,1.0,1.0,2.0,,14900.0
TR,Turkey,2020-12-07,-37.0,11.0,-12.0,-25.0,-25.0,9.0,62.5,2.0,2.0,2.0,4.0,1.0,1.0,1.0,1.0,2.0,,15103.0
TR,Turkey,2020-12-08,-41.0,6.0,-19.0,-28.0,-25.0,11.0,62.5,2.0,2.0,2.0,4.0,1.0,1.0,1.0,1.0,2.0,,15314.0
TR,Turkey,2020-12-09,-44.0,5.0,-17.0,-30.0,-25.0,12.0,62.5,2.0,2.0,2.0,4.0,1.0,1.0,1.0,1.0,2.0,,15531.0
TR,Turkey,2020-12-10,-41.0,10.0,-9.0,-26.0,-24.0,12.0,62.5,2.0,2.0,2.0,4.0,1.0,1.0,1.0,1.0,2.0,,15751.0
TR,Turkey,2020-12-11,-40.0,29.0,-11.0,-25.0,-25.0,12.0,62.5,2.0,2.0,2.0,4.0,1.0,1.0,1.0,1.0,2.0,,15977.0
TR,Turkey,2020-12-12,-87.0,-62.0,-77.0,-76.0,-59.0,29.0,62.5,2.0,2.0,2.0,4.0,1.0,1.0,1.0,1.0,2.0,,16199.0
TR,Turkey,2020-12-13,-87.0,-64.0,-75.0,-78.0,-55.0,23.0,62.5,2.0,2.0,2.0,4.0,1.0,1.0,1.0,1.0,2.0,,16417.0
TR,Turkey,2020-12-14,-39.0,12.0,-19.0,-26.0,-25.0,10.0,62.5,2.0,2.0,2.0,4.0,1.0,1.0,1.0,1.0,2.0,,16646.0
TR,Turkey,2020-12-15,-40.0,11.0,-22.0,-29.0,-26.0,11.0,62.5,2.0,2.0,2.0,4.0,1.0,1.0,1.0,1.0,2.0,,16881.0
TR,Turkey,2020-12-16,-43.0,10.0,-20.0,-29.0,-24.0,12.0,62.5,2.0,2.0,2.0,4.0,1.0,1.0,1.0,1.0,2.0,,17121.0
TR,Turkey,2020-12-17,-39.0,13.0,-9.0,-26.0,-23.0,12.0,62.5,2.0,2.0,2.0,4.0,1.0,1.0,1.0,1.0,2.0,,17364.0
TR,Turkey,2020-12-18,-38.0,29.0,-9.0,-26.0,-24.0,12.0,62.5,2.0,2.0,2.0,4.0,1.0,1.0,1.0,1.0,2.0,,17610.0
TR,Turkey,2020-12-19,-86.0,-59.0,-75.0,-75.0,-57.0,28.0,62.5,2.0,2.0,2.0,4.0,1.0,1.0,1.0,1.0,2.0,,17851.0
TR,Turkey,2020-12-20,-86.0,-61.0,-72.0,-77.0,-53.0,22.0,62.5,2.0,2.0,2.0,4.0,1.0,1.0,1.0,1.0,2.0,,18097.0
TR,Turkey,2020-12-21,-35.0,17.0,-10.0,-22.0,-23.0,9.0,62.5,2.0,2.0,2.0,4.0,1.0,1.0,1.0,1.0,2.0,,18351.0
TR,Turkey,2020-12-22,-40.0,9.0,-17.0,-26.0,-24.0,11.0,62.5,2.0,2.0,2.0,4.0,1.0,1.0,1.0,1.0,2.0,,18602.0
TR,Turkey,2020-12-23,-43.0,9.0,-20.0,-29.0,-23.0,12.0,62.5,2.0,2.0,2.0,4.0,1.0,1.0,1.0,1.0,2.0,,18861.0
TR,Turkey,2020-12-24,-39.0,13.0,-8.0,-24.0,-21.0,11.0,62.5,2.0,2.0,2.0,4.0,1.0,1.0,1.0,1.0,2.0,,19115.0
TR,Turkey,2020-12-25,-37.0,29.0,-3.0,-22.0,-22.0,12.0,62.5,2.0,2.0,2.0,4.0,1.0,1.0,1.0,1.0,2.0,,19371.0
TR,Turkey,2020-12-26,-84.0,-56.0,-73.0,-73.0,-55.0,28.0,62.5,2.0,2.0,2.0,4.0,1.0,1.0,1.0,1.0,2.0,,19624.0
TR,Turkey,2020-12-27,-85.0,-58.0,-69.0,-75.0,-50.0,22.0,62.5,2.0,2.0,2.0,4.0,1.0,1.0,1.0,1.0,2.0,,19878.0
TR,Turkey,2020-12-28,-32.0,20.0,-7.0,-20.0,-22.0,9.0,62.5,2.0,2.0,2.0,4.0,1.0,1.0,1.0,1.0,2.0,,20135.0
TR,Turkey,2020-12-29,-33.0,21.0,-2.0,-19.0,-23.0,10.0,62.5,2.0,2.0,2.0,4.0,1.0,1.0,1.0,1.0,2.0,,20388.0
TR,Turkey,2020-12-30,-33.0,29.0,0.0,-19.0,-22.0,10.0,65.28,2.0,2.0,2.0,4.0,1.0,1.0,1.0,2.0,2.0,,20642.0
TR,Turkey,2020-12-31,-26.0,54.0,12.0,-16.0,-25.0,9.0,80.09,2.0,2.0,2.0,4.0,1.0,3.0,2.0,2.0,2.0,,20881.0
TR,Turkey,2021-01-01,-88.0,-64.0,-71.0,-81.0,-81.0,38.0,80.09,2.0,2.0,2.0,4.0,1.0,3.0,2.0,2.0,0.0,,21093.0
TR,Turkey,2021-01-02,-86.0,-57.0,-71.0,-77.0,-64.0,29.0,80.09,2.0,2.0,2.0,4.0,1.0,3.0,2.0,2.0,0.0,,21295.0
TR,Turkey,2021-01-03,-85.0,-57.0,-66.0,-74.0,-50.0,21.0,80.09,2.0,2.0,2.0,4.0,1.0,3.0,2.0,2.0,0.0,,21488.0
TR,Turkey,2021-01-04,-33.0,18.0,4.0,-17.0,-20.0,7.0,80.09,2.0,2.0,2.0,4.0,1.0,3.0,2.0,2.0,2.0,,21685.0
TR,Turkey,2021-01-05,-38.0,12.0,-8.0,-21.0,-22.0,10.0,80.09,2.0,2.0,2.0,4.0,1.0,3.0,2.0,2.0,2.0,,21879.0
TR,Turkey,2021-01-06,-39.0,16.0,-7.0,-23.0,-20.0,11.0,65.28,2.0,2.0,2.0,4.0,1.0,1.0,1.0,2.0,2.0,,22070.0
TR,Turkey,2021-01-07,-36.0,16.0,-1.0,-21.0,-19.0,10.0,65.28,2.0,2.0,2.0,4.0,1.0,1.0,1.0,2.0,2.0,,22264.0
TR,Turkey,2021-01-08,-35.0,29.0,0.0,-21.0,-20.0,10.0,65.28,2.0,2.0,2.0,4.0,1.0,1.0,1.0,2.0,2.0,,22450.0
TR,Turkey,2021-01-09,-83.0,-52.0,-73.0,-72.0,-54.0,26.0,65.28,2.0,2.0,2.0,4.0,1.0,1.0,1.0,2.0,2.0,,22631.0
TR,Turkey,2021-01-10,-84.0,-55.0,-71.0,-74.0,-48.0,19.0,65.28,2.0,2.0,2.0,4.0,1.0,1.0,1.0,2.0,2.0,,22807.0
TR,Turkey,2021-01-11,-30.0,24.0,-3.0,-16.0,-19.0,7.0,65.28,2.0,2.0,2.0,4.0,1.0,1.0,1.0,2.0,2.0,,22981.0
TR,Turkey,2021-01-12,-36.0,14.0,-12.0,-22.0,-21.0,8.0,65.28,2.0,2.0,2.0,4.0,1.0,1.0,1.0,2.0,2.0,,23152.0
TR,Turkey,2021-01-13,-43.0,8.0,-29.0,-28.0,-21.0,9.0,65.28,2.0,2.0,2.0,4.0,1.0,1.0,1.0,2.0,2.0,,23325.0
TR,Turkey,2021-01-14,-41.0,7.0,-24.0,-28.0,-22.0,8.0,65.28,2.0,2.0,2.0,4.0,1.0,1.0,1.0,2.0,2.0,,23495.0
TR,Turkey,2021-01-15,-40.0,18.0,-23.0,-30.0,-25.0,8.0,73.61,2.0,2.0,2.0,4.0,2.0,1.0,2.0,3.0,2.0,,23664.0
TR,Turkey,2021-01-16,-84.0,-54.0,-75.0,-74.0,-56.0,23.0,73.61,2.0,2.0,2.0,4.0,2.0,1.0,2.0,3.0,2.0,,23832.0
TR,Turkey,2021-01-17,-84.0,-57.0,-71.0,-75.0,-52.0,18.0,73.61,2.0,2.0,2.0,4.0,2.0,1.0,2.0,3.0,2.0,,23997.0
TR,Turkey,2021-01-18,-38.0,9.0,-24.0,-26.0,-26.0,8.0,73.61,2.0,2.0,2.0,4.0,2.0,1.0,2.0,3.0,2.0,,24161.0
TR,Turkey,2021-01-19,-41.0,5.0,-30.0,-29.0,-26.0,9.0,73.61,2.0,2.0,2.0,4.0,2.0,1.0,2.0,3.0,2.0,,24328.0
TR,Turkey,2021-01-20,-43.0,6.0,-31.0,-29.0,-24.0,9.0,73.61,2.0,2.0,2.0,4.0,2.0,1.0,2.0,3.0,2.0,,24487.0
TR,Turkey,2021-01-21,-39.0,11.0,-19.0,-24.0,-22.0,9.0,73.61,2.0,2.0,2.0,4.0,2.0,1.0,2.0,3.0,2.0,,24640.0
TR,Turkey,2021-01-22,-37.0,23.0,-13.0,-21.0,-23.0,8.0,73.61,2.0,2.0,2.0,4.0,2.0,1.0,2.0,3.0,2.0,,24789.0
TR,Turkey,2021-01-23,-81.0,-48.0,-70.0,-69.0,-53.0,23.0,73.61,2.0,2.0,2.0,4.0,2.0,1.0,2.0,3.0,2.0,,24933.0
TR,Turkey,2021-01-24,-82.0,-52.0,-67.0,-72.0,-47.0,18.0,73.61,2.0,2.0,2.0,4.0,2.0,1.0,2.0,3.0,2.0,,25073.0
TR,Turkey,2021-01-25,-32.0,17.0,-18.0,-19.0,-22.0,6.0,64.35,2.0,2.0,2.0,4.0,1.0,1.0,1.0,3.0,2.0,,25210.0
TR,Turkey,2021-01-26,-35.0,14.0,-18.0,-21.0,-23.0,6.0,69.91,2.0,2.0,2.0,4.0,2.0,1.0,1.0,3.0,2.0,,25344.0
TR,Turkey,2021-01-27,-43.0,5.0,-34.0,-30.0,-22.0,8.0,69.91,2.0,2.0,2.0,4.0,2.0,1.0,1.0,3.0,2.0,,25476.0
TR,Turkey,2021-01-28,-37.0,15.0,-17.0,-22.0,-20.0,7.0,69.91,2.0,2.0,2.0,4.0,2.0,1.0,1.0,3.0,2.0,,25605.0
TR,Turkey,2021-01-29,-36.0,27.0,-15.0,-19.0,-21.0,7.0,69.91,2.0,2.0,2.0,4.0,2.0,1.0,1.0,3.0,2.0,,25736.0
TR,Turkey,2021-01-30,-82.0,-49.0,-74.0,-69.0,-52.0,24.0,73.61,2.0,2.0,2.0,4.0,2.0,2.0,1.0,3.0,2.0,,25865.0
TR,Turkey,2021-01-31,-80.0,-44.0,-63.0,-68.0,-44.0,18.0,73.61,2.0,2.0,2.0,4.0,2.0,2.0,1.0,3.0,2.0,,25993.0
US,United States,2020-02-15,6.0,2.0,15.0,3.0,2.0,-1.0,5.56,0.0,0.0,0.0,0.0,0.0,0.0,0.0,2.0,0.0,14.0,0.0
US,United States,2020-02-16,7.0,1.0,16.0,2.0,0.0,-1.0,5.56,0.0,0.0,0.0,0.0,0.0,0.0,0.0,2.0,0.0,14.0,0.0
US,United States,2020-02-17,6.0,0.0,28.0,-9.0,-24.0,5.0,5.56,0.0,0.0,0.0,0.0,0.0,0.0,0.0,2.0,0.0,14.0,0.0
US,United States,2020-02-18,0.0,-1.0,6.0,1.0,0.0,1.0,5.56,0.0,0.0,0.0,0.0,0.0,0.0,0.0,2.0,0.0,14.0,0.0
US,United States,2020-02-19,2.0,0.0,8.0,1.0,1.0,0.0,5.56,0.0,0.0,0.0,0.0,0.0,0.0,0.0,2.0,0.0,14.0,0.0
US,United States,2020-02-20,1.0,0.0,4.0,0.0,0.0,1.0,5.56,0.0,0.0,0.0,0.0,0.0,0.0,0.0,2.0,0.0,14.0,0.0
US,United States,2020-02-21,2.0,-2.0,4.0,1.0,0.0,0.0,5.56,0.0,0.0,0.0,0.0,0.0,0.0,0.0,2.0,0.0,16.0,0.0
US,United States,2020-02-22,7.0,3.0,23.0,5.0,4.0,-1.0,5.56,0.0,0.0,0.0,0.0,0.0,0.0,0.0,2.0,0.0,16.0,0.0
US,United States,2020-02-23,7.0,3.0,23.0,5.0,2.0,-1.0,5.56,0.0,0.0,0.0,0.0,0.0,0.0,0.0,2.0,0.0,16.0,0.0
US,United States,2020-02-24,2.0,1.0,9.0,1.0,3.0,0.0,5.56,0.0,0.0,0.0,0.0,0.0,0.0,0.0,2.0,0.0,16.0,0.0
US,United States,2020-02-25,4.0,1.0,9.0,2.0,2.0,0.0,5.56,0.0,0.0,0.0,0.0,0.0,0.0,0.0,2.0,0.0,16.0,0.0
US,United States,2020-02-26,7.0,2.0,5.0,3.0,2.0,-1.0,5.56,0.0,0.0,0.0,0.0,0.0,0.0,0.0,2.0,0.0,16.0,0.0
US,United States,2020-02-27,8.0,3.0,12.0,4.0,2.0,0.0,5.56,0.0,0.0,0.0,0.0,0.0,0.0,0.0,2.0,0.0,17.0,0.0
US,United States,2020-02-28,8.0,3.0,10.0,5.0,2.0,-1.0,5.56,0.0,0.0,0.0,0.0,0.0,0.0,0.0,2.0,0.0,17.0,0.0
US,United States,2020-02-29,12.0,7.0,21.0,7.0,4.0,-2.0,5.56,0.0,0.0,0.0,0.0,0.0,0.0,0.0,2.0,0.0,25.0,1.0
US,United States,2020-03-01,13.0,9.0,18.0,7.0,3.0,-1.0,8.33,0.0,0.0,1.0,0.0,0.0,0.0,0.0,2.0,0.0,32.0,1.0
US,United States,2020-03-02,7.0,6.0,10.0,2.0,3.0,-1.0,11.11,0.0,0.0,1.0,0.0,0.0,0.0,0.0,3.0,0.0,55.0,6.0
US,United States,2020-03-03,11.0,10.0,20.0,3.0,2.0,-1.0,11.11,0.0,0.0,1.0,0.0,0.0,0.0,0.0,3.0,0.0,74.0,7.0
US,United States,2020-03-04,8.0,6.0,17.0,2.0,3.0,-1.0,11.11,0.0,0.0,1.0,0.0,0.0,0.0,0.0,3.0,0.0,107.0,11.0
US,United States,2020-03-05,8.0,7.0,21.0,2.0,3.0,-1.0,20.37,3.0,0.0,1.0,0.0,0.0,0.0,0.0,3.0,0.0,184.0,12.0
US,United States,2020-03-06,5.0,3.0,12.0,2.0,2.0,-1.0,20.37,3.0,0.0,1.0,0.0,0.0,0.0,0.0,3.0,0.0,237.0,14.0
US,United States,2020-03-07,10.0,8.0,29.0,7.0,5.0,-1.0,20.37,3.0,0.0,1.0,0.0,0.0,0.0,0.0,3.0,0.0,403.0,17.0
US,United States,2020-03-08,10.0,7.0,40.0,5.0,2.0,-1.0,20.37,3.0,0.0,1.0,0.0,0.0,0.0,0.0,3.0,0.0,519.0,21.0
US,United States,2020-03-09,6.0,6.0,31.0,-1.0,0.0,0.0,20.37,3.0,0.0,1.0,0.0,0.0,0.0,0.0,3.0,0.0,594.0,22.0
US,United States,2020-03-10,6.0,7.0,18.0,-3.0,-2.0,1.0,20.37,3.0,0.0,1.0,0.0,0.0,0.0,0.0,3.0,0.0,782.0,28.0
US,United States,2020-03-11,8.0,10.0,26.0,-2.0,-1.0,0.0,21.76,3.0,0.0,1.0,1.0,0.0,0.0,0.0,3.0,0.0,1147.0,33.0
US,United States,2020-03-12,6.0,23.0,19.0,-6.0,-3.0,1.0,30.09,3.0,0.0,2.0,2.0,0.0,0.0,0.0,3.0,0.0,1586.0,43.0
US,United States,2020-03-13,2.0,26.0,4.0,-10.0,-7.0,3.0,30.09,3.0,0.0,2.0,2.0,0.0,0.0,0.0,3.0,0.0,2219.0,51.0
US,United States,2020-03-14,-6.0,18.0,3.0,-10.0,-1.0,3.0,35.65,3.0,0.0,2.0,2.0,0.0,0.0,1.0,3.0,0.0,2978.0,58.0
US,United States,2020-03-15,-9.0,12.0,5.0,-13.0,-7.0,3.0,41.2,3.0,0.0,2.0,2.0,0.0,2.0,1.0,3.0,0.0,3212.0,70.0
US,United States,2020-03-16,-8.0,21.0,-1.0,-22.0,-20.0,8.0,52.31,3.0,0.0,2.0,2.0,0.0,2.0,1.0,3.0,0.0,4679.0,97.0
US,United States,2020-03-17,-18.0,14.0,8.0,-26.0,-27.0,11.0,55.09,3.0,0.0,2.0,2.0,1.0,2.0,1.0,3.0,0.0,6512.0,134.0
US,United States,2020-03-18,-24.0,8.0,6.0,-30.0,-31.0,13.0,55.09,3.0,0.0,2.0,2.0,1.0,2.0,1.0,3.0,0.0,9169.0,194.0
US,United States,2020-03-19,-28.0,7.0,2.0,-36.0,-33.0,15.0,67.13,3.0,3.0,2.0,2.0,1.0,2.0,2.0,3.0,0.0,13663.0,266.0
US,United States,2020-03-20,-32.0,5.0,-2.0,-37.0,-36.0,16.0,67.13,3.0,3.0,2.0,2.0,1.0,2.0,2.0,3.0,0.0,20030.0,372.0
US,United States,2020-03-21,-40.0,-2.0,-3.0,-36.0,-24.0,12.0,72.69,3.0,3.0,2.0,4.0,1.0,2.0,2.0,3.0,0.0,26025.0,475.0
US,United States,2020-03-22,-44.0,-13.0,-12.0,-44.0,-31.0,11.0,72.69,3.0,3.0,2.0,4.0,1.0,2.0,2.0,3.0,0.0,,603.0
US,United States,2020-03-23,-38.0,-10.0,-23.0,-47.0,-41.0,17.0,72.69,3.0,3.0,2.0,4.0,1.0,2.0,2.0,3.0,0.0,,790.0
US,United States,2020-03-24,-39.0,-12.0,-10.0,-46.0,-45.0,19.0,72.69,3.0,3.0,2.0,4.0,1.0,2.0,2.0,3.0,0.0,,1033.0
US,United States,2020-03-25,-40.0,-15.0,-7.0,-47.0,-46.0,19.0,72.69,3.0,3.0,2.0,4.0,1.0,2.0,2.0,3.0,0.0,,1366.0
US,United States,2020-03-26,-40.0,-14.0,3.0,-48.0,-47.0,20.0,72.69,3.0,3.0,2.0,4.0,1.0,2.0,2.0,3.0,0.0,,1783.0
US,United States,2020-03-27,-42.0,-16.0,-7.0,-49.0,-46.0,21.0,72.69,3.0,3.0,2.0,4.0,1.0,2.0,2.0,3.0,2.0,,2305.0
US,United States,2020-03-28,-48.0,-19.0,-25.0,-49.0,-34.0,15.0,72.69,3.0,3.0,2.0,4.0,1.0,2.0,2.0,3.0,2.0,,3018.0
US,United States,2020-03-29,-47.0,-22.0,-19.0,-51.0,-38.0,12.0,72.69,3.0,3.0,2.0,4.0,1.0,2.0,2.0,3.0,2.0,,3573.0
US,United States,2020-03-30,-40.0,-18.0,-15.0,-50.0,-48.0,19.0,72.69,3.0,3.0,2.0,4.0,1.0,2.0,2.0,3.0,2.0,,4280.0
US,United States,2020-03-31,-40.0,-16.0,-16.0,-49.0,-49.0,20.0,72.69,3.0,3.0,2.0,4.0,1.0,2.0,2.0,3.0,2.0,,5359.0
US,United States,2020-04-01,-37.0,-11.0,-7.0,-48.0,-49.0,20.0,72.69,3.0,3.0,2.0,4.0,1.0,2.0,2.0,3.0,2.0,,6611.0
US,United States,2020-04-02,-40.0,-11.0,-9.0,-51.0,-50.0,21.0,72.69,3.0,3.0,2.0,4.0,1.0,2.0,2.0,3.0,2.0,,8142.0
US,United States,2020-04-03,-42.0,-12.0,-21.0,-51.0,-50.0,22.0,72.69,3.0,3.0,2.0,4.0,1.0,2.0,2.0,3.0,2.0,,9562.0
US,United States,2020-04-04,-48.0,-15.0,-24.0,-50.0,-37.0,15.0,72.69,3.0,3.0,2.0,4.0,1.0,2.0,2.0,3.0,2.0,,11165.0
US,United States,2020-04-05,-49.0,-20.0,-20.0,-54.0,-40.0,13.0,72.69,3.0,3.0,2.0,4.0,1.0,2.0,2.0,3.0,2.0,,12781.0
US,United States,2020-04-06,-42.0,-16.0,-10.0,-52.0,-50.0,20.0,72.69,3.0,3.0,2.0,4.0,1.0,2.0,2.0,3.0,2.0,,14523.0
US,United States,2020-04-07,-42.0,-14.0,-2.0,-51.0,-51.0,21.0,72.69,3.0,3.0,2.0,4.0,1.0,2.0,2.0,3.0,2.0,,17099.0
US,United States,2020-04-08,-42.0,-15.0,-6.0,-51.0,-51.0,21.0,72.69,3.0,3.0,2.0,4.0,1.0,2.0,2.0,3.0,2.0,,19249.0
US,United States,2020-04-09,-43.0,-13.0,-21.0,-54.0,-52.0,22.0,72.69,3.0,3.0,2.0,4.0,1.0,2.0,2.0,3.0,2.0,,21463.0
US,United States,2020-04-10,-43.0,-13.0,-21.0,-54.0,-56.0,24.0,72.69,3.0,3.0,2.0,4.0,1.0,2.0,2.0,3.0,2.0,,23650.0
US,United States,2020-04-11,-45.0,-7.0,-16.0,-49.0,-38.0,14.0,72.69,3.0,3.0,2.0,4.0,1.0,2.0,2.0,3.0,2.0,,25786.0
US,United States,2020-04-12,-63.0,-39.0,-36.0,-56.0,-45.0,13.0,72.69,3.0,3.0,2.0,4.0,1.0,2.0,2.0,3.0,2.0,,27675.0
US,United States,2020-04-13,-45.0,-22.0,-31.0,-55.0,-51.0,21.0,72.69,3.0,3.0,2.0,4.0,1.0,2.0,2.0,3.0,2.0,,29660.0
US,United States,2020-04-14,-40.0,-16.0,-15.0,-50.0,-50.0,20.0,72.69,3.0,3.0,2.0,4.0,1.0,2.0,2.0,3.0,2.0,,32133.0
US,United States,2020-04-15,-36.0,-13.0,-16.0,-49.0,-49.0,20.0,72.69,3.0,3.0,2.0,4.0,1.0,2.0,2.0,3.0,2.0,,
US,United States,2020-04-16,-39.0,-13.0,-14.0,-50.0,-49.0,21.0,72.69,3.0,3.0,2.0,4.0,1.0,2.0,2.0,3.0,2.0,,
US,United States,2020-04-17,-42.0,-17.0,-22.0,-51.0,-48.0,22.0,72.69,3.0,3.0,2.0,4.0,1.0,2.0,2.0,3.0,2.0,,
US,United States,2020-04-18,-45.0,-15.0,-20.0,-47.0,-33.0,14.0,72.69,3.0,3.0,2.0,4.0,1.0,2.0,2.0,3.0,2.0,,
US,United States,2020-04-19,-45.0,-19.0,-10.0,-50.0,-37.0,11.0,72.69,3.0,3.0,2.0,4.0,1.0,2.0,2.0,3.0,2.0,,
US,United States,2020-04-20,-39.0,-16.0,-7.0,-49.0,-48.0,19.0,72.69,3.0,3.0,2.0,4.0,1.0,2.0,2.0,3.0,2.0,,
US,United States,2020-04-21,-38.0,-14.0,-8.0,-49.0,-49.0,20.0,72.69,3.0,3.0,2.0,4.0,1.0,2.0,2.0,3.0,2.0,,
US,United States,2020-04-22,-38.0,-14.0,-9.0,-48.0,-49.0,20.0,72.69,3.0,3.0,2.0,4.0,1.0,2.0,2.0,3.0,2.0,,
US,United States,2020-04-23,-40.0,-14.0,-14.0,-50.0,-49.0,21.0,72.69,3.0,3.0,2.0,4.0,1.0,2.0,2.0,3.0,2.0,,
US,United States,2020-04-24,-40.0,-16.0,-14.0,-50.0,-48.0,21.0,72.69,3.0,3.0,2.0,4.0,1.0,2.0,2.0,3.0,2.0,,
US,United States,2020-04-25,-41.0,-11.0,2.0,-42.0,-32.0,12.0,72.69,3.0,3.0,2.0,4.0,1.0,2.0,2.0,3.0,2.0,,
US,United States,2020-04-26,-42.0,-16.0,-11.0,-48.0,-36.0,11.0,72.69,3.0,3.0,2.0,4.0,1.0,2.0,2.0,3.0,2.0,,
US,United States,2020-04-27,-35.0,-13.0,-4.0,-48.0,-46.0,18.0,72.69,3.0,3.0,2.0,4.0,1.0,2.0,2.0,3.0,2.0,,
US,United States,2020-04-28,-34.0,-10.0,6.0,-45.0,-48.0,12.0,72.69,3.0,3.0,2.0,4.0,1.0,2.0,2.0,3.0,2.0,,
US,United States,2020-04-29,-34.0,-11.0,-7.0,-46.0,-47.0,19.0,72.69,3.0,3.0,2.0,4.0,1.0,2.0,2.0,3.0,2.0,,
US,United States,2020-04-30,-34.0,-9.0,-7.0,-47.0,-47.0,19.0,72.69,3.0,3.0,2.0,4.0,1.0,2.0,2.0,3.0,2.0,,
US,United States,2020-05-01,-32.0,-7.0,7.0,-43.0,-45.0,18.0,72.69,3.0,3.0,2.0,4.0,1.0,2.0,2.0,3.0,2.0,,
US,United States,2020-05-02,-34.0,-4.0,28.0,-35.0,-29.0,10.0,72.69,3.0,3.0,2.0,4.0,1.0,2.0,2.0,3.0,2.0,,
US,United States,2020-05-03,-34.0,-8.0,22.0,-40.0,-31.0,8.0,72.69,3.0,3.0,2.0,4.0,1.0,2.0,2.0,3.0,2.0,,
US,United States,2020-05-04,-29.0,-7.0,5.0,-44.0,-44.0,16.0,72.69,3.0,3.0,2.0,4.0,1.0,2.0,2.0,3.0,2.0,,
US,United States,2020-05-05,-28.0,-3.0,5.0,-43.0,-45.0,17.0,72.69,3.0,3.0,2.0,4.0,1.0,2.0,2.0,3.0,2.0,,
US,United States,2020-05-06,-29.0,-6.0,6.0,-43.0,-44.0,17.0,72.69,3.0,3.0,2.0,4.0,1.0,2.0,2.0,3.0,2.0,,
US,United States,2020-05-07,-29.0,-3.0,21.0,-42.0,-44.0,17.0,72.69,3.0,3.0,2.0,4.0,1.0,2.0,2.0,3.0,2.0,,
US,United States,2020-05-08,-32.0,-5.0,-2.0,-43.0,-43.0,18.0,72.69,3.0,3.0,2.0,4.0,1.0,2.0,2.0,3.0,2.0,,
US,United States,2020-05-09,-30.0,7.0,9.0,-35.0,-26.0,9.0,72.69,3.0,3.0,2.0,4.0,1.0,2.0,2.0,3.0,2.0,,
US,United States,2020-05-10,-30.0,1.0,6.0,-37.0,-27.0,7.0,72.69,3.0,3.0,2.0,4.0,1.0,2.0,2.0,3.0,2.0,,
US,United States,2020-05-11,-31.0,-11.0,-3.0,-44.0,-42.0,16.0,72.69,3.0,3.0,2.0,4.0,1.0,2.0,2.0,3.0,2.0,,
US,United States,2020-05-12,-28.0,-6.0,10.0,-41.0,-43.0,16.0,72.69,3.0,3.0,2.0,4.0,1.0,2.0,2.0,3.0,2.0,,
US,United States,2020-05-13,-26.0,-5.0,18.0,-40.0,-42.0,16.0,72.69,3.0,3.0,2.0,4.0,1.0,2.0,2.0,3.0,2.0,,
US,United States,2020-05-14,-28.0,-5.0,17.0,-42.0,-43.0,17.0,72.69,3.0,3.0,2.0,4.0,1.0,2.0,2.0,3.0,2.0,,
US,United States,2020-05-15,-29.0,-7.0,21.0,-40.0,-42.0,16.0,72.69,3.0,3.0,2.0,4.0,1.0,2.0,2.0,3.0,2.0,,
US,United States,2020-05-16,-30.0,-3.0,32.0,-34.0,-24.0,9.0,72.69,3.0,3.0,2.0,4.0,1.0,2.0,2.0,3.0,2.0,,
US,United States,2020-05-17,-30.0,-8.0,17.0,-39.0,-25.0,8.0,72.69,3.0,3.0,2.0,4.0,1.0,2.0,2.0,3.0,2.0,,
US,United States,2020-05-18,-26.0,-8.0,2.0,-43.0,-40.0,15.0,72.69,3.0,3.0,2.0,4.0,1.0,2.0,2.0,3.0,2.0,,
US,United States,2020-05-19,-24.0,-4.0,15.0,-40.0,-41.0,15.0,72.69,3.0,3.0,2.0,4.0,1.0,2.0,2.0,3.0,2.0,,
US,United States,2020-05-20,-22.0,-3.0,23.0,-38.0,-41.0,15.0,72.69,3.0,3.0,2.0,4.0,1.0,2.0,2.0,3.0,2.0,,
US,United States,2020-05-21,-22.0,-1.0,31.0,-37.0,-41.0,15.0,72.69,3.0,3.0,2.0,4.0,1.0,2.0,2.0,3.0,2.0,,
US,United States,2020-05-22,-24.0,-2.0,31.0,-36.0,-41.0,15.0,72.69,3.0,3.0,2.0,4.0,1.0,2.0,2.0,3.0,2.0,,
US,United States,2020-05-23,-27.0,0.0,43.0,-30.0,-21.0,7.0,72.69,3.0,3.0,2.0,4.0,1.0,2.0,2.0,3.0,2.0,,
US,United States,2020-05-24,-25.0,-2.0,57.0,-33.0,-24.0,5.0,72.69,3.0,3.0,2.0,4.0,1.0,2.0,2.0,3.0,2.0,,
US,United States,2020-05-25,-28.0,-8.0,60.0,-48.0,-72.0,20.0,72.69,3.0,3.0,2.0,4.0,1.0,2.0,2.0,3.0,2.0,,
US,United States,2020-05-26,-22.0,-3.0,28.0,-37.0,-39.0,14.0,72.69,3.0,3.0,2.0,4.0,1.0,2.0,2.0,3.0,2.0,,
US,United States,2020-05-27,-21.0,-4.0,32.0,-37.0,-38.0,14.0,72.69,3.0,3.0,2.0,4.0,1.0,2.0,2.0,3.0,2.0,,
US,United States,2020-05-28,-21.0,-2.0,26.0,-37.0,-38.0,14.0,72.69,3.0,3.0,2.0,4.0,1.0,2.0,2.0,3.0,2.0,,
US,United States,2020-05-29,-23.0,-5.0,29.0,-36.0,-37.0,14.0,72.69,3.0,3.0,2.0,4.0,1.0,2.0,2.0,3.0,2.0,,
US,United States,2020-05-30,-24.0,-1.0,48.0,-26.0,-12.0,6.0,72.69,3.0,3.0,2.0,4.0,1.0,2.0,2.0,3.0,2.0,,
US,United States,2020-05-31,-23.0,-4.0,47.0,-30.0,-16.0,5.0,72.69,3.0,3.0,2.0,4.0,1.0,2.0,2.0,3.0,2.0,,
US,United States,2020-06-01,-18.0,-2.0,28.0,-36.0,-37.0,12.0,72.69,3.0,3.0,2.0,4.0,1.0,2.0,2.0,3.0,2.0,,
US,United States,2020-06-02,-18.0,0.0,35.0,-36.0,-37.0,13.0,72.69,3.0,3.0,2.0,4.0,1.0,2.0,2.0,3.0,2.0,,
US,United States,2020-06-03,-16.0,1.0,33.0,-35.0,-37.0,13.0,72.69,3.0,3.0,2.0,4.0,1.0,2.0,2.0,3.0,2.0,,
US,United States,2020-06-04,-18.0,1.0,40.0,-35.0,-37.0,13.0,72.69,3.0,3.0,2.0,4.0,1.0,2.0,2.0,3.0,2.0,,
US,United States,2020-06-05,-20.0,-2.0,34.0,-34.0,-36.0,13.0,72.69,3.0,3.0,2.0,4.0,1.0,2.0,2.0,3.0,2.0,,
US,United States,2020-06-06,-21.0,1.0,51.0,-25.0,-13.0,5.0,72.69,3.0,3.0,2.0,4.0,1.0,2.0,2.0,3.0,2.0,,
US,United States,2020-06-07,-19.0,-2.0,53.0,-28.0,-16.0,4.0,72.69,3.0,3.0,2.0,4.0,1.0,2.0,2.0,3.0,2.0,,
US,United States,2020-06-08,-16.0,-2.0,39.0,-34.0,-36.0,11.0,72.69,3.0,3.0,2.0,4.0,1.0,2.0,2.0,3.0,2.0,,
US,United States,2020-06-09,-16.0,-1.0,36.0,-34.0,-36.0,12.0,72.69,3.0,3.0,2.0,4.0,1.0,2.0,2.0,3.0,2.0,,
US,United States,2020-06-10,-14.0,-1.0,40.0,-33.0,-36.0,12.0,72.69,3.0,3.0,2.0,4.0,1.0,2.0,2.0,3.0,2.0,,
US,United States,2020-06-11,-15.0,0.0,49.0,-33.0,-36.0,12.0,72.69,3.0,3.0,2.0,4.0,1.0,2.0,2.0,3.0,2.0,,
US,United States,2020-06-12,-17.0,-1.0,57.0,-30.0,-35.0,11.0,72.69,3.0,3.0,2.0,4.0,1.0,2.0,2.0,3.0,2.0,,
US,United States,2020-06-13,-18.0,2.0,74.0,-20.0,-10.0,4.0,72.69,3.0,3.0,2.0,4.0,1.0,2.0,2.0,3.0,2.0,,
US,United States,2020-06-14,-16.0,-2.0,68.0,-23.0,-13.0,3.0,72.69,3.0,3.0,2.0,4.0,1.0,2.0,2.0,3.0,2.0,,
US,United States,2020-06-15,-14.0,-2.0,45.0,-32.0,-35.0,11.0,68.98,3.0,2.0,2.0,4.0,1.0,2.0,2.0,3.0,2.0,,
US,United States,2020-06-16,-13.0,1.0,57.0,-31.0,-36.0,11.0,68.98,3.0,2.0,2.0,4.0,1.0,2.0,2.0,3.0,2.0,,
US,United States,2020-06-17,-12.0,0.0,58.0,-31.0,-36.0,11.0,68.98,3.0,2.0,2.0,4.0,1.0,2.0,2.0,3.0,2.0,,
US,United States,2020-06-18,-13.0,1.0,59.0,-31.0,-36.0,11.0,68.98,3.0,2.0,2.0,4.0,1.0,2.0,2.0,3.0,2.0,,
US,United States,2020-06-19,-15.0,0.0,60.0,-28.0,-36.0,9.0,68.98,3.0,2.0,2.0,4.0,1.0,2.0,2.0,3.0,2.0,,
US,United States,2020-06-20,-17.0,6.0,69.0,-20.0,-11.0,3.0,68.98,3.0,2.0,2.0,4.0,1.0,2.0,2.0,3.0,2.0,,
US,United States,2020-06-21,-17.0,2.0,59.0,-23.0,-13.0,2.0,68.98,3.0,2.0,2.0,4.0,1.0,2.0,2.0,3.0,2.0,,
US,United States,2020-06-22,-16.0,-5.0,43.0,-32.0,-38.0,11.0,68.98,3.0,2.0,2.0,4.0,1.0,2.0,2.0,3.0,2.0,,
US,United States,2020-06-23,-13.0,0.0,54.0,-30.0,-38.0,11.0,68.98,3.0,2.0,2.0,4.0,1.0,2.0,2.0,3.0,2.0,,
US,United States,2020-06-24,-12.0,-1.0,57.0,-30.0,-36.0,11.0,68.98,3.0,2.0,2.0,4.0,1.0,2.0,2.0,3.0,2.0,,
US,United States,2020-06-25,-13.0,1.0,64.0,-29.0,-36.0,11.0,68.98,3.0,2.0,2.0,4.0,1.0,2.0,2.0,3.0,2.0,,
US,United States,2020-06-26,-17.0,-3.0,57.0,-28.0,-36.0,11.0,68.98,3.0,2.0,2.0,4.0,1.0,2.0,2.0,3.0,2.0,,
US,United States,2020-06-27,-19.0,-1.0,62.0,-20.0,-12.0,4.0,68.98,3.0,2.0,2.0,4.0,1.0,2.0,2.0,3.0,2.0,,
US,United States,2020-06-28,-17.0,-4.0,55.0,-22.0,-12.0,3.0,68.98,3.0,2.0,2.0,4.0,1.0,2.0,2.0,3.0,2.0,,
US,United States,2020-06-29,-13.0,-3.0,46.0,-31.0,-36.0,10.0,68.98,3.0,2.0,2.0,4.0,1.0,2.0,2.0,3.0,2.0,,
US,United States,2020-06-30,-10.0,1.0,50.0,-30.0,-37.0,11.0,68.98,3.0,2.0,2.0,4.0,1.0,2.0,2.0,3.0,2.0,,
US,United States,2020-07-01,-7.0,4.0,54.0,-27.0,-37.0,10.0,68.98,3.0,2.0,2.0,4.0,1.0,2.0,2.0,3.0,2.0,,
US,United States,2020-07-02,-4.0,11.0,77.0,-24.0,-39.0,10.0,68.98,3.0,2.0,2.0,4.0,1.0,2.0,2.0,3.0,2.0,,
US,United States,2020-07-03,-10.0,11.0,86.0,-30.0,-57.0,14.0,68.98,3.0,2.0,2.0,4.0,1.0,2.0,2.0,3.0,2.0,,
US,United States,2020-07-04,-35.0,-2.0,81.0,-30.0,-28.0,5.0,68.98,3.0,2.0,2.0,4.0,1.0,2.0,2.0,3.0,2.0,,
US,United States,2020-07-05,-22.0,-10.0,53.0,-23.0,-19.0,3.0,68.98,3.0,2.0,2.0,4.0,1.0,2.0,2.0,3.0,2.0,,
US,United States,2020-07-06,-13.0,-2.0,48.0,-30.0,-41.0,11.0,68.98,3.0,2.0,2.0,4.0,1.0,2.0,2.0,3.0,2.0,,
US,United States,2020-07-07,-13.0,0.0,51.0,-29.0,-39.0,11.0,68.98,3.0,2.0,2.0,4.0,1.0,2.0,2.0,3.0,2.0,,
US,United States,2020-07-08,-12.0,-1.0,52.0,-30.0,-37.0,11.0,68.98,3.0,2.0,2.0,4.0,1.0,2.0,2.0,3.0,2.0,,
US,United States,2020-07-09,-13.0,1.0,59.0,-30.0,-38.0,11.0,68.98,3.0,2.0,2.0,4.0,1.0,2.0,2.0,3.0,2.0,,
US,United States,2020-07-10,-18.0,-4.0,43.0,-31.0,-37.0,11.0,68.98,3.0,2.0,2.0,4.0,1.0,2.0,2.0,3.0,2.0,,
US,United States,2020-07-11,-19.0,0.0,62.0,-21.0,-12.0,4.0,68.98,3.0,2.0,2.0,4.0,1.0,2.0,2.0,3.0,2.0,,
US,United States,2020-07-12,-17.0,-3.0,64.0,-23.0,-15.0,3.0,68.98,3.0,2.0,2.0,4.0,1.0,2.0,2.0,3.0,2.0,,
US,United States,2020-07-13,-13.0,-2.0,53.0,-31.0,-38.0,10.0,68.98,3.0,2.0,2.0,4.0,1.0,2.0,2.0,3.0,2.0,,
US,United States,2020-07-14,-12.0,0.0,59.0,-31.0,-38.0,11.0,68.98,3.0,2.0,2.0,4.0,1.0,2.0,2.0,3.0,2.0,,
US,United States,2020-07-15,-12.0,-1.0,56.0,-31.0,-37.0,11.0,68.98,3.0,2.0,2.0,4.0,1.0,2.0,2.0,3.0,2.0,,
US,United States,2020-07-16,-13.0,0.0,62.0,-31.0,-37.0,11.0,68.98,3.0,2.0,2.0,4.0,1.0,2.0,2.0,3.0,2.0,,
US,United States,2020-07-17,-17.0,-3.0,54.0,-29.0,-37.0,11.0,68.98,3.0,2.0,2.0,4.0,1.0,2.0,2.0,3.0,2.0,,
US,United States,2020-07-18,-19.0,-1.0,74.0,-21.0,-13.0,4.0,68.98,3.0,2.0,2.0,4.0,1.0,2.0,2.0,3.0,2.0,,
US,United States,2020-07-19,-17.0,-4.0,60.0,-24.0,-16.0,3.0,68.98,3.0,2.0,2.0,4.0,1.0,2.0,2.0,3.0,2.0,,
US,United States,2020-07-20,-14.0,-4.0,51.0,-32.0,-38.0,10.0,67.13,3.0,2.0,2.0,4.0,1.0,1.0,2.0,3.0,2.0,,
US,United States,2020-07-21,-13.0,-2.0,54.0,-32.0,-38.0,11.0,67.13,3.0,2.0,2.0,4.0,1.0,1.0,2.0,3.0,2.0,,
US,United States,2020-07-22,-13.0,-3.0,47.0,-32.0,-37.0,11.0,67.13,3.0,2.0,2.0,4.0,1.0,1.0,2.0,3.0,2.0,,
US,United States,2020-07-23,-14.0,-2.0,55.0,-31.0,-37.0,11.0,67.13,3.0,2.0,2.0,4.0,1.0,1.0,2.0,3.0,2.0,,
US,United States,2020-07-24,-17.0,-4.0,55.0,-30.0,-37.0,11.0,67.13,3.0,2.0,2.0,4.0,1.0,1.0,2.0,3.0,2.0,,
US,United States,2020-07-25,-19.0,-2.0,77.0,-21.0,-13.0,4.0,67.13,3.0,2.0,2.0,4.0,1.0,1.0,2.0,3.0,2.0,,
US,United States,2020-07-26,-17.0,-5.0,65.0,-24.0,-16.0,3.0,67.13,3.0,2.0,2.0,4.0,1.0,1.0,2.0,3.0,2.0,,
US,United States,2020-07-27,-14.0,-4.0,48.0,-32.0,-38.0,10.0,67.13,3.0,2.0,2.0,4.0,1.0,1.0,2.0,3.0,2.0,,
US,United States,2020-07-28,-14.0,-3.0,53.0,-32.0,-38.0,11.0,67.13,3.0,2.0,2.0,4.0,1.0,1.0,2.0,3.0,2.0,,
US,United States,2020-07-29,-13.0,-3.0,56.0,-31.0,-38.0,10.0,67.13,3.0,2.0,2.0,4.0,1.0,1.0,2.0,3.0,2.0,,
US,United States,2020-07-30,-13.0,-2.0,56.0,-31.0,-38.0,11.0,67.13,3.0,2.0,2.0,4.0,1.0,1.0,2.0,3.0,2.0,,
US,United States,2020-07-31,-14.0,-2.0,56.0,-28.0,-37.0,10.0,67.13,3.0,2.0,2.0,4.0,1.0,1.0,2.0,3.0,2.0,,
US,United States,2020-08-01,-17.0,0.0,69.0,-20.0,-14.0,4.0,67.13,3.0,2.0,2.0,4.0,1.0,1.0,2.0,3.0,2.0,,
US,United States,2020-08-02,-16.0,-4.0,52.0,-24.0,-17.0,3.0,67.13,3.0,2.0,2.0,4.0,1.0,1.0,2.0,3.0,2.0,,
US,United States,2020-08-03,-12.0,-1.0,47.0,-31.0,-38.0,10.0,67.13,3.0,2.0,2.0,4.0,1.0,1.0,2.0,3.0,2.0,,
US,United States,2020-08-04,-13.0,-3.0,48.0,-33.0,-39.0,11.0,67.13,3.0,2.0,2.0,4.0,1.0,1.0,2.0,3.0,2.0,,
US,United States,2020-08-05,-11.0,-2.0,61.0,-30.0,-37.0,10.0,67.13,3.0,2.0,2.0,4.0,1.0,1.0,2.0,3.0,2.0,,
US,United States,2020-08-06,-13.0,-2.0,62.0,-30.0,-37.0,10.0,67.13,3.0,2.0,2.0,4.0,1.0,1.0,2.0,3.0,2.0,,
US,United States,2020-08-07,-15.0,-5.0,57.0,-29.0,-37.0,10.0,67.13,3.0,2.0,2.0,4.0,1.0,1.0,2.0,3.0,2.0,,
US,United States,2020-08-08,-17.0,-1.0,79.0,-20.0,-13.0,3.0,67.13,3.0,2.0,2.0,4.0,1.0,1.0,2.0,3.0,2.0,,
US,United States,2020-08-09,-15.0,-4.0,66.0,-22.0,-16.0,2.0,67.13,3.0,2.0,2.0,4.0,1.0,1.0,2.0,3.0,2.0,,
US,United States,2020-08-10,-14.0,-5.0,47.0,-32.0,-38.0,9.0,67.13,3.0,2.0,2.0,4.0,1.0,1.0,2.0,3.0,2.0,,
US,United States,2020-08-11,-13.0,-3.0,57.0,-31.0,-38.0,10.0,67.13,3.0,2.0,2.0,4.0,1.0,1.0,2.0,3.0,2.0,,
US,United States,2020-08-12,-13.0,-4.0,51.0,-32.0,-37.0,10.0,67.13,3.0,2.0,2.0,4.0,1.0,1.0,2.0,3.0,2.0,,
US,United States,2020-08-13,-14.0,-3.0,53.0,-31.0,-37.0,10.0,67.13,3.0,2.0,2.0,4.0,1.0,1.0,2.0,3.0,2.0,,
US,United States,2020-08-14,-16.0,-5.0,53.0,-29.0,-37.0,10.0,67.13,3.0,2.0,2.0,4.0,1.0,1.0,2.0,3.0,2.0,,
US,United States,2020-08-15,-18.0,-2.0,67.0,-21.0,-14.0,3.0,67.13,3.0,2.0,2.0,4.0,1.0,1.0,2.0,3.0,2.0,,
US,United States,2020-08-16,-16.0,-5.0,48.0,-24.0,-17.0,3.0,67.13,3.0,2.0,2.0,4.0,1.0,1.0,2.0,3.0,2.0,,
US,United States,2020-08-17,-15.0,-6.0,42.0,-32.0,-38.0,9.0,67.13,3.0,2.0,2.0,4.0,1.0,1.0,2.0,3.0,2.0,,
US,United States,2020-08-18,-14.0,-4.0,50.0,-32.0,-36.0,10.0,67.13,3.0,2.0,2.0,4.0,1.0,1.0,2.0,3.0,2.0,,
US,United States,2020-08-19,-14.0,-5.0,44.0,-32.0,-36.0,10.0,67.13,3.0,2.0,2.0,4.0,1.0,1.0,2.0,3.0,2.0,,
US,United States,2020-08-20,-14.0,-4.0,53.0,-31.0,-36.0,10.0,67.13,3.0,2.0,2.0,4.0,1.0,1.0,2.0,3.0,2.0,,
US,United States,2020-08-21,-16.0,-6.0,48.0,-29.0,-36.0,9.0,67.13,3.0,2.0,2.0,4.0,1.0,1.0,2.0,3.0,2.0,,
US,United States,2020-08-22,-17.0,-2.0,66.0,-21.0,-12.0,3.0,67.13,3.0,2.0,2.0,4.0,1.0,1.0,2.0,3.0,2.0,,
US,United States,2020-08-23,-16.0,-5.0,50.0,-23.0,-15.0,3.0,67.13,3.0,2.0,2.0,4.0,1.0,1.0,2.0,3.0,2.0,,
US,United States,2020-08-24,-16.0,-7.0,32.0,-33.0,-36.0,10.0,67.13,3.0,2.0,2.0,4.0,1.0,1.0,2.0,3.0,2.0,,
US,United States,2020-08-25,-15.0,-4.0,37.0,-33.0,-37.0,10.0,67.13,3.0,2.0,2.0,4.0,1.0,1.0,2.0,3.0,2.0,,
US,United States,2020-08-26,-14.0,-5.0,42.0,-32.0,-35.0,10.0,67.13,3.0,2.0,2.0,4.0,1.0,1.0,2.0,3.0,2.0,,
US,United States,2020-08-27,-16.0,-6.0,41.0,-32.0,-36.0,10.0,67.13,3.0,2.0,2.0,4.0,1.0,1.0,2.0,3.0,2.0,,
US,United States,2020-08-28,-17.0,-8.0,37.0,-30.0,-35.0,9.0,67.13,3.0,2.0,2.0,4.0,1.0,1.0,2.0,3.0,2.0,,
US,United States,2020-08-29,-17.0,-4.0,49.0,-23.0,-13.0,4.0,67.13,3.0,2.0,2.0,4.0,1.0,1.0,2.0,3.0,2.0,,
US,United States,2020-08-30,-15.0,-6.0,59.0,-22.0,-15.0,2.0,67.13,3.0,2.0,2.0,4.0,1.0,1.0,2.0,3.0,2.0,,
US,United States,2020-08-31,-15.0,-7.0,30.0,-32.0,-35.0,9.0,67.13,3.0,2.0,2.0,4.0,1.0,1.0,2.0,3.0,2.0,,
US,United States,2020-09-01,-12.0,-2.0,36.0,-31.0,-36.0,9.0,67.13,3.0,2.0,2.0,4.0,1.0,1.0,2.0,3.0,2.0,,
US,United States,2020-09-02,-13.0,-5.0,35.0,-32.0,-35.0,9.0,67.13,3.0,2.0,2.0,4.0,1.0,1.0,2.0,3.0,2.0,,
US,United States,2020-09-03,-11.0,-1.0,45.0,-28.0,-35.0,8.0,67.13,3.0,2.0,2.0,4.0,1.0,1.0,2.0,3.0,2.0,,
US,United States,2020-09-04,-13.0,-2.0,55.0,-25.0,-36.0,8.0,67.13,3.0,2.0,2.0,4.0,1.0,1.0,2.0,3.0,2.0,,
US,United States,2020-09-05,-15.0,0.0,81.0,-18.0,-17.0,2.0,67.13,3.0,2.0,2.0,4.0,1.0,1.0,2.0,3.0,2.0,,
US,United States,2020-09-06,-13.0,-3.0,81.0,-24.0,-18.0,1.0,67.13,3.0,2.0,2.0,4.0,1.0,1.0,2.0,3.0,2.0,,
US,United States,2020-09-07,-16.0,-7.0,75.0,-40.0,-71.0,16.0,67.13,3.0,2.0,2.0,4.0,1.0,1.0,2.0,3.0,2.0,,
US,United States,2020-09-08,-16.0,-5.0,24.0,-31.0,-37.0,9.0,67.13,3.0,2.0,2.0,4.0,1.0,1.0,2.0,3.0,2.0,,
US,United States,2020-09-09,-16.0,-7.0,24.0,-32.0,-35.0,9.0,67.13,3.0,2.0,2.0,4.0,1.0,1.0,2.0,3.0,2.0,,
US,United States,2020-09-10,-16.0,-6.0,27.0,-32.0,-35.0,9.0,67.13,3.0,2.0,2.0,4.0,1.0,1.0,2.0,3.0,2.0,,
US,United States,2020-09-11,-17.0,-8.0,35.0,-30.0,-33.0,8.0,67.13,3.0,2.0,2.0,4.0,1.0,1.0,2.0,3.0,2.0,,
US,United States,2020-09-12,-16.0,-4.0,50.0,-22.0,-12.0,3.0,62.5,3.0,2.0,2.0,3.0,1.0,1.0,2.0,3.0,2.0,,
US,United States,2020-09-13,-16.0,-6.0,38.0,-25.0,-15.0,3.0,62.5,3.0,2.0,2.0,3.0,1.0,1.0,2.0,3.0,2.0,,
US,United States,2020-09-14,-16.0,-7.0,30.0,-33.0,-32.0,8.0,62.5,3.0,2.0,2.0,3.0,1.0,1.0,2.0,3.0,2.0,,
US,United States,2020-09-15,-14.0,-5.0,36.0,-32.0,-33.0,9.0,62.5,3.0,2.0,2.0,3.0,1.0,1.0,2.0,3.0,2.0,,
US,United States,2020-09-16,-15.0,-8.0,36.0,-32.0,-33.0,9.0,62.5,3.0,2.0,2.0,3.0,1.0,1.0,2.0,3.0,2.0,,
US,United States,2020-09-17,-16.0,-7.0,34.0,-32.0,-33.0,9.0,62.5,3.0,2.0,2.0,3.0,1.0,1.0,2.0,3.0,2.0,,
US,United States,2020-09-18,-15.0,-7.0,35.0,-30.0,-32.0,8.0,62.5,3.0,2.0,2.0,3.0,1.0,1.0,2.0,3.0,2.0,,
US,United States,2020-09-19,-13.0,-2.0,62.0,-21.0,-11.0,2.0,62.5,3.0,2.0,2.0,3.0,1.0,1.0,2.0,3.0,2.0,,
US,United States,2020-09-20,-14.0,-6.0,46.0,-24.0,-14.0,2.0,62.5,3.0,2.0,2.0,3.0,1.0,1.0,2.0,3.0,2.0,,
US,United States,2020-09-21,-16.0,-8.0,25.0,-33.0,-33.0,9.0,62.5,3.0,2.0,2.0,3.0,1.0,1.0,2.0,3.0,2.0,,
US,United States,2020-09-22,-15.0,-6.0,28.0,-34.0,-33.0,9.0,62.5,3.0,2.0,2.0,3.0,1.0,1.0,2.0,3.0,2.0,,
US,United States,2020-09-23,-15.0,-7.0,27.0,-33.0,-32.0,9.0,62.5,3.0,2.0,2.0,3.0,1.0,1.0,2.0,3.0,2.0,,
US,United States,2020-09-24,-16.0,-7.0,25.0,-33.0,-32.0,9.0,62.5,3.0,2.0,2.0,3.0,1.0,1.0,2.0,3.0,2.0,,
US,United States,2020-09-25,-16.0,-8.0,25.0,-31.0,-31.0,8.0,62.5,3.0,2.0,2.0,3.0,1.0,1.0,2.0,3.0,2.0,,
US,United States,2020-09-26,-15.0,-3.0,52.0,-23.0,-10.0,2.0,62.5,3.0,2.0,2.0,3.0,1.0,1.0,2.0,3.0,2.0,,
US,United States,2020-09-27,-15.0,-7.0,35.0,-25.0,-13.0,2.0,62.5,3.0,2.0,2.0,3.0,1.0,1.0,2.0,3.0,2.0,,
US,United States,2020-09-28,-17.0,-8.0,12.0,-35.0,-32.0,9.0,62.5,3.0,2.0,2.0,3.0,1.0,1.0,2.0,3.0,2.0,,
US,United States,2020-09-29,-16.0,-7.0,11.0,-35.0,-32.0,9.0,62.5,3.0,2.0,2.0,3.0,1.0,1.0,2.0,3.0,2.0,,
US,United States,2020-09-30,-14.0,-5.0,17.0,-33.0,-32.0,8.0,62.5,3.0,2.0,2.0,3.0,1.0,1.0,2.0,3.0,2.0,,
US,United States,2020-10-01,-13.0,-2.0,21.0,-31.0,-30.0,8.0,62.5,3.0,2.0,2.0,3.0,1.0,1.0,2.0,3.0,2.0,,
US,United States,2020-10-02,-14.0,-5.0,18.0,-29.0,-30.0,8.0,62.5,3.0,2.0,2.0,3.0,1.0,1.0,2.0,3.0,2.0,,
US,United States,2020-10-03,-13.0,-1.0,42.0,-20.0,-11.0,2.0,62.5,3.0,2.0,2.0,3.0,1.0,1.0,2.0,3.0,2.0,,
US,United States,2020-10-04,-14.0,-5.0,25.0,-24.0,-14.0,2.0,62.5,3.0,2.0,2.0,3.0,1.0,1.0,2.0,3.0,2.0,,
US,United States,2020-10-05,-15.0,-5.0,15.0,-32.0,-32.0,8.0,62.5,3.0,2.0,2.0,3.0,1.0,1.0,2.0,3.0,2.0,,
US,United States,2020-10-06,-15.0,-4.0,25.0,-32.0,-32.0,8.0,62.5,3.0,2.0,2.0,3.0,1.0,1.0,2.0,3.0,2.0,,
US,United States,2020-10-07,-15.0,-6.0,24.0,-33.0,-31.0,8.0,62.5,3.0,2.0,2.0,3.0,1.0,1.0,2.0,3.0,2.0,,
US,United States,2020-10-08,-15.0,-5.0,29.0,-31.0,-31.0,9.0,62.5,3.0,2.0,2.0,3.0,1.0,1.0,2.0,3.0,2.0,,
US,United States,2020-10-09,-16.0,-7.0,30.0,-29.0,-31.0,8.0,62.5,3.0,2.0,2.0,3.0,1.0,1.0,2.0,3.0,2.0,,
US,United States,2020-10-10,-16.0,-4.0,46.0,-22.0,-11.0,3.0,62.5,3.0,2.0,2.0,3.0,1.0,1.0,2.0,3.0,2.0,,
US,United States,2020-10-11,-16.0,-7.0,25.0,-25.0,-14.0,3.0,62.5,3.0,2.0,2.0,3.0,1.0,1.0,2.0,3.0,2.0,,
US,United States,2020-10-12,-17.0,-9.0,9.0,-36.0,-37.0,10.0,62.5,3.0,2.0,2.0,3.0,1.0,1.0,2.0,3.0,2.0,,
US,United States,2020-10-13,-17.0,-6.0,18.0,-33.0,-32.0,9.0,66.2,3.0,2.0,2.0,3.0,1.0,2.0,2.0,3.0,2.0,,
US,United States,2020-10-14,-14.0,-6.0,25.0,-31.0,-30.0,9.0,66.2,3.0,2.0,2.0,3.0,1.0,2.0,2.0,3.0,2.0,,
US,United States,2020-10-15,-15.0,-5.0,23.0,-30.0,-31.0,9.0,66.2,3.0,2.0,2.0,3.0,1.0,2.0,2.0,3.0,2.0,,
US,United States,2020-10-16,-17.0,-8.0,8.0,-30.0,-31.0,9.0,66.2,3.0,2.0,2.0,3.0,1.0,2.0,2.0,3.0,2.0,,
US,United States,2020-10-17,-14.0,-3.0,41.0,-20.0,-11.0,3.0,66.2,3.0,2.0,2.0,3.0,1.0,2.0,2.0,3.0,2.0,,
US,United States,2020-10-18,-16.0,-7.0,18.0,-23.0,-14.0,3.0,66.2,3.0,2.0,2.0,3.0,1.0,2.0,2.0,3.0,2.0,,
US,United States,2020-10-19,-18.0,-9.0,4.0,-33.0,-31.0,9.0,66.2,3.0,2.0,2.0,3.0,1.0,2.0,2.0,3.0,2.0,,
US,United States,2020-10-20,-17.0,-7.0,10.0,-32.0,-31.0,9.0,66.2,3.0,2.0,2.0,3.0,1.0,2.0,2.0,3.0,2.0,,
US,United States,2020-10-21,-16.0,-7.0,13.0,-32.0,-30.0,9.0,66.2,3.0,2.0,2.0,3.0,1.0,2.0,2.0,3.0,2.0,,
US,United States,2020-10-22,-16.0,-6.0,20.0,-31.0,-30.0,9.0,66.2,3.0,2.0,2.0,3.0,1.0,2.0,2.0,3.0,2.0,,
US,United States,2020-10-23,-17.0,-8.0,10.0,-30.0,-30.0,9.0,66.2,3.0,2.0,2.0,3.0,1.0,2.0,2.0,3.0,2.0,,
US,United States,2020-10-24,-16.0,-4.0,28.0,-23.0,-10.0,3.0,66.2,3.0,2.0,2.0,3.0,1.0,2.0,2.0,3.0,2.0,,
US,United States,2020-10-25,-18.0,-8.0,1.0,-27.0,-15.0,4.0,66.2,3.0,2.0,2.0,3.0,1.0,2.0,2.0,3.0,2.0,,
US,United States,2020-10-26,-19.0,-9.0,-9.0,-34.0,-31.0,10.0,62.5,3.0,2.0,2.0,3.0,1.0,1.0,2.0,3.0,2.0,,
US,United States,2020-10-27,-17.0,-7.0,1.0,-33.0,-31.0,10.0,62.5,3.0,2.0,2.0,3.0,1.0,1.0,2.0,3.0,2.0,,
US,United States,2020-10-28,-16.0,-7.0,-2.0,-34.0,-30.0,10.0,62.5,3.0,2.0,2.0,3.0,1.0,1.0,2.0,3.0,2.0,,
US,United States,2020-10-29,-17.0,-7.0,-6.0,-35.0,-31.0,10.0,62.5,3.0,2.0,2.0,3.0,1.0,1.0,2.0,3.0,2.0,,
US,United States,2020-10-30,-14.0,-4.0,1.0,-32.0,-30.0,8.0,62.5,3.0,2.0,2.0,3.0,1.0,1.0,2.0,3.0,2.0,,
US,United States,2020-10-31,-16.0,2.0,27.0,-23.0,-10.0,3.0,62.5,3.0,2.0,2.0,3.0,1.0,1.0,2.0,3.0,2.0,,
US,United States,2020-11-01,-18.0,-9.0,-5.0,-29.0,-15.0,4.0,62.5,3.0,2.0,2.0,3.0,1.0,1.0,2.0,3.0,2.0,,
US,United States,2020-11-02,-17.0,-7.0,-6.0,-35.0,-31.0,9.0,62.5,3.0,2.0,2.0,3.0,1.0,1.0,2.0,3.0,2.0,,
US,United States,2020-11-03,-11.0,-2.0,14.0,-34.0,-33.0,9.0,62.5,3.0,2.0,2.0,3.0,1.0,1.0,2.0,3.0,2.0,,
US,United States,2020-11-04,-18.0,-10.0,4.0,-36.0,-30.0,10.0,62.5,3.0,2.0,2.0,3.0,1.0,1.0,2.0,3.0,2.0,,
US,United States,2020-11-05,-18.0,-8.0,7.0,-34.0,-30.0,10.0,62.5,3.0,2.0,2.0,3.0,1.0,1.0,2.0,3.0,2.0,,
US,United States,2020-11-06,-18.0,-10.0,6.0,-33.0,-29.0,9.0,62.5,3.0,2.0,2.0,3.0,1.0,1.0,2.0,3.0,2.0,,
US,United States,2020-11-07,-16.0,-6.0,23.0,-27.0,-10.0,4.0,62.5,3.0,2.0,2.0,3.0,1.0,1.0,2.0,3.0,2.0,,
US,United States,2020-11-08,-17.0,-9.0,13.0,-29.0,-14.0,4.0,62.5,3.0,2.0,2.0,3.0,1.0,1.0,2.0,3.0,2.0,,
US,United States,2020-11-09,-19.0,-9.0,-3.0,-36.0,-31.0,10.0,65.28,3.0,2.0,2.0,3.0,1.0,1.0,2.0,3.0,2.0,,
US,United States,2020-11-10,-18.0,-7.0,-2.0,-35.0,-31.0,10.0,65.28,3.0,2.0,2.0,3.0,1.0,1.0,2.0,3.0,2.0,,
US,United States,2020-11-11,-15.0,-8.0,-10.0,-39.0,-38.0,12.0,65.28,3.0,2.0,2.0,3.0,1.0,1.0,2.0,3.0,2.0,,
US,United States,2020-11-12,-20.0,-9.0,-12.0,-37.0,-32.0,11.0,65.28,3.0,2.0,2.0,3.0,1.0,1.0,2.0,3.0,2.0,,
US,United States,2020-11-13,-19.0,-9.0,-11.0,-35.0,-30.0,11.0,65.28,3.0,2.0,2.0,3.0,1.0,1.0,2.0,3.0,2.0,,
US,United States,2020-11-14,-18.0,-6.0,2.0,-29.0,-10.0,5.0,65.28,3.0,2.0,2.0,3.0,1.0,1.0,2.0,3.0,2.0,,
US,United States,2020-11-15,-19.0,-9.0,-8.0,-32.0,-15.0,5.0,65.28,3.0,2.0,2.0,3.0,1.0,1.0,2.0,3.0,2.0,,
US,United States,2020-11-16,-20.0,-8.0,-10.0,-37.0,-31.0,10.0,75.46,3.0,3.0,2.0,4.0,1.0,2.0,2.0,3.0,2.0,,
US,United States,2020-11-17,-20.0,-7.0,-12.0,-37.0,-32.0,11.0,75.46,3.0,3.0,2.0,4.0,1.0,2.0,2.0,3.0,2.0,,
US,United States,2020-11-18,-19.0,-7.0,-13.0,-37.0,-32.0,11.0,75.46,3.0,3.0,2.0,4.0,1.0,2.0,2.0,3.0,2.0,,
US,United States,2020-11-19,-19.0,-6.0,-6.0,-36.0,-31.0,11.0,75.46,3.0,3.0,2.0,4.0,1.0,2.0,2.0,3.0,2.0,,
US,United States,2020-11-20,-20.0,-8.0,-5.0,-33.0,-30.0,11.0,75.46,3.0,3.0,2.0,4.0,1.0,2.0,2.0,3.0,2.0,,
US,United States,2020-11-21,-20.0,-4.0,4.0,-26.0,-10.0,5.0,75.46,3.0,3.0,2.0,4.0,1.0,2.0,2.0,3.0,2.0,,
US,United States,2020-11-22,-20.0,-7.0,-13.0,-32.0,-14.0,5.0,75.46,3.0,3.0,2.0,4.0,1.0,2.0,2.0,3.0,2.0,,
US,United States,2020-11-23,-16.0,-2.0,-12.0,-37.0,-35.0,11.0,75.46,3.0,3.0,2.0,4.0,1.0,2.0,2.0,3.0,2.0,,
US,United States,2020-11-24,-12.0,6.0,-9.0,-33.0,-36.0,11.0,75.46,3.0,3.0,2.0,4.0,1.0,2.0,2.0,3.0,2.0,,
US,United States,2020-11-25,-3.0,23.0,-7.0,-30.0,-40.0,10.0,75.46,3.0,3.0,2.0,4.0,1.0,2.0,2.0,3.0,2.0,,
US,United States,2020-11-26,-70.0,-30.0,-13.0,-60.0,-81.0,23.0,75.46,3.0,3.0,2.0,4.0,1.0,2.0,2.0,3.0,2.0,,
US,United States,2020-11-27,-26.0,-20.0,2.0,-47.0,-60.0,19.0,75.46,3.0,3.0,2.0,4.0,1.0,2.0,2.0,3.0,2.0,,
US,United States,2020-11-28,-26.0,-15.0,-1.0,-32.0,-18.0,7.0,75.46,3.0,3.0,2.0,4.0,1.0,2.0,2.0,3.0,2.0,,
US,United States,2020-11-29,-23.0,-15.0,-12.0,-28.0,-16.0,6.0,75.46,3.0,3.0,2.0,4.0,1.0,2.0,2.0,3.0,2.0,,
US,United States,2020-11-30,-21.0,-12.0,-27.0,-39.0,-34.0,12.0,75.46,3.0,3.0,2.0,4.0,1.0,2.0,2.0,3.0,2.0,,
US,United States,2020-12-01,-18.0,-5.0,-18.0,-36.0,-33.0,11.0,75.46,3.0,3.0,2.0,4.0,1.0,2.0,2.0,3.0,2.0,,
US,United States,2020-12-02,-19.0,-8.0,-16.0,-38.0,-32.0,11.0,71.76,3.0,2.0,2.0,4.0,1.0,2.0,2.0,3.0,2.0,,
US,United States,2020-12-03,-18.0,-5.0,-13.0,-37.0,-32.0,11.0,71.76,3.0,2.0,2.0,4.0,1.0,2.0,2.0,3.0,2.0,,
US,United States,2020-12-04,-20.0,-9.0,-17.0,-38.0,-30.0,12.0,71.76,3.0,2.0,2.0,4.0,1.0,2.0,2.0,3.0,2.0,,
US,United States,2020-12-05,-20.0,-6.0,-9.0,-33.0,-9.0,6.0,71.76,3.0,2.0,2.0,4.0,1.0,2.0,2.0,3.0,2.0,,
US,United States,2020-12-06,-20.0,-9.0,-14.0,-35.0,-14.0,5.0,71.76,3.0,2.0,2.0,4.0,1.0,2.0,2.0,3.0,2.0,,
US,United States,2020-12-07,-21.0,-9.0,-22.0,-40.0,-33.0,11.0,71.76,3.0,2.0,2.0,4.0,1.0,2.0,2.0,3.0,2.0,,
US,United States,2020-12-08,-20.0,-8.0,-18.0,-40.0,-32.0,11.0,71.76,3.0,2.0,2.0,4.0,1.0,2.0,2.0,3.0,2.0,,
US,United States,2020-12-09,-19.0,-8.0,-12.0,-39.0,-32.0,11.0,71.76,3.0,2.0,2.0,4.0,1.0,2.0,2.0,3.0,2.0,,
US,United States,2020-12-10,-19.0,-6.0,-9.0,-38.0,-32.0,11.0,71.76,3.0,2.0,2.0,4.0,1.0,2.0,2.0,3.0,2.0,,
US,United States,2020-12-11,-21.0,-9.0,-16.0,-38.0,-31.0,12.0,71.76,3.0,2.0,2.0,4.0,1.0,2.0,2.0,3.0,2.0,,
US,United States,2020-12-12,-20.0,-5.0,-11.0,-32.0,-10.0,6.0,71.76,3.0,2.0,2.0,4.0,1.0,2.0,2.0,3.0,2.0,,
US,United States,2020-12-13,-21.0,-8.0,-16.0,-35.0,-15.0,6.0,71.76,3.0,2.0,2.0,4.0,1.0,2.0,2.0,3.0,2.0,,
US,United States,2020-12-14,-20.0,-8.0,-28.0,-41.0,-33.0,11.0,71.76,3.0,2.0,2.0,4.0,1.0,2.0,2.0,3.0,2.0,,
US,United States,2020-12-15,-17.0,-2.0,-21.0,-38.0,-33.0,11.0,71.76,3.0,2.0,2.0,4.0,1.0,2.0,2.0,3.0,2.0,,
US,United States,2020-12-16,-20.0,-6.0,-27.0,-41.0,-34.0,13.0,71.76,3.0,2.0,2.0,4.0,1.0,2.0,2.0,3.0,2.0,,
US,United States,2020-12-17,-22.0,-9.0,-24.0,-43.0,-37.0,14.0,71.76,3.0,2.0,2.0,4.0,1.0,2.0,2.0,3.0,2.0,,
US,United States,2020-12-18,-19.0,-7.0,-22.0,-36.0,-32.0,12.0,71.76,3.0,2.0,2.0,4.0,1.0,2.0,2.0,3.0,2.0,,
US,United States,2020-12-19,-18.0,-2.0,-16.0,-25.0,-10.0,6.0,71.76,3.0,2.0,2.0,4.0,1.0,2.0,2.0,3.0,2.0,,
US,United States,2020-12-20,-17.0,-4.0,-19.0,-29.0,-13.0,5.0,71.76,3.0,2.0,2.0,4.0,1.0,2.0,2.0,3.0,2.0,,
US,United States,2020-12-21,-8.0,3.0,-9.0,-35.0,-37.0,10.0,71.76,3.0,2.0,2.0,4.0,1.0,2.0,2.0,3.0,2.0,,
US,United States,2020-12-22,-5.0,10.0,-6.0,-33.0,-38.0,10.0,71.76,3.0,2.0,2.0,4.0,1.0,2.0,2.0,3.0,2.0,,
US,United States,2020-12-23,2.0,24.0,-8.0,-30.0,-40.0,10.0,71.76,3.0,2.0,2.0,4.0,1.0,2.0,2.0,3.0,2.0,,
US,United States,2020-12-24,-16.0,27.0,-21.0,-43.0,-61.0,16.0,71.76,3.0,2.0,2.0,4.0,1.0,2.0,2.0,3.0,2.0,,
US,United States,2020-12-25,-82.0,-61.0,-38.0,-67.0,-83.0,27.0,71.76,3.0,2.0,2.0,4.0,1.0,2.0,2.0,3.0,2.0,,
US,United States,2020-12-26,-31.0,-18.0,-21.0,-37.0,-26.0,9.0,71.76,3.0,2.0,2.0,4.0,1.0,2.0,2.0,3.0,2.0,,
US,United States,2020-12-27,-27.0,-18.0,-12.0,-31.0,-18.0,7.0,71.76,3.0,2.0,2.0,4.0,1.0,2.0,2.0,3.0,2.0,,
US,United States,2020-12-28,-17.0,-9.0,-12.0,-40.0,-44.0,14.0,71.76,3.0,2.0,2.0,4.0,1.0,2.0,2.0,3.0,2.0,,
US,United States,2020-12-29,-17.0,-6.0,-8.0,-39.0,-45.0,14.0,71.76,3.0,2.0,2.0,4.0,1.0,2.0,2.0,3.0,2.0,,
US,United States,2020-12-30,-13.0,0.0,-11.0,-37.0,-44.0,14.0,71.76,3.0,2.0,2.0,4.0,1.0,2.0,2.0,3.0,2.0,,
US,United States,2020-12-31,-9.0,19.0,-12.0,-42.0,-52.0,15.0,71.76,3.0,2.0,2.0,4.0,1.0,2.0,2.0,3.0,2.0,,
US,United States,2021-01-01,-47.0,-37.0,-21.0,-62.0,-75.0,27.0,71.76,3.0,2.0,2.0,4.0,1.0,2.0,2.0,3.0,2.0,,
US,United States,2021-01-02,-26.0,-13.0,-14.0,-33.0,-21.0,9.0,71.76,3.0,2.0,2.0,4.0,1.0,2.0,2.0,3.0,2.0,,
US,United States,2021-01-03,-27.0,-16.0,-24.0,-33.0,-17.0,7.0,71.76,3.0,2.0,2.0,4.0,1.0,2.0,2.0,3.0,2.0,,
US,United States,2021-01-04,-19.0,-8.0,-23.0,-39.0,-34.0,12.0,71.76,3.0,2.0,2.0,4.0,1.0,2.0,2.0,3.0,2.0,,
US,United States,2021-01-05,-20.0,-6.0,-20.0,-39.0,-34.0,12.0,71.76,3.0,2.0,2.0,4.0,1.0,2.0,2.0,3.0,2.0,,
US,United States,2021-01-06,-22.0,-11.0,-22.0,-41.0,-33.0,13.0,71.76,3.0,2.0,2.0,4.0,1.0,2.0,2.0,3.0,2.0,,
US,United States,2021-01-07,-24.0,-10.0,-22.0,-41.0,-33.0,13.0,71.76,3.0,2.0,2.0,4.0,1.0,2.0,2.0,3.0,2.0,,
US,United States,2021-01-08,-26.0,-14.0,-29.0,-42.0,-32.0,13.0,71.76,3.0,2.0,2.0,4.0,1.0,2.0,2.0,3.0,2.0,,
US,United States,2021-01-09,-23.0,-9.0,-20.0,-35.0,-12.0,8.0,71.76,3.0,2.0,2.0,4.0,1.0,2.0,2.0,3.0,2.0,,
US,United States,2021-01-10,-26.0,-13.0,-22.0,-38.0,-17.0,7.0,71.76,3.0,2.0,2.0,4.0,1.0,2.0,2.0,3.0,2.0,,
US,United States,2021-01-11,-25.0,-12.0,-28.0,-42.0,-33.0,12.0,71.76,3.0,2.0,2.0,4.0,1.0,2.0,2.0,3.0,2.0,,
US,United States,2021-01-12,-23.0,-10.0,-22.0,-41.0,-33.0,12.0,71.76,3.0,2.0,2.0,4.0,1.0,2.0,2.0,3.0,2.0,,
US,United States,2021-01-13,-23.0,-12.0,-18.0,-41.0,-33.0,12.0,71.76,3.0,2.0,2.0,4.0,1.0,2.0,2.0,3.0,2.0,,
US,United States,2021-01-14,-25.0,-13.0,-17.0,-41.0,-33.0,12.0,71.76,3.0,2.0,2.0,4.0,1.0,2.0,2.0,3.0,2.0,,
US,United States,2021-01-15,-27.0,-16.0,-25.0,-41.0,-33.0,13.0,71.76,3.0,2.0,2.0,4.0,1.0,2.0,2.0,3.0,2.0,,
US,United States,2021-01-16,-25.0,-12.0,-14.0,-36.0,-14.0,7.0,71.76,3.0,2.0,2.0,4.0,1.0,2.0,2.0,3.0,2.0,,
US,United States,2021-01-17,-25.0,-15.0,-11.0,-38.0,-18.0,6.0,71.76,3.0,2.0,2.0,4.0,1.0,2.0,2.0,3.0,2.0,,
US,United States,2021-01-18,-22.0,-14.0,-8.0,-44.0,-46.0,14.0,71.76,3.0,2.0,2.0,4.0,1.0,2.0,2.0,3.0,2.0,,
US,United States,2021-01-19,-26.0,-12.0,-23.0,-42.0,-34.0,12.0,71.76,3.0,2.0,2.0,4.0,1.0,2.0,2.0,3.0,2.0,,
US,United States,2021-01-20,-26.0,-16.0,-22.0,-43.0,-33.0,12.0,71.76,3.0,2.0,2.0,4.0,1.0,2.0,2.0,3.0,2.0,,
US,United States,2021-01-21,-26.0,-13.0,-19.0,-42.0,-32.0,12.0,71.76,3.0,2.0,2.0,4.0,1.0,2.0,2.0,3.0,2.0,,
US,United States,2021-01-22,-26.0,-14.0,-25.0,-41.0,-31.0,12.0,71.76,3.0,2.0,2.0,4.0,1.0,2.0,2.0,3.0,2.0,,
US,United States,2021-01-23,-25.0,-12.0,-19.0,-38.0,-13.0,7.0,71.76,3.0,2.0,2.0,4.0,1.0,2.0,2.0,3.0,2.0,,
US,United States,2021-01-24,-28.0,-16.0,-28.0,-40.0,-17.0,7.0,71.76,3.0,2.0,2.0,4.0,1.0,2.0,2.0,3.0,2.0,,
US,United States,2021-01-25,-28.0,-16.0,-31.0,-44.0,-33.0,12.0,71.76,3.0,2.0,2.0,4.0,1.0,2.0,2.0,3.0,2.0,,
US,United States,2021-01-26,-28.0,-17.0,-27.0,-44.0,-35.0,13.0,71.76,3.0,2.0,2.0,4.0,1.0,2.0,2.0,3.0,2.0,,
US,United States,2021-01-27,-25.0,-15.0,-27.0,-42.0,-33.0,12.0,71.76,3.0,2.0,2.0,4.0,1.0,2.0,2.0,3.0,2.0,,
US,United States,2021-01-28,-26.0,-14.0,-27.0,-42.0,-32.0,12.0,71.76,3.0,2.0,2.0,4.0,1.0,2.0,2.0,3.0,2.0,,
US,United States,2021-01-29,-25.0,-15.0,-29.0,-42.0,-31.0,12.0,71.76,3.0,2.0,2.0,4.0,1.0,2.0,2.0,3.0,2.0,,
US,United States,2021-01-30,-22.0,-8.0,-15.0,-36.0,-12.0,6.0,71.76,3.0,2.0,2.0,4.0,1.0,2.0,2.0,3.0,2.0,,
US,United States,2021-01-31,-27.0,-16.0,-22.0,-39.0,-18.0,7.0,71.76,3.0,2.0,2.0,4.0,1.0,2.0,2.0,3.0,2.0,,
